VM,Powerstate,Template,SRM Placeholder,Disk,Disk Key,Disk UUID,Disk Path,Capacity MiB,Raw,Disk Mode,Sharing mode,Thin,Eagerly Scrub,Split,Write Through,Level,Shares,Reservation,Limit,Controller,Label,SCSI Unit #,Unit #,Shared Bus,Path,Raw LUN ID,Raw Comp. Mode,Internal Sort Column,Annotation,CBT Reset Lock,NB_LAST_BACKUP,DataProtection,Datacenter,Cluster,Host,Folder,OS according to the configuration file,OS according to the VMware Tools,VM ID,VM UUID,VI SDK Server,VI SDK UUID
PRD-FS-001,poweredOn,False,False,Hard disk 1,2000,6000C2993ad4d4c4a0493ed9a5d83148,[prod-vmfs-02] PRD-FS-001/PRD-FS-001.vmdk,61440,False,persistent,sharingNone,True,False,False,False,normal,1000,0,-1,LSI Logic SAS,Hard disk 1,0:0,0,noSharing,[prod-vmfs-02] PRD-FS-001/PRD-FS-001.vmdk,,,0,,,,,DC-East,Prod-Cluster,esx-prod03.corp.example,Prod,Microsoft Windows Server 2016 or later (64-bit),Microsoft Windows Server 2022 Datacenter,vm-1000,42d8f5645be6128e18c267976142ea7d,vcsa01.corp.example,5f3c9a8e-1b2d-4c7e-9a10-2f6b8d4e7c31
PRD-FS-001,poweredOn,False,False,Hard disk 2,2001,6000C29837809a0a4098de31d7f3b054,[prod-vmfs-02] PRD-FS-001/PRD-FS-001_1.vmdk,2048000,False,persistent,sharingNone,False,False,False,False,normal,1000,0,-1,LSI Logic SAS,Hard disk 2,0:1,1,noSharing,[prod-vmfs-02] PRD-FS-001/PRD-FS-001_1.vmdk,,,1,Owner: app-team,,,,DC-East,Prod-Cluster,esx-prod03.corp.example,Prod,Microsoft Windows Server 2016 or later (64-bit),Microsoft Windows Server 2022 Datacenter,vm-1000,42d8f5645be6128e18c267976142ea7d,vcsa01.corp.example,5f3c9a8e-1b2d-4c7e-9a10-2f6b8d4e7c31
PRD-FS-001,poweredOn,False,False,Hard disk 3,2002,6000C292d45fd39a376788ab032a0c06,[prod-vmfs-01] PRD-FS-001/PRD-FS-001_2.vmdk,2048000,False,persistent,sharingNone,True,False,False,False,normal,1000,0,-1,LSI Logic SAS,Hard disk 3,0:2,2,noSharing,[prod-vmfs-01] PRD-FS-001/PRD-FS-001_2.vmdk,,,2,,,,,DC-East,Prod-Cluster,esx-prod03.corp.example,Prod,Microsoft Windows Server 2016 or later (64-bit),Microsoft Windows Server 2022 Datacenter,vm-1000,42d8f5645be6128e18c267976142ea7d,vcsa01.corp.example,5f3c9a8e-1b2d-4c7e-9a10-2f6b8d4e7c31
PRD-RDS-002,poweredOn,False,False,Hard disk 1,2000,6000C29907fcb800da4954080011be30,[prod-vmfs-03] PRD-RDS-002/PRD-RDS-002.vmdk,81920,False,persistent,sharingNone,True,False,False,False,normal,1000,0,-1,LSI Logic SAS,Hard disk 1,0:0,0,noSharing,[prod-vmfs-03] PRD-RDS-002/PRD-RDS-002.vmdk,,,0,Owner: app-team,,,,DC-East,Prod-Cluster,esx-prod05.corp.example,Prod,Microsoft Windows Server 2019 (64-bit),Microsoft Windows Server 2019 Standard,vm-1001,42e2acf79e574f7aa0ee89aed453dd32,vcsa01.corp.example,5f3c9a8e-1b2d-4c7e-9a10-2f6b8d4e7c31
PRD-APP-003,poweredOn,False,False,Hard disk 1,2000,6000C2941ebd55b6e60584a208f548e7,[prod-vmfs-01] PRD-APP-003/PRD-APP-003.vmdk,40960,False,persistent,sharingNone,True,False,False,False,normal,1000,0,-1,LSI Logic SAS,Hard disk 1,0:0,0,noSharing,[prod-vmfs-01] PRD-APP-003/PRD-APP-003.vmdk,,,0,Owner: app-team,,,,DC-East,Prod-Cluster,esx-prod01.corp.example,Prod,Microsoft Windows Server 2012 (64-bit),Microsoft Windows Server 2012 R2 Standard,vm-1002,42472947614ff3d719db3ad0ddd1dfb2,vcsa01.corp.example,5f3c9a8e-1b2d-4c7e-9a10-2f6b8d4e7c31
PRD-APP-003,poweredOn,False,False,Hard disk 2,2001,6000C29eeea7a67fee1cb89a74f935ca,[prod-vmfs-01] PRD-APP-003/PRD-APP-003_1.vmdk,102400,False,persistent,sharingNone,True,False,False,False,normal,1000,0,-1,LSI Logic SAS,Hard disk 2,0:1,1,noSharing,[prod-vmfs-01] PRD-APP-003/PRD-APP-003_1.vmdk,,,1,,,,,DC-East,Prod-Cluster,esx-prod01.corp.example,Prod,Microsoft Windows Server 2012 (64-bit),Microsoft Windows Server 2012 R2 Standard,vm-1002,42472947614ff3d719db3ad0ddd1dfb2,vcsa01.corp.example,5f3c9a8e-1b2d-4c7e-9a10-2f6b8d4e7c31
PRD-SQL-004,poweredOn,False,False,Hard disk 1,2000,6000C292b119e78cbb3f429710335eb4,[prod-vmfs-03] PRD-SQL-004/PRD-SQL-004.vmdk,61440,False,persistent,sharingNone,True,False,False,False,normal,1000,0,-1,VMware paravirtual SCSI,Hard disk 1,0:0,0,noSharing,[prod-vmfs-03] PRD-SQL-004/PRD-SQL-004.vmdk,,,0,Owner: app-team,,,,DC-East,Prod-Cluster,esx-prod02.corp.example,Prod,Microsoft Windows Server 2012 (64-bit),Microsoft Windows Server 2012 R2 Standard,vm-1003,4288bd642bcfbe01a28defe39bf00273,vcsa01.corp.example,5f3c9a8e-1b2d-4c7e-9a10-2f6b8d4e7c31
PRD-SQL-004,poweredOn,False,False,Hard disk 2,2001,6000C290609eed33ad92abbf65c51c9a,[prod-vmfs-03] PRD-SQL-004/PRD-SQL-004_1.vmdk,256000,False,persistent,sharingNone,True,False,False,False,normal,1000,0,-1,VMware paravirtual SCSI,Hard disk 2,0:1,1,noSharing,[prod-vmfs-03] PRD-SQL-004/PRD-SQL-004_1.vmdk,,,1,Owner: app-team,,,,DC-East,Prod-Cluster,esx-prod02.corp.example,Prod,Microsoft Windows Server 2012 (64-bit),Microsoft Windows Server 2012 R2 Standard,vm-1003,4288bd642bcfbe01a28defe39bf00273,vcsa01.corp.example,5f3c9a8e-1b2d-4c7e-9a10-2f6b8d4e7c31
PRD-WEB-005,poweredOn,False,False,Hard disk 1,2000,6000C29c72af6a55b08e8dd43c1d10be,[prod-vmfs-01] PRD-WEB-005/PRD-WEB-005.vmdk,81920,False,persistent,sharingNone,False,False,False,False,normal,1000,0,-1,BusLogic,Hard disk 1,0:0,0,noSharing,[prod-vmfs-01] PRD-WEB-005/PRD-WEB-005.vmdk,,,0,Owner: app-team,,,,DC-East,Prod-Cluster,esx-prod06.corp.example,Prod,Microsoft Windows Server 2008 R2 (64-bit),Microsoft Windows Server 2008 R2 Enterprise,vm-1004,423aa2e40e51f30dc6a7ee39c4b032cc,vcsa01.corp.example,5f3c9a8e-1b2d-4c7e-9a10-2f6b8d4e7c31
PRD-WEB-005,poweredOn,False,False,Hard disk 2,2001,6000C299df9f10990b4ba6c4a6725796,[prod-vmfs-01] PRD-WEB-005/PRD-WEB-005_1.vmdk,102400,False,persistent,sharingNone,True,False,False,False,normal,1000,0,-1,BusLogic,Hard disk 2,0:1,1,noSharing,[prod-vmfs-01] PRD-WEB-005/PRD-WEB-005_1.vmdk,,,1,,,,,DC-East,Prod-Cluster,esx-prod06.corp.example,Prod,Microsoft Windows Server 2008 R2 (64-bit),Microsoft Windows Server 2008 R2 Enterprise,vm-1004,423aa2e40e51f30dc6a7ee39c4b032cc,vcsa01.corp.example,5f3c9a8e-1b2d-4c7e-9a10-2f6b8d4e7c31
PRD-WEB-006,poweredOn,False,False,Hard disk 1,2000,6000C2926831429e58c714f2a3aa1839,[prod-vmfs-02] PRD-WEB-006/PRD-WEB-006.vmdk,61440,False,persistent,sharingNone,True,False,False,False,normal,1000,0,-1,VMware paravirtual SCSI,Hard disk 1,0:0,0,noSharing,[prod-vmfs-02] PRD-WEB-006/PRD-WEB-006.vmdk,,,0,,,,,DC-East,Prod-Cluster,esx-prod01.corp.example,Prod,Microsoft Windows Server 2019 (64-bit),Microsoft Windows Server 2019 Standard,vm-1005,42ea1fcae27a984d654821d07fcd9eb1,vcsa01.corp.example,5f3c9a8e-1b2d-4c7e-9a10-2f6b8d4e7c31
PRD-WEB-007,poweredOn,False,False,Hard disk 1,2000,6000C29adc9eec0b8a09c8b4c0f2b34e,[prod-vmfs-04] PRD-WEB-007/PRD-WEB-007.vmdk,81920,False,persistent,sharingNone,True,False,False,False,normal,1000,0,-1,VMware paravirtual SCSI,Hard disk 1,0:0,0,noSharing,[prod-vmfs-04] PRD-WEB-007/PRD-WEB-007.vmdk,,,0,Owner: app-team,,,,DC-East,Prod-Cluster,esx-prod06.corp.example,Prod,Microsoft Windows Server 2016 (64-bit),Microsoft Windows Server 2016 Standard,vm-1006,423825675cabcc97663f1c97956269f0,vcsa01.corp.example,5f3c9a8e-1b2d-4c7e-9a10-2f6b8d4e7c31
PRD-WEB-007,poweredOn,False,False,Hard disk 2,2001,6000C29e81a0578257ec95f30af20a23,[prod-vmfs-03] PRD-WEB-007/PRD-WEB-007_1.vmdk,256000,False,persistent,sharingNone,True,False,False,False,normal,1000,0,-1,VMware paravirtual SCSI,Hard disk 2,0:1,1,noSharing,[prod-vmfs-03] PRD-WEB-007/PRD-WEB-007_1.vmdk,,,1,,,,,DC-East,Prod-Cluster,esx-prod06.corp.example,Prod,Microsoft Windows Server 2016 (64-bit),Microsoft Windows Server 2016 Standard,vm-1006,423825675cabcc97663f1c97956269f0,vcsa01.corp.example,5f3c9a8e-1b2d-4c7e-9a10-2f6b8d4e7c31
PRD-APP-008,poweredOn,False,False,Hard disk 1,2000,6000C29a8cea3275ef3bbcb5413524d3,[prod-vmfs-03] PRD-APP-008/PRD-APP-008.vmdk,40960,False,persistent,sharingNone,True,False,False,False,normal,1000,0,-1,LSI Logic,Hard disk 1,0:0,0,noSharing,[prod-vmfs-03] PRD-APP-008/PRD-APP-008.vmdk,,,0,,,,,DC-East,Prod-Cluster,esx-prod01.corp.example,Prod,CentOS 7 (64-bit),CentOS Linux 7 (Core),vm-1007,4210435a98ae43346c12ace8ae340454,vcsa01.corp.example,5f3c9a8e-1b2d-4c7e-9a10-2f6b8d4e7c31
PRD-APP-008,poweredOn,False,False,Hard disk 2,2001,6000C29baf1b53163a0e681bbd5db7a4,[prod-vmfs-03] PRD-APP-008/PRD-APP-008_1.vmdk,1024000,False,persistent,sharingNone,True,False,False,False,normal,1000,0,-1,LSI Logic,Hard disk 2,0:1,1,noSharing,[prod-vmfs-03] PRD-APP-008/PRD-APP-008_1.vmdk,,,1,,,,,DC-East,Prod-Cluster,esx-prod01.corp.example,Prod,CentOS 7 (64-bit),CentOS Linux 7 (Core),vm-1007,4210435a98ae43346c12ace8ae340454,vcsa01.corp.example,5f3c9a8e-1b2d-4c7e-9a10-2f6b8d4e7c31
PRD-APP-008,poweredOn,False,False,Hard disk 3,2002,6000C29b535322bf1dee8ebf7d3ae67e,[prod-vmfs-03] PRD-APP-008/PRD-APP-008_2.vmdk,2048000,False,persistent,sharingNone,True,False,False,False,normal,1000,0,-1,LSI Logic,Hard disk 3,0:2,2,noSharing,[prod-vmfs-03] PRD-APP-008/PRD-APP-008_2.vmdk,,,2,,,,,DC-East,Prod-Cluster,esx-prod01.corp.example,Prod,CentOS 7 (64-bit),CentOS Linux 7 (Core),vm-1007,4210435a98ae43346c12ace8ae340454,vcsa01.corp.example,5f3c9a8e-1b2d-4c7e-9a10-2f6b8d4e7c31
PRD-WEB-009,poweredOn,False,False,Hard disk 1,2000,6000C294f33a72c8b1e76ab9127c22f0,[prod-vmfs-04] PRD-WEB-009/PRD-WEB-009.vmdk,61440,False,persistent,sharingNone,True,False,False,False,normal,1000,0,-1,LSI Logic SAS,Hard disk 1,0:0,0,noSharing,[prod-vmfs-04] PRD-WEB-009/PRD-WEB-009.vmdk,,,0,Owner: app-team,,,,DC-East,Prod-Cluster,esx-prod05.corp.example,Prod,CentOS 7 (64-bit),CentOS Linux 7 (Core),vm-1008,42c039878976e334e2817efdae849217,vcsa01.corp.example,5f3c9a8e-1b2d-4c7e-9a10-2f6b8d4e7c31
PRD-WEB-009,poweredOn,False,False,Hard disk 2,2001,6000C293d34266c94d88136e67f778de,[prod-vmfs-04] PRD-WEB-009/PRD-WEB-009_1.vmdk,512000,False,persistent,sharingNone,True,False,False,False,normal,1000,0,-1,LSI Logic SAS,Hard disk 2,0:1,1,noSharing,[prod-vmfs-04] PRD-WEB-009/PRD-WEB-009_1.vmdk,,,1,,,,,DC-East,Prod-Cluster,esx-prod05.corp.example,Prod,CentOS 7 (64-bit),CentOS Linux 7 (Core),vm-1008,42c039878976e334e2817efdae849217,vcsa01.corp.example,5f3c9a8e-1b2d-4c7e-9a10-2f6b8d4e7c31
PRD-WEB-010,poweredOff,False,False,Hard disk 1,2000,6000C29657d9f6474cdaebf498f9bfb4,[prod-vmfs-04] PRD-WEB-010/PRD-WEB-010.vmdk,61440,False,independent_persistent,sharingNone,False,False,False,False,normal,1000,0,-1,LSI Logic SAS,Hard disk 1,0:0,0,noSharing,[prod-vmfs-04] PRD-WEB-010/PRD-WEB-010.vmdk,,,0,,,,,DC-East,Prod-Cluster,esx-prod04.corp.example,Prod,Microsoft Windows Server 2019 (64-bit),,vm-1009,42e9a1fa81f76d1c2dbc2134c30ff46e,vcsa01.corp.example,5f3c9a8e-1b2d-4c7e-9a10-2f6b8d4e7c31
PRD-WEB-010,poweredOff,False,False,Hard disk 2,2001,6000C2999e87ad6d6db3bda54dc4f59c,[prod-vmfs-04] PRD-WEB-010/PRD-WEB-010_1.vmdk,1024000,False,persistent,sharingNone,False,False,False,False,normal,1000,0,-1,LSI Logic SAS,Hard disk 2,0:1,1,noSharing,[prod-vmfs-04] PRD-WEB-010/PRD-WEB-010_1.vmdk,,,1,,,,,DC-East,Prod-Cluster,esx-prod04.corp.example,Prod,Microsoft Windows Server 2019 (64-bit),,vm-1009,42e9a1fa81f76d1c2dbc2134c30ff46e,vcsa01.corp.example,5f3c9a8e-1b2d-4c7e-9a10-2f6b8d4e7c31
PRD-SVC-011,poweredOn,False,False,Hard disk 1,2000,6000C29ff2f9ade159debc39e171582b,[prod-vmfs-03] PRD-SVC-011/PRD-SVC-011.vmdk,61440,False,persistent,sharingNone,True,False,False,False,normal,1000,0,-1,VMware paravirtual SCSI,Hard disk 1,0:0,0,noSharing,[prod-vmfs-03] PRD-SVC-011/PRD-SVC-011.vmdk,,,0,,,,,DC-East,Prod-Cluster,esx-prod05.corp.example,Prod,Microsoft Windows Server 2019 (64-bit),Microsoft Windows Server 2019 Standard,vm-1010,42eb226387c5421eec24a3c5c754108f,vcsa01.corp.example,5f3c9a8e-1b2d-4c7e-9a10-2f6b8d4e7c31
PRD-SVC-011,poweredOn,False,False,Hard disk 2,2001,6000C2906145897206fef9eafea09deb,[prod-vmfs-03] PRD-SVC-011/PRD-SVC-011_1.vmdk,512000,False,persistent,sharingNone,True,False,False,False,normal,1000,0,-1,VMware paravirtual SCSI,Hard disk 2,0:1,1,noSharing,[prod-vmfs-03] PRD-SVC-011/PRD-SVC-011_1.vmdk,,,1,,,,,DC-East,Prod-Cluster,esx-prod05.corp.example,Prod,Microsoft Windows Server 2019 (64-bit),Microsoft Windows Server 2019 Standard,vm-1010,42eb226387c5421eec24a3c5c754108f,vcsa01.corp.example,5f3c9a8e-1b2d-4c7e-9a10-2f6b8d4e7c31
PRD-APP-012,poweredOn,False,False,Hard disk 1,2000,6000C29adcdb002197eaf79c20ddc8b1,[prod-vmfs-05] PRD-APP-012/PRD-APP-012.vmdk,40960,False,persistent,sharingNone,False,False,False,False,normal,1000,0,-1,VMware paravirtual SCSI,Hard disk 1,0:0,0,noSharing,[prod-vmfs-05] PRD-APP-012/PRD-APP-012.vmdk,,,0,,,,,DC-East,Prod-Cluster,esx-prod03.corp.example,Prod,CentOS 7 (64-bit),CentOS Linux 7 (Core),vm-1011,4214296cf26b4776913e4de2e0c53cb8,vcsa01.corp.example,5f3c9a8e-1b2d-4c7e-9a10-2f6b8d4e7c31
PRD-SVC-013,poweredOn,False,False,Hard disk 1,2000,6000C2940a3169f729a9bbf0da8295a0,[prod-vmfs-02] PRD-SVC-013/PRD-SVC-013.vmdk,61440,False,persistent,sharingNone,False,True,False,False,normal,1000,0,-1,LSI Logic SAS,Hard disk 1,0:0,0,noSharing,[prod-vmfs-02] PRD-SVC-013/PRD-SVC-013.vmdk,,,0,,,,,DC-East,Prod-Cluster,esx-prod02.corp.example,Prod,Microsoft Windows Server 2019 (64-bit),Microsoft Windows Server 2019 Standard,vm-1012,426c52c49b49bd26df57c59a8715a103,vcsa01.corp.example,5f3c9a8e-1b2d-4c7e-9a10-2f6b8d4e7c31
PRD-WEB-014,poweredOn,False,False,Hard disk 1,2000,6000C297d87534bf9564d4c1aedb4262,[prod-vmfs-03] PRD-WEB-014/PRD-WEB-014.vmdk,102400,False,persistent,sharingNone,True,False,False,False,normal,1000,0,-1,VMware paravirtual SCSI,Hard disk 1,0:0,0,noSharing,[prod-vmfs-03] PRD-WEB-014/PRD-WEB-014.vmdk,,,0,Owner: app-team,,,,DC-East,Prod-Cluster,esx-prod06.corp.example,Prod,Microsoft Windows Server 2016 or later (64-bit),Microsoft Windows Server 2022 Datacenter,vm-1013,421efa217394988f847fd9b4e64d1bcb,vcsa01.corp.example,5f3c9a8e-1b2d-4c7e-9a10-2f6b8d4e7c31
PRD-WEB-014,poweredOn,False,False,Hard disk 2,2001,6000C29fb36651c5cef483f671d5a861,[prod-vmfs-01] PRD-WEB-014/PRD-WEB-014_1.vmdk,768000,False,persistent,sharingNone,True,False,False,False,normal,1000,0,-1,VMware paravirtual SCSI,Hard disk 2,0:1,1,noSharing,[prod-vmfs-01] PRD-WEB-014/PRD-WEB-014_1.vmdk,,,1,,,,,DC-East,Prod-Cluster,esx-prod06.corp.example,Prod,Microsoft Windows Server 2016 or later (64-bit),Microsoft Windows Server 2022 Datacenter,vm-1013,421efa217394988f847fd9b4e64d1bcb,vcsa01.corp.example,5f3c9a8e-1b2d-4c7e-9a10-2f6b8d4e7c31
PRD-WEB-014,poweredOn,False,False,Hard disk 3,2002,6000C29223a2f59c2a184cbc19fe6052,[prod-vmfs-03] PRD-WEB-014/PRD-WEB-014_2.vmdk,2048000,False,persistent,sharingNone,False,False,False,False,normal,1000,0,-1,VMware paravirtual SCSI,Hard disk 3,0:2,2,noSharing,[prod-vmfs-03] PRD-WEB-014/PRD-WEB-014_2.vmdk,,,2,,,,,DC-East,Prod-Cluster,esx-prod06.corp.example,Prod,Microsoft Windows Server 2016 or later (64-bit),Microsoft Windows Server 2022 Datacenter,vm-1013,421efa217394988f847fd9b4e64d1bcb,vcsa01.corp.example,5f3c9a8e-1b2d-4c7e-9a10-2f6b8d4e7c31
PRD-CTX-015,poweredOn,False,False,Hard disk 1,2000,6000C2975b8e76fdaa29ee4cf2db83c8,[prod-vmfs-03] PRD-CTX-015/PRD-CTX-015.vmdk,81920,False,persistent,sharingNone,True,False,False,False,normal,1000,0,-1,LSI Logic SAS,Hard disk 1,0:0,0,noSharing,[prod-vmfs-03] PRD-CTX-015/PRD-CTX-015.vmdk,,,0,,,,,DC-East,Prod-Cluster,esx-prod05.corp.example,Prod,Microsoft Windows Server 2019 (64-bit),Microsoft Windows Server 2019 Standard,vm-1014,421141253a9bedd40f1259e0a18ff6b6,vcsa01.corp.example,5f3c9a8e-1b2d-4c7e-9a10-2f6b8d4e7c31
PRD-CTX-015,poweredOn,False,False,Hard disk 2,2001,6000C29ee81800643e447305eb55920d,[prod-vmfs-05] PRD-CTX-015/PRD-CTX-015_1.vmdk,256000,False,persistent,sharingNone,True,False,False,False,normal,1000,0,-1,LSI Logic SAS,Hard disk 2,0:1,1,noSharing,[prod-vmfs-05] PRD-CTX-015/PRD-CTX-015_1.vmdk,,,1,,,,,DC-East,Prod-Cluster,esx-prod05.corp.example,Prod,Microsoft Windows Server 2019 (64-bit),Microsoft Windows Server 2019 Standard,vm-1014,421141253a9bedd40f1259e0a18ff6b6,vcsa01.corp.example,5f3c9a8e-1b2d-4c7e-9a10-2f6b8d4e7c31
PRD-WEB-016,poweredOn,False,False,Hard disk 1,2000,6000C2980f5bc40c5f321f6d02dd95c2,[prod-vmfs-03] PRD-WEB-016/PRD-WEB-016.vmdk,40960,False,persistent,sharingNone,True,False,False,False,normal,1000,0,-1,LSI Logic SAS,Hard disk 1,0:0,0,noSharing,[prod-vmfs-03] PRD-WEB-016/PRD-WEB-016.vmdk,,,0,,,,,DC-East,Prod-Cluster,esx-prod03.corp.example,Prod,Microsoft Windows Server 2012 (64-bit),Microsoft Windows Server 2012 R2 Standard,vm-1015,4293829b922fe15ae1e3db63ef7ddc76,vcsa01.corp.example,5f3c9a8e-1b2d-4c7e-9a10-2f6b8d4e7c31
PRD-FS-017,poweredOn,False,False,Hard disk 1,2000,6000C29aa22646f58d938a78634aa1a4,[prod-vmfs-05] PRD-FS-017/PRD-FS-017.vmdk,61440,False,persistent,sharingNone,True,False,False,False,normal,1000,0,-1,LSI Logic SAS,Hard disk 1,0:0,0,noSharing,[prod-vmfs-05] PRD-FS-017/PRD-FS-017.vmdk,,,0,,,,,DC-East,Prod-Cluster,esx-prod02.corp.example,Prod,Microsoft Windows Server 2019 (64-bit),Microsoft Windows Server 2019 Standard,vm-1016,42baa4b7dd2467ac778eedb3693dffbc,vcsa01.corp.example,5f3c9a8e-1b2d-4c7e-9a10-2f6b8d4e7c31
PRD-APP-018,poweredOn,False,False,Hard disk 1,2000,6000C29c520b7950dee4254b0afc13fb,[prod-vmfs-03] PRD-APP-018/PRD-APP-018.vmdk,61440,False,persistent,sharingNone,False,False,False,False,normal,1000,0,-1,LSI Logic SAS,Hard disk 1,0:0,0,noSharing,[prod-vmfs-03] PRD-APP-018/PRD-APP-018.vmdk,,,0,,,,,DC-East,Prod-Cluster,esx-prod04.corp.example,Prod,Red Hat Enterprise Linux 8 (64-bit),Red Hat Enterprise Linux 8.8 (Ootpa),vm-1017,426c006f23e2fcb472d8567d894a05e4,vcsa01.corp.example,5f3c9a8e-1b2d-4c7e-9a10-2f6b8d4e7c31
PRD-APP-019,poweredOn,False,False,Hard disk 1,2000,6000C29810fb436c6ad5401e07e9fb0b,[prod-vmfs-03] PRD-APP-019/PRD-APP-019.vmdk,102400,False,persistent,sharingNone,True,False,False,False,normal,1000,0,-1,VMware paravirtual SCSI,Hard disk 1,0:0,0,noSharing,[prod-vmfs-03] PRD-APP-019/PRD-APP-019.vmdk,,,0,Owner: app-team,,,,DC-East,Prod-Cluster,esx-prod04.corp.example,Prod,Red Hat Enterprise Linux 9 (64-bit),Red Hat Enterprise Linux 9.2 (Plow),vm-1018,4203c72bd605e7708a63f881ffd0f9d5,vcsa01.corp.example,5f3c9a8e-1b2d-4c7e-9a10-2f6b8d4e7c31
PRD-FS-020,poweredOn,False,False,Hard disk 1,2000,6000C29bd6e9fa04df044782c1e62068,[prod-vmfs-03] PRD-FS-020/PRD-FS-020.vmdk,61440,False,independent_persistent,sharingNone,True,False,False,False,normal,1000,0,-1,VMware paravirtual SCSI,Hard disk 1,0:0,0,noSharing,[prod-vmfs-03] PRD-FS-020/PRD-FS-020.vmdk,,,0,,,,,DC-East,Prod-Cluster,esx-prod04.corp.example,Prod,Microsoft Windows Server 2016 (64-bit),Microsoft Windows Server 2016 Standard,vm-1019,4243e45863f2ae24fc3d3348008d4127,vcsa01.corp.example,5f3c9a8e-1b2d-4c7e-9a10-2f6b8d4e7c31
PRD-FS-020,poweredOn,False,False,Hard disk 2,2001,6000C299aea398c6ec677b258f6875a3,[prod-vmfs-03] PRD-FS-020/PRD-FS-020_1.vmdk,1024000,False,persistent,sharingNone,False,False,False,False,normal,1000,0,-1,VMware paravirtual SCSI,Hard disk 2,0:1,1,noSharing,[prod-vmfs-03] PRD-FS-020/PRD-FS-020_1.vmdk,,,1,,,,,DC-East,Prod-Cluster,esx-prod04.corp.example,Prod,Microsoft Windows Server 2016 (64-bit),Microsoft Windows Server 2016 Standard,vm-1019,4243e45863f2ae24fc3d3348008d4127,vcsa01.corp.example,5f3c9a8e-1b2d-4c7e-9a10-2f6b8d4e7c31
PRD-FS-021,poweredOn,False,False,Hard disk 1,2000,6000C294f8eb51b85938297130f6d8b6,[prod-vmfs-03] PRD-FS-021/PRD-FS-021.vmdk,61440,False,persistent,sharingNone,False,False,False,False,normal,1000,0,-1,VMware paravirtual SCSI,Hard disk 1,0:0,0,noSharing,[prod-vmfs-03] PRD-FS-021/PRD-FS-021.vmdk,,,0,Owner: app-team,,,,DC-East,Prod-Cluster,esx-prod06.corp.example,Prod,SUSE Linux Enterprise 15 (64-bit),SUSE Linux Enterprise Server 15 SP5,vm-1020,4237bb3e4bf50b52309d258c27a0c3d7,vcsa01.corp.example,5f3c9a8e-1b2d-4c7e-9a10-2f6b8d4e7c31
PRD-FS-021,poweredOn,False,False,Hard disk 2,2001,6000C296ad14e5bf848622e355c275e2,[prod-vmfs-03] PRD-FS-021/PRD-FS-021_1.vmdk,204800,False,persistent,sharingNone,True,False,False,False,normal,1000,0,-1,VMware paravirtual SCSI,Hard disk 2,0:1,1,noSharing,[prod-vmfs-03] PRD-FS-021/PRD-FS-021_1.vmdk,,,1,Owner: app-team,,,,DC-East,Prod-Cluster,esx-prod06.corp.example,Prod,SUSE Linux Enterprise 15 (64-bit),SUSE Linux Enterprise Server 15 SP5,vm-1020,4237bb3e4bf50b52309d258c27a0c3d7,vcsa01.corp.example,5f3c9a8e-1b2d-4c7e-9a10-2f6b8d4e7c31
PRD-APP-022,poweredOn,False,False,Hard disk 1,2000,6000C29c991f210234aaf8d43f3d2b89,[prod-vmfs-03] PRD-APP-022/PRD-APP-022.vmdk,81920,False,persistent,sharingNone,False,True,False,False,normal,1000,0,-1,LSI Logic SAS,Hard disk 1,0:0,0,noSharing,[prod-vmfs-03] PRD-APP-022/PRD-APP-022.vmdk,,,0,,,,,DC-East,Prod-Cluster,esx-prod06.corp.example,Prod,Microsoft Windows Server 2016 or later (64-bit),Microsoft Windows Server 2022 Datacenter,vm-1021,42284d8287f7e1fbda4bd9caeb5cf467,vcsa01.corp.example,5f3c9a8e-1b2d-4c7e-9a10-2f6b8d4e7c31
PRD-APP-022,poweredOn,False,False,Hard disk 2,2001,6000C29ae32457302ede3051565e040d,[prod-vmfs-02] PRD-APP-022/PRD-APP-022_1.vmdk,102400,False,persistent,sharingNone,False,False,False,False,normal,1000,0,-1,LSI Logic SAS,Hard disk 2,0:1,1,noSharing,[prod-vmfs-02] PRD-APP-022/PRD-APP-022_1.vmdk,,,1,,,,,DC-East,Prod-Cluster,esx-prod06.corp.example,Prod,Microsoft Windows Server 2016 or later (64-bit),Microsoft Windows Server 2022 Datacenter,vm-1021,42284d8287f7e1fbda4bd9caeb5cf467,vcsa01.corp.example,5f3c9a8e-1b2d-4c7e-9a10-2f6b8d4e7c31
PRD-APP-023,poweredOn,False,False,Hard disk 1,2000,6000C29e746b302f7ebbf6dfed84acc9,[prod-vmfs-03] PRD-APP-023/PRD-APP-023.vmdk,40960,False,persistent,sharingNone,True,False,False,False,normal,1000,0,-1,LSI Logic SAS,Hard disk 1,0:0,0,noSharing,[prod-vmfs-03] PRD-APP-023/PRD-APP-023.vmdk,,,0,,,,,DC-East,Prod-Cluster,esx-prod01.corp.example,Prod,Microsoft Windows Server 2016 (64-bit),Microsoft Windows Server 2016 Standard,vm-1022,423f07f891d63f78e3e9de99f10c718b,vcsa01.corp.example,5f3c9a8e-1b2d-4c7e-9a10-2f6b8d4e7c31
PRD-APP-023,poweredOn,False,False,Hard disk 2,2001,6000C29846ef7aaad2376d229565bc2f,[prod-vmfs-05] PRD-APP-023/PRD-APP-023_1.vmdk,256000,False,persistent,sharingNone,True,False,False,False,normal,1000,0,-1,LSI Logic SAS,Hard disk 2,0:1,1,noSharing,[prod-vmfs-05] PRD-APP-023/PRD-APP-023_1.vmdk,,,1,,,,,DC-East,Prod-Cluster,esx-prod01.corp.example,Prod,Microsoft Windows Server 2016 (64-bit),Microsoft Windows Server 2016 Standard,vm-1022,423f07f891d63f78e3e9de99f10c718b,vcsa01.corp.example,5f3c9a8e-1b2d-4c7e-9a10-2f6b8d4e7c31
PRD-APP-023,poweredOn,False,False,Hard disk 3,2002,6000C29f0d0de1364404fe9a32fe1dea,[prod-vmfs-03] PRD-APP-023/PRD-APP-023_2.vmdk,204800,False,persistent,sharingNone,True,False,False,False,normal,1000,0,-1,LSI Logic SAS,Hard disk 3,0:2,2,noSharing,[prod-vmfs-03] PRD-APP-023/PRD-APP-023_2.vmdk,,,2,,,,,DC-East,Prod-Cluster,esx-prod01.corp.example,Prod,Microsoft Windows Server 2016 (64-bit),Microsoft Windows Server 2016 Standard,vm-1022,423f07f891d63f78e3e9de99f10c718b,vcsa01.corp.example,5f3c9a8e-1b2d-4c7e-9a10-2f6b8d4e7c31
PRD-FS-024,poweredOff,False,False,Hard disk 1,2000,6000C29244b6cc9e890459d78c69e2e8,[prod-vmfs-03] PRD-FS-024/PRD-FS-024.vmdk,102400,False,persistent,sharingNone,True,False,False,False,normal,1000,0,-1,LSI Logic SAS,Hard disk 1,0:0,0,noSharing,[prod-vmfs-03] PRD-FS-024/PRD-FS-024.vmdk,,,0,,,,,DC-East,Prod-Cluster,esx-prod06.corp.example,Prod,Microsoft Windows Server 2016 (64-bit),,vm-1023,42506e5ab758588dab73295b344a54b8,vcsa01.corp.example,5f3c9a8e-1b2d-4c7e-9a10-2f6b8d4e7c31
PRD-FS-024,poweredOff,False,False,Hard disk 2,2001,6000C296afcd2960be36c36decfdceed,[prod-vmfs-03] PRD-FS-024/PRD-FS-024_1.vmdk,102400,False,persistent,sharingNone,True,False,False,False,normal,1000,0,-1,LSI Logic SAS,Hard disk 2,0:1,1,noSharing,[prod-vmfs-03] PRD-FS-024/PRD-FS-024_1.vmdk,,,1,Owner: app-team,,,,DC-East,Prod-Cluster,esx-prod06.corp.example,Prod,Microsoft Windows Server 2016 (64-bit),,vm-1023,42506e5ab758588dab73295b344a54b8,vcsa01.corp.example,5f3c9a8e-1b2d-4c7e-9a10-2f6b8d4e7c31
PRD-FS-024,poweredOff,False,False,Hard disk 3,2002,6000C290910a8ebfa9093889e42cfe33,[prod-vmfs-03] PRD-FS-024/PRD-FS-024_2.vmdk,1024000,False,persistent,sharingNone,False,False,False,False,normal,1000,0,-1,LSI Logic SAS,Hard disk 3,0:2,2,noSharing,[prod-vmfs-03] PRD-FS-024/PRD-FS-024_2.vmdk,,,2,Owner: app-team,,,,DC-East,Prod-Cluster,esx-prod06.corp.example,Prod,Microsoft Windows Server 2016 (64-bit),,vm-1023,42506e5ab758588dab73295b344a54b8,vcsa01.corp.example,5f3c9a8e-1b2d-4c7e-9a10-2f6b8d4e7c31
PRD-WEB-025,poweredOn,False,False,Hard disk 1,2000,6000C29fce4307c42bfddbf938498d35,[prod-vmfs-03] PRD-WEB-025/PRD-WEB-025.vmdk,81920,False,persistent,sharingNone,True,False,False,False,normal,1000,0,-1,VMware paravirtual SCSI,Hard disk 1,0:0,0,noSharing,[prod-vmfs-03] PRD-WEB-025/PRD-WEB-025.vmdk,,,0,,,,,DC-East,Prod-Cluster,esx-prod04.corp.example,Prod,Microsoft Windows Server 2016 or later (64-bit),Microsoft Windows Server 2022 Datacenter,vm-1024,4219985fff002d4d902059e4ff9ab5c2,vcsa01.corp.example,5f3c9a8e-1b2d-4c7e-9a10-2f6b8d4e7c31
PRD-WEB-025,poweredOn,False,False,Hard disk 2,2001,6000C2909dc59ddb8aad970f34010fe9,[prod-vmfs-03] PRD-WEB-025/PRD-WEB-025_1.vmdk,256000,False,persistent,sharingNone,True,False,False,False,normal,1000,0,-1,VMware paravirtual SCSI,Hard disk 2,0:1,1,noSharing,[prod-vmfs-03] PRD-WEB-025/PRD-WEB-025_1.vmdk,,,1,,,,,DC-East,Prod-Cluster,esx-prod04.corp.example,Prod,Microsoft Windows Server 2016 or later (64-bit),Microsoft Windows Server 2022 Datacenter,vm-1024,4219985fff002d4d902059e4ff9ab5c2,vcsa01.corp.example,5f3c9a8e-1b2d-4c7e-9a10-2f6b8d4e7c31
PRD-APP-026,poweredOn,False,False,Hard disk 1,2000,6000C29762fefcaed97eb35599870266,[prod-vmfs-03] PRD-APP-026/PRD-APP-026.vmdk,102400,False,persistent,sharingNone,False,False,False,False,normal,1000,0,-1,VMware paravirtual SCSI,Hard disk 1,0:0,0,noSharing,[prod-vmfs-03] PRD-APP-026/PRD-APP-026.vmdk,,,0,Owner: app-team,,,,DC-East,Prod-Cluster,esx-prod03.corp.example,Prod,CentOS 7 (64-bit),CentOS Linux 7 (Core),vm-1025,42b41b318b10550cd5704f32702cdd20,vcsa01.corp.example,5f3c9a8e-1b2d-4c7e-9a10-2f6b8d4e7c31
PRD-APP-026,poweredOn,False,False,Hard disk 2,2001,6000C29614fdc3a7d8e77ca219b1a043,[prod-vmfs-02] PRD-APP-026/PRD-APP-026_1.vmdk,204800,False,persistent,sharingNone,True,False,False,False,normal,1000,0,-1,VMware paravirtual SCSI,Hard disk 2,0:1,1,noSharing,[prod-vmfs-02] PRD-APP-026/PRD-APP-026_1.vmdk,,,1,,,,,DC-East,Prod-Cluster,esx-prod03.corp.example,Prod,CentOS 7 (64-bit),CentOS Linux 7 (Core),vm-1025,42b41b318b10550cd5704f32702cdd20,vcsa01.corp.example,5f3c9a8e-1b2d-4c7e-9a10-2f6b8d4e7c31
PRD-APP-026,poweredOn,False,False,Hard disk 3,2002,6000C29ebd39e09d267faa8371497c71,[prod-vmfs-03] PRD-APP-026/PRD-APP-026_2.vmdk,204800,False,persistent,sharingNone,False,True,False,False,normal,1000,0,-1,VMware paravirtual SCSI,Hard disk 3,0:2,2,noSharing,[prod-vmfs-03] PRD-APP-026/PRD-APP-026_2.vmdk,,,2,,,,,DC-East,Prod-Cluster,esx-prod03.corp.example,Prod,CentOS 7 (64-bit),CentOS Linux 7 (Core),vm-1025,42b41b318b10550cd5704f32702cdd20,vcsa01.corp.example,5f3c9a8e-1b2d-4c7e-9a10-2f6b8d4e7c31
PRD-APP-027,poweredOn,False,False,Hard disk 1,2000,6000C29260ae9b09aeeb5608b2ed003d,[prod-vmfs-04] PRD-APP-027/PRD-APP-027.vmdk,40960,False,persistent,sharingNone,True,False,False,False,normal,1000,0,-1,VMware paravirtual SCSI,Hard disk 1,0:0,0,noSharing,[prod-vmfs-04] PRD-APP-027/PRD-APP-027.vmdk,,,0,,,,,DC-East,Prod-Cluster,esx-prod06.corp.example,Prod,Red Hat Enterprise Linux 9 (64-bit),Red Hat Enterprise Linux 9.2 (Plow),vm-1026,421d8cbb43b409ef2260e70fe0ccedc5,vcsa01.corp.example,5f3c9a8e-1b2d-4c7e-9a10-2f6b8d4e7c31
PRD-WEB-028,poweredOn,False,False,Hard disk 1,2000,6000C297b963c2fc6fb0d2977daf638b,[prod-vmfs-03] PRD-WEB-028/PRD-WEB-028.vmdk,102400,False,persistent,sharingNone,True,False,False,False,normal,1000,0,-1,VMware paravirtual SCSI,Hard disk 1,0:0,0,noSharing,[prod-vmfs-03] PRD-WEB-028/PRD-WEB-028.vmdk,,,0,,,,,DC-East,Prod-Cluster,esx-prod03.corp.example,Prod,Microsoft Windows Server 2016 (64-bit),Microsoft Windows Server 2016 Standard,vm-1027,4281627c439472e6da587e8aa25d6b29,vcsa01.corp.example,5f3c9a8e-1b2d-4c7e-9a10-2f6b8d4e7c31
PRD-WEB-028,poweredOn,False,False,Hard disk 2,2001,6000C2954142d00e6ff6fa9a16e6e8fc,[prod-vmfs-03] PRD-WEB-028/PRD-WEB-028_1.vmdk,1024000,False,persistent,sharingNone,True,False,False,False,normal,1000,0,-1,VMware paravirtual SCSI,Hard disk 2,0:1,1,noSharing,[prod-vmfs-03] PRD-WEB-028/PRD-WEB-028_1.vmdk,,,1,Owner: app-team,,,,DC-East,Prod-Cluster,esx-prod03.corp.example,Prod,Microsoft Windows Server 2016 (64-bit),Microsoft Windows Server 2016 Standard,vm-1027,4281627c439472e6da587e8aa25d6b29,vcsa01.corp.example,5f3c9a8e-1b2d-4c7e-9a10-2f6b8d4e7c31
PRD-FS-029,poweredOn,False,False,Hard disk 1,2000,6000C29273fe6a934151344eee9836b7,[prod-vmfs-02] PRD-FS-029/PRD-FS-029.vmdk,81920,False,persistent,sharingNone,False,False,False,False,normal,1000,0,-1,LSI Logic SAS,Hard disk 1,0:0,0,noSharing,[prod-vmfs-02] PRD-FS-029/PRD-FS-029.vmdk,,,0,Owner: app-team,,,,DC-East,Prod-Cluster,esx-prod03.corp.example,Prod,Microsoft Windows Server 2019 (64-bit),Microsoft Windows Server 2019 Standard,vm-1028,42711c21bdc14f1f295d6fbf430f801d,vcsa01.corp.example,5f3c9a8e-1b2d-4c7e-9a10-2f6b8d4e7c31
PRD-FS-029,poweredOn,False,False,Hard disk 2,2001,6000C29d474ca8796f96bbffdbc6ac37,[prod-vmfs-02] PRD-FS-029/PRD-FS-029_1.vmdk,51200,False,independent_persistent,sharingNone,False,True,False,False,normal,1000,0,-1,LSI Logic SAS,Hard disk 2,0:1,1,noSharing,[prod-vmfs-02] PRD-FS-029/PRD-FS-029_1.vmdk,,,1,,,,,DC-East,Prod-Cluster,esx-prod03.corp.example,Prod,Microsoft Windows Server 2019 (64-bit),Microsoft Windows Server 2019 Standard,vm-1028,42711c21bdc14f1f295d6fbf430f801d,vcsa01.corp.example,5f3c9a8e-1b2d-4c7e-9a10-2f6b8d4e7c31
PRD-APP-030,poweredOn,False,False,Hard disk 1,2000,6000C29419fc9448c5d899df113ff40f,[prod-vmfs-01] PRD-APP-030/PRD-APP-030.vmdk,81920,False,persistent,sharingNone,True,False,False,False,normal,1000,0,-1,LSI Logic SAS,Hard disk 1,0:0,0,noSharing,[prod-vmfs-01] PRD-APP-030/PRD-APP-030.vmdk,,,0,,,,,DC-East,Prod-Cluster,esx-prod01.corp.example,Prod,Ubuntu Linux (64-bit),Ubuntu 18.04.6 LTS,vm-1029,428d7248951f58d05e84f058d5a804eb,vcsa01.corp.example,5f3c9a8e-1b2d-4c7e-9a10-2f6b8d4e7c31
PRD-APP-030,poweredOn,False,False,Hard disk 2,2001,6000C29c1fc775eb88b12a442dc149dd,[prod-vmfs-01] PRD-APP-030/PRD-APP-030_1.vmdk,256000,False,persistent,sharingNone,True,False,False,False,normal,1000,0,-1,LSI Logic SAS,Hard disk 2,0:1,1,noSharing,[prod-vmfs-01] PRD-APP-030/PRD-APP-030_1.vmdk,,,1,,,,,DC-East,Prod-Cluster,esx-prod01.corp.example,Prod,Ubuntu Linux (64-bit),Ubuntu 18.04.6 LTS,vm-1029,428d7248951f58d05e84f058d5a804eb,vcsa01.corp.example,5f3c9a8e-1b2d-4c7e-9a10-2f6b8d4e7c31
PRD-SQL-031,poweredOn,False,False,Hard disk 1,2000,6000C29d3deed56a21ddd27ed8b6a802,[prod-vmfs-05] PRD-SQL-031/PRD-SQL-031.vmdk,102400,False,persistent,sharingNone,True,False,False,False,normal,1000,0,-1,LSI Logic SAS,Hard disk 1,0:0,0,noSharing,[prod-vmfs-05] PRD-SQL-031/PRD-SQL-031.vmdk,,,0,,,,,DC-East,Prod-Cluster,esx-prod01.corp.example,Prod,Ubuntu Linux (64-bit),Ubuntu 22.04.4 LTS,vm-1030,428f5486c7b5b2bc5a8aaeca1a50aec3,vcsa01.corp.example,5f3c9a8e-1b2d-4c7e-9a10-2f6b8d4e7c31
PRD-APP-032,poweredOn,False,False,Hard disk 1,2000,6000C296b9ea88738a9db5938ce17e35,[prod-vmfs-04] PRD-APP-032/PRD-APP-032.vmdk,40960,False,persistent,sharingNone,True,False,False,False,normal,1000,0,-1,LSI Logic SAS,Hard disk 1,0:0,0,noSharing,[prod-vmfs-04] PRD-APP-032/PRD-APP-032.vmdk,,,0,,,,,DC-East,Prod-Cluster,esx-prod02.corp.example,Prod,CentOS 7 (64-bit),CentOS Linux 7 (Core),vm-1031,42c84a7b550a1b46ecab3301bc8f7d29,vcsa01.corp.example,5f3c9a8e-1b2d-4c7e-9a10-2f6b8d4e7c31
PRD-WEB-033,poweredOn,False,False,Hard disk 1,2000,6000C29661f041d06993e611e7775ef5,[prod-vmfs-03] PRD-WEB-033/PRD-WEB-033.vmdk,102400,False,persistent,sharingNone,True,False,False,False,normal,1000,0,-1,LSI Logic,Hard disk 1,0:0,0,noSharing,[prod-vmfs-03] PRD-WEB-033/PRD-WEB-033.vmdk,,,0,Owner: app-team,,,,DC-East,Prod-Cluster,esx-prod03.corp.example,Prod,Microsoft Windows Server 2019 (64-bit),Microsoft Windows Server 2019 Standard,vm-1032,4238f16a787f2425dbccc47709e9db0a,vcsa01.corp.example,5f3c9a8e-1b2d-4c7e-9a10-2f6b8d4e7c31
PRD-WEB-033,poweredOn,False,False,Hard disk 2,2001,6000C2937cba8dea50860861061cba48,[prod-vmfs-03] PRD-WEB-033/PRD-WEB-033_1.vmdk,512000,False,persistent,sharingNone,False,True,False,False,normal,1000,0,-1,LSI Logic,Hard disk 2,0:1,1,noSharing,[prod-vmfs-03] PRD-WEB-033/PRD-WEB-033_1.vmdk,,,1,,,,,DC-East,Prod-Cluster,esx-prod03.corp.example,Prod,Microsoft Windows Server 2019 (64-bit),Microsoft Windows Server 2019 Standard,vm-1032,4238f16a787f2425dbccc47709e9db0a,vcsa01.corp.example,5f3c9a8e-1b2d-4c7e-9a10-2f6b8d4e7c31
PRD-WEB-034,poweredOn,False,False,Hard disk 1,2000,6000C29f6a71dec52162d1b7769ac892,[prod-vmfs-03] PRD-WEB-034/PRD-WEB-034.vmdk,81920,False,persistent,sharingNone,True,False,False,False,normal,1000,0,-1,LSI Logic SAS,Hard disk 1,0:0,0,noSharing,[prod-vmfs-03] PRD-WEB-034/PRD-WEB-034.vmdk,,,0,Owner: app-team,,,,DC-East,Prod-Cluster,esx-prod02.corp.example,Prod,Microsoft Windows Server 2019 (64-bit),Microsoft Windows Server 2019 Standard,vm-1033,42c5f8bcf7860b5011c58ef0dd463c09,vcsa01.corp.example,5f3c9a8e-1b2d-4c7e-9a10-2f6b8d4e7c31
PRD-WEB-034,poweredOn,False,False,Hard disk 2,2001,6000C29ae5a456d82541f181f29e225b,[prod-vmfs-03] PRD-WEB-034/PRD-WEB-034_1.vmdk,512000,False,persistent,sharingNone,False,False,False,False,normal,1000,0,-1,LSI Logic SAS,Hard disk 2,0:1,1,noSharing,[prod-vmfs-03] PRD-WEB-034/PRD-WEB-034_1.vmdk,,,1,,,,,DC-East,Prod-Cluster,esx-prod02.corp.example,Prod,Microsoft Windows Server 2019 (64-bit),Microsoft Windows Server 2019 Standard,vm-1033,42c5f8bcf7860b5011c58ef0dd463c09,vcsa01.corp.example,5f3c9a8e-1b2d-4c7e-9a10-2f6b8d4e7c31
PRD-WEB-034,poweredOn,False,False,Hard disk 3,2002,6000C2950d993ab95fc0ccce4ba08508,[prod-vmfs-03] PRD-WEB-034/PRD-WEB-034_2.vmdk,1024000,False,persistent,sharingNone,True,False,False,False,normal,1000,0,-1,LSI Logic SAS,Hard disk 3,0:2,2,noSharing,[prod-vmfs-03] PRD-WEB-034/PRD-WEB-034_2.vmdk,,,2,,,,,DC-East,Prod-Cluster,esx-prod02.corp.example,Prod,Microsoft Windows Server 2019 (64-bit),Microsoft Windows Server 2019 Standard,vm-1033,42c5f8bcf7860b5011c58ef0dd463c09,vcsa01.corp.example,5f3c9a8e-1b2d-4c7e-9a10-2f6b8d4e7c31
PRD-SVC-035,poweredOn,False,False,Hard disk 1,2000,6000C2980651a8970f54c086450511e1,[prod-vmfs-03] PRD-SVC-035/PRD-SVC-035.vmdk,61440,False,persistent,sharingNone,True,False,False,False,normal,1000,0,-1,VMware paravirtual SCSI,Hard disk 1,0:0,0,noSharing,[prod-vmfs-03] PRD-SVC-035/PRD-SVC-035.vmdk,,,0,Owner: app-team,,,,DC-East,Prod-Cluster,esx-prod03.corp.example,Prod,Ubuntu Linux (64-bit),Ubuntu 18.04.6 LTS,vm-1034,4209cb3943f59a85fbc9f87af668a617,vcsa01.corp.example,5f3c9a8e-1b2d-4c7e-9a10-2f6b8d4e7c31
PRD-SVC-035,poweredOn,False,False,Hard disk 2,2001,6000C297062e07785f0b5135856638c8,[prod-vmfs-03] PRD-SVC-035/PRD-SVC-035_1.vmdk,256000,False,persistent,sharingNone,False,False,False,False,normal,1000,0,-1,VMware paravirtual SCSI,Hard disk 2,0:1,1,noSharing,[prod-vmfs-03] PRD-SVC-035/PRD-SVC-035_1.vmdk,,,1,,,,,DC-East,Prod-Cluster,esx-prod03.corp.example,Prod,Ubuntu Linux (64-bit),Ubuntu 18.04.6 LTS,vm-1034,4209cb3943f59a85fbc9f87af668a617,vcsa01.corp.example,5f3c9a8e-1b2d-4c7e-9a10-2f6b8d4e7c31
PRD-SVC-035,poweredOn,False,False,Hard disk 3,2002,6000C29575d5a1159ce8b890cc6b3a6e,[prod-vmfs-03] PRD-SVC-035/PRD-SVC-035_2.vmdk,256000,False,persistent,sharingNone,False,False,False,False,normal,1000,0,-1,VMware paravirtual SCSI,Hard disk 3,0:2,2,noSharing,[prod-vmfs-03] PRD-SVC-035/PRD-SVC-035_2.vmdk,,,2,,,,,DC-East,Prod-Cluster,esx-prod03.corp.example,Prod,Ubuntu Linux (64-bit),Ubuntu 18.04.6 LTS,vm-1034,4209cb3943f59a85fbc9f87af668a617,vcsa01.corp.example,5f3c9a8e-1b2d-4c7e-9a10-2f6b8d4e7c31
PRD-SQL-036,poweredOn,False,False,Hard disk 1,2000,6000C294a29cc64fb8f89cbabb404bc8,[prod-vmfs-04] PRD-SQL-036/PRD-SQL-036.vmdk,61440,False,persistent,sharingNone,True,False,False,False,normal,1000,0,-1,LSI Logic SAS,Hard disk 1,0:0,0,noSharing,[prod-vmfs-04] PRD-SQL-036/PRD-SQL-036.vmdk,,,0,Owner: app-team,,,,DC-East,Prod-Cluster,esx-prod04.corp.example,Prod,Microsoft Windows Server 2016 (64-bit),Microsoft Windows Server 2016 Standard,vm-1035,420b5cea41357e8c30a900ad939b462d,vcsa01.corp.example,5f3c9a8e-1b2d-4c7e-9a10-2f6b8d4e7c31
PRD-SVC-037,poweredOn,False,False,Hard disk 1,2000,6000C29f41515f1e9174b1368c0bdc3f,[prod-vmfs-02] PRD-SVC-037/PRD-SVC-037.vmdk,102400,False,persistent,sharingNone,True,False,False,False,normal,1000,0,-1,LSI Logic,Hard disk 1,0:0,0,noSharing,[prod-vmfs-02] PRD-SVC-037/PRD-SVC-037.vmdk,,,0,,,,,DC-East,Prod-Cluster,esx-prod06.corp.example,Prod,Red Hat Enterprise Linux 8 (64-bit),Red Hat Enterprise Linux 8.8 (Ootpa),vm-1036,42aa0b7bf2e9702d11e9cdaa6e6981a3,vcsa01.corp.example,5f3c9a8e-1b2d-4c7e-9a10-2f6b8d4e7c31
PRD-APP-038,poweredOn,False,False,Hard disk 1,2000,6000C2988efe59c393b91ea14211c052,[prod-vmfs-05] PRD-APP-038/PRD-APP-038.vmdk,61440,False,persistent,sharingNone,False,True,False,False,normal,1000,0,-1,VMware paravirtual SCSI,Hard disk 1,0:0,0,noSharing,[prod-vmfs-05] PRD-APP-038/PRD-APP-038.vmdk,,,0,,,,,DC-East,Prod-Cluster,esx-prod06.corp.example,Prod,Ubuntu Linux (64-bit),Ubuntu 22.04.4 LTS,vm-1037,424bb00fb27c40266703b6365380b904,vcsa01.corp.example,5f3c9a8e-1b2d-4c7e-9a10-2f6b8d4e7c31
PRD-APP-038,poweredOn,False,False,Hard disk 2,2001,6000C29a54a2315dbdfb0259d07b3c55,[prod-vmfs-01] PRD-APP-038/PRD-APP-038_1.vmdk,512000,False,persistent,sharingNone,True,False,False,False,normal,1000,0,-1,VMware paravirtual SCSI,Hard disk 2,0:1,1,noSharing,[prod-vmfs-01] PRD-APP-038/PRD-APP-038_1.vmdk,,,1,,,,,DC-East,Prod-Cluster,esx-prod06.corp.example,Prod,Ubuntu Linux (64-bit),Ubuntu 22.04.4 LTS,vm-1037,424bb00fb27c40266703b6365380b904,vcsa01.corp.example,5f3c9a8e-1b2d-4c7e-9a10-2f6b8d4e7c31
PRD-FS-039,poweredOn,False,False,Hard disk 1,2000,6000C292d2f62f9d1b435fdc41f4d834,[prod-vmfs-01] PRD-FS-039/PRD-FS-039.vmdk,81920,False,persistent,sharingNone,False,False,False,False,normal,1000,0,-1,VMware paravirtual SCSI,Hard disk 1,0:0,0,noSharing,[prod-vmfs-01] PRD-FS-039/PRD-FS-039.vmdk,,,0,,,,,DC-East,Prod-Cluster,esx-prod06.corp.example,Prod,Red Hat Enterprise Linux 8 (64-bit),Red Hat Enterprise Linux 8.8 (Ootpa),vm-1038,42001a9ad56f03508c459ce267f48ad5,vcsa01.corp.example,5f3c9a8e-1b2d-4c7e-9a10-2f6b8d4e7c31
PRD-FS-039,poweredOn,False,False,Hard disk 2,2001,6000C29e380d4643c891e9bcd83060dc,[prod-vmfs-01] PRD-FS-039/PRD-FS-039_1.vmdk,512000,False,persistent,sharingNone,True,False,False,False,normal,1000,0,-1,VMware paravirtual SCSI,Hard disk 2,0:1,1,noSharing,[prod-vmfs-01] PRD-FS-039/PRD-FS-039_1.vmdk,,,1,,,,,DC-East,Prod-Cluster,esx-prod06.corp.example,Prod,Red Hat Enterprise Linux 8 (64-bit),Red Hat Enterprise Linux 8.8 (Ootpa),vm-1038,42001a9ad56f03508c459ce267f48ad5,vcsa01.corp.example,5f3c9a8e-1b2d-4c7e-9a10-2f6b8d4e7c31
PRD-FS-039,poweredOn,False,False,Hard disk 3,2002,6000C29e273beecbe7b986cb76df7b9a,[prod-vmfs-01] PRD-FS-039/PRD-FS-039_2.vmdk,204800,False,persistent,sharingNone,True,False,False,False,normal,1000,0,-1,VMware paravirtual SCSI,Hard disk 3,0:2,2,noSharing,[prod-vmfs-01] PRD-FS-039/PRD-FS-039_2.vmdk,,,2,Owner: app-team,,,,DC-East,Prod-Cluster,esx-prod06.corp.example,Prod,Red Hat Enterprise Linux 8 (64-bit),Red Hat Enterprise Linux 8.8 (Ootpa),vm-1038,42001a9ad56f03508c459ce267f48ad5,vcsa01.corp.example,5f3c9a8e-1b2d-4c7e-9a10-2f6b8d4e7c31
PRD-CTX-040,poweredOn,False,False,Hard disk 1,2000,6000C29f5572fd4107d51b96fa75b5fc,[prod-vmfs-03] PRD-CTX-040/PRD-CTX-040.vmdk,81920,False,persistent,sharingNone,True,False,False,False,normal,1000,0,-1,LSI Logic SAS,Hard disk 1,0:0,0,noSharing,[prod-vmfs-03] PRD-CTX-040/PRD-CTX-040.vmdk,,,0,,,,,DC-East,Prod-Cluster,esx-prod05.corp.example,Prod,Microsoft Windows Server 2012 (64-bit),Microsoft Windows Server 2012 R2 Standard,vm-1039,42cb323e7922bac282dc4c8e36b5229a,vcsa01.corp.example,5f3c9a8e-1b2d-4c7e-9a10-2f6b8d4e7c31
PRD-CTX-040,poweredOn,False,False,Hard disk 2,2001,6000C29e7c8c92673c55ad3a4ed992e0,[prod-vmfs-03] PRD-CTX-040/PRD-CTX-040_1.vmdk,1024000,False,persistent,sharingNone,True,False,False,False,normal,1000,0,-1,LSI Logic SAS,Hard disk 2,0:1,1,noSharing,[prod-vmfs-03] PRD-CTX-040/PRD-CTX-040_1.vmdk,,,1,,,,,DC-East,Prod-Cluster,esx-prod05.corp.example,Prod,Microsoft Windows Server 2012 (64-bit),Microsoft Windows Server 2012 R2 Standard,vm-1039,42cb323e7922bac282dc4c8e36b5229a,vcsa01.corp.example,5f3c9a8e-1b2d-4c7e-9a10-2f6b8d4e7c31
PRD-APP-041,poweredOn,False,False,Hard disk 1,2000,6000C29e17a1f56ee5865a547e1e35dd,[prod-vmfs-05] PRD-APP-041/PRD-APP-041.vmdk,102400,False,persistent,sharingNone,True,False,False,False,normal,1000,0,-1,LSI Logic SAS,Hard disk 1,0:0,0,noSharing,[prod-vmfs-05] PRD-APP-041/PRD-APP-041.vmdk,,,0,,,,,DC-East,Prod-Cluster,esx-prod03.corp.example,Prod,Microsoft Windows Server 2016 (64-bit),Microsoft Windows Server 2016 Standard,vm-1040,423c2059c04a96c4f3b63fe1d1843324,vcsa01.corp.example,5f3c9a8e-1b2d-4c7e-9a10-2f6b8d4e7c31
PRD-APP-041,poweredOn,False,False,Hard disk 2,2001,6000C292a5e158aab287b9a1cedf8af6,[prod-vmfs-01] PRD-APP-041/PRD-APP-041_1.vmdk,51200,False,persistent,sharingNone,True,False,False,False,normal,1000,0,-1,LSI Logic SAS,Hard disk 2,0:1,1,noSharing,[prod-vmfs-01] PRD-APP-041/PRD-APP-041_1.vmdk,,,1,,,,,DC-East,Prod-Cluster,esx-prod03.corp.example,Prod,Microsoft Windows Server 2016 (64-bit),Microsoft Windows Server 2016 Standard,vm-1040,423c2059c04a96c4f3b63fe1d1843324,vcsa01.corp.example,5f3c9a8e-1b2d-4c7e-9a10-2f6b8d4e7c31
PRD-APP-042,poweredOn,False,False,Hard disk 1,2000,6000C29d640fac70e5a5788e2b80d1ed,[prod-vmfs-01] PRD-APP-042/PRD-APP-042.vmdk,81920,False,persistent,sharingNone,False,True,False,False,normal,1000,0,-1,VMware paravirtual SCSI,Hard disk 1,0:0,0,noSharing,[prod-vmfs-01] PRD-APP-042/PRD-APP-042.vmdk,,,0,,,,,DC-East,Prod-Cluster,esx-prod01.corp.example,Prod,Microsoft Windows Server 2019 (64-bit),Microsoft Windows Server 2019 Standard,vm-1041,42e2d9de6a18ce4c7496276412a4def0,vcsa01.corp.example,5f3c9a8e-1b2d-4c7e-9a10-2f6b8d4e7c31
PRD-APP-042,poweredOn,False,False,Hard disk 2,2001,6000C29497e71b55446fc2131b87a428,[prod-vmfs-01] PRD-APP-042/PRD-APP-042_1.vmdk,256000,False,persistent,sharingNone,False,False,False,False,normal,1000,0,-1,VMware paravirtual SCSI,Hard disk 2,0:1,1,noSharing,[prod-vmfs-01] PRD-APP-042/PRD-APP-042_1.vmdk,,,1,,,,,DC-East,Prod-Cluster,esx-prod01.corp.example,Prod,Microsoft Windows Server 2019 (64-bit),Microsoft Windows Server 2019 Standard,vm-1041,42e2d9de6a18ce4c7496276412a4def0,vcsa01.corp.example,5f3c9a8e-1b2d-4c7e-9a10-2f6b8d4e7c31
PRD-APP-042,poweredOn,False,False,Hard disk 3,2002,6000C299d4f0fd631259d65486adab8e,[prod-vmfs-01] PRD-APP-042/PRD-APP-042_2.vmdk,256000,False,persistent,sharingNone,False,False,False,False,normal,1000,0,-1,VMware paravirtual SCSI,Hard disk 3,0:2,2,noSharing,[prod-vmfs-01] PRD-APP-042/PRD-APP-042_2.vmdk,,,2,Owner: app-team,,,,DC-East,Prod-Cluster,esx-prod01.corp.example,Prod,Microsoft Windows Server 2019 (64-bit),Microsoft Windows Server 2019 Standard,vm-1041,42e2d9de6a18ce4c7496276412a4def0,vcsa01.corp.example,5f3c9a8e-1b2d-4c7e-9a10-2f6b8d4e7c31
PRD-FS-043,poweredOn,False,False,Hard disk 1,2000,6000C29a4b2cdc4e4e70263a8245b08f,[prod-vmfs-01] PRD-FS-043/PRD-FS-043.vmdk,61440,False,persistent,sharingNone,True,False,False,False,normal,1000,0,-1,LSI Logic SAS,Hard disk 1,0:0,0,noSharing,[prod-vmfs-01] PRD-FS-043/PRD-FS-043.vmdk,,,0,,,,,DC-East,Prod-Cluster,esx-prod04.corp.example,Prod,Microsoft Windows Server 2016 or later (64-bit),Microsoft Windows Server 2022 Datacenter,vm-1042,42c521bfdc45d539c03f3538e4855aa1,vcsa01.corp.example,5f3c9a8e-1b2d-4c7e-9a10-2f6b8d4e7c31
PRD-APP-044,poweredOn,False,False,Hard disk 1,2000,6000C291b9076ff3263a484e2048ba6e,[prod-vmfs-03] PRD-APP-044/PRD-APP-044.vmdk,81920,False,persistent,sharingNone,False,True,False,False,normal,1000,0,-1,LSI Logic SAS,Hard disk 1,0:0,0,noSharing,[prod-vmfs-03] PRD-APP-044/PRD-APP-044.vmdk,,,0,Owner: app-team,,,,DC-East,Prod-Cluster,esx-prod06.corp.example,Prod,Microsoft Windows Server 2016 (64-bit),Microsoft Windows Server 2016 Standard,vm-1043,4222228274daaebf1f115b76d92c9227,vcsa01.corp.example,5f3c9a8e-1b2d-4c7e-9a10-2f6b8d4e7c31
PRD-APP-044,poweredOn,False,False,Hard disk 2,2001,6000C29951e844c9b00ecc67552dad08,[prod-vmfs-03] PRD-APP-044/PRD-APP-044_1.vmdk,1024000,False,persistent,sharingNone,True,False,False,False,normal,1000,0,-1,LSI Logic SAS,Hard disk 2,0:1,1,noSharing,[prod-vmfs-03] PRD-APP-044/PRD-APP-044_1.vmdk,,,1,Owner: app-team,,,,DC-East,Prod-Cluster,esx-prod06.corp.example,Prod,Microsoft Windows Server 2016 (64-bit),Microsoft Windows Server 2016 Standard,vm-1043,4222228274daaebf1f115b76d92c9227,vcsa01.corp.example,5f3c9a8e-1b2d-4c7e-9a10-2f6b8d4e7c31
PRD-CTX-045,poweredOn,False,False,Hard disk 1,2000,6000C29263ba24b1408eff3dcdba8621,[prod-vmfs-04] PRD-CTX-045/PRD-CTX-045.vmdk,81920,False,persistent,sharingNone,False,False,False,False,normal,1000,0,-1,LSI Logic SAS,Hard disk 1,0:0,0,noSharing,[prod-vmfs-04] PRD-CTX-045/PRD-CTX-045.vmdk,,,0,,,,,DC-East,Prod-Cluster,esx-prod03.corp.example,Prod,Ubuntu Linux (64-bit),Ubuntu 18.04.6 LTS,vm-1044,42d4a02e6d3ee1dc81392443e45b712e,vcsa01.corp.example,5f3c9a8e-1b2d-4c7e-9a10-2f6b8d4e7c31
PRD-CTX-045,poweredOn,False,False,Hard disk 2,2001,6000C296f76ffc87a888475076a831c7,[prod-vmfs-04] PRD-CTX-045/PRD-CTX-045_1.vmdk,1024000,False,persistent,sharingNone,True,False,False,False,normal,1000,0,-1,LSI Logic SAS,Hard disk 2,0:1,1,noSharing,[prod-vmfs-04] PRD-CTX-045/PRD-CTX-045_1.vmdk,,,1,,,,,DC-East,Prod-Cluster,esx-prod03.corp.example,Prod,Ubuntu Linux (64-bit),Ubuntu 18.04.6 LTS,vm-1044,42d4a02e6d3ee1dc81392443e45b712e,vcsa01.corp.example,5f3c9a8e-1b2d-4c7e-9a10-2f6b8d4e7c31
PRD-RDS-046,poweredOn,False,False,Hard disk 1,2000,6000C2998345d6d33d722c0e23ed6309,[prod-vmfs-03] PRD-RDS-046/PRD-RDS-046.vmdk,40960,False,persistent,sharingNone,True,False,False,False,normal,1000,0,-1,VMware paravirtual SCSI,Hard disk 1,0:0,0,noSharing,[prod-vmfs-03] PRD-RDS-046/PRD-RDS-046.vmdk,,,0,,,,,DC-East,Prod-Cluster,esx-prod04.corp.example,Prod,Microsoft Windows Server 2019 (64-bit),Microsoft Windows Server 2019 Standard,vm-1045,42a072957c0e8cd88573e793c715b2b9,vcsa01.corp.example,5f3c9a8e-1b2d-4c7e-9a10-2f6b8d4e7c31
PRD-RDS-046,poweredOn,False,False,Hard disk 2,2001,6000C29b33c7024de84543c74721fbe9,[prod-vmfs-01] PRD-RDS-046/PRD-RDS-046_1.vmdk,2048000,False,persistent,sharingNone,True,False,False,False,normal,1000,0,-1,VMware paravirtual SCSI,Hard disk 2,0:1,1,noSharing,[prod-vmfs-01] PRD-RDS-046/PRD-RDS-046_1.vmdk,,,1,Owner: app-team,,,,DC-East,Prod-Cluster,esx-prod04.corp.example,Prod,Microsoft Windows Server 2019 (64-bit),Microsoft Windows Server 2019 Standard,vm-1045,42a072957c0e8cd88573e793c715b2b9,vcsa01.corp.example,5f3c9a8e-1b2d-4c7e-9a10-2f6b8d4e7c31
PRD-WEB-047,poweredOn,False,False,Hard disk 1,2000,6000C299972a355cfe5e9b1c875b2fe1,[prod-vmfs-05] PRD-WEB-047/PRD-WEB-047.vmdk,61440,False,persistent,sharingNone,True,False,False,False,normal,1000,0,-1,LSI Logic SAS,Hard disk 1,0:0,0,noSharing,[prod-vmfs-05] PRD-WEB-047/PRD-WEB-047.vmdk,,,0,,,,,DC-East,Prod-Cluster,esx-prod02.corp.example,Prod,Microsoft Windows Server 2019 (64-bit),Microsoft Windows Server 2019 Standard,vm-1046,42b1a6b1620e99d33b33f3d8269cd696,vcsa01.corp.example,5f3c9a8e-1b2d-4c7e-9a10-2f6b8d4e7c31
PRD-FS-048,poweredOn,False,False,Hard disk 1,2000,6000C29e6ad09369e0d3f7c1d45d91e1,[prod-vmfs-05] PRD-FS-048/PRD-FS-048.vmdk,81920,False,persistent,sharingNone,True,False,False,False,normal,1000,0,-1,VMware paravirtual SCSI,Hard disk 1,0:0,0,noSharing,[prod-vmfs-05] PRD-FS-048/PRD-FS-048.vmdk,,,0,,,,,DC-East,Prod-Cluster,esx-prod03.corp.example,Prod,Microsoft Windows Server 2016 (64-bit),Microsoft Windows Server 2016 Standard,vm-1047,42c51155e7a37e8163b4c08b6b8e869f,vcsa01.corp.example,5f3c9a8e-1b2d-4c7e-9a10-2f6b8d4e7c31
PRD-CTX-049,poweredOn,False,False,Hard disk 1,2000,6000C2963d2dca8673020b26d24e4a96,[prod-vmfs-04] PRD-CTX-049/PRD-CTX-049.vmdk,40960,False,persistent,sharingNone,False,False,False,False,normal,1000,0,-1,VMware paravirtual SCSI,Hard disk 1,0:0,0,noSharing,[prod-vmfs-04] PRD-CTX-049/PRD-CTX-049.vmdk,,,0,Owner: app-team,,,,DC-East,Prod-Cluster,esx-prod04.corp.example,Prod,Microsoft Windows Server 2016 (64-bit),Microsoft Windows Server 2016 Standard,vm-1048,42d5f250f41402b1e4429ebbda7b9095,vcsa01.corp.example,5f3c9a8e-1b2d-4c7e-9a10-2f6b8d4e7c31
PRD-CTX-049,poweredOn,False,False,Hard disk 2,2001,6000C29c137ba9ecf56943920c3a3ed8,[prod-vmfs-04] PRD-CTX-049/PRD-CTX-049_1.vmdk,512000,False,persistent,sharingNone,False,False,False,False,normal,1000,0,-1,VMware paravirtual SCSI,Hard disk 2,0:1,1,noSharing,[prod-vmfs-04] PRD-CTX-049/PRD-CTX-049_1.vmdk,,,1,,,,,DC-East,Prod-Cluster,esx-prod04.corp.example,Prod,Microsoft Windows Server 2016 (64-bit),Microsoft Windows Server 2016 Standard,vm-1048,42d5f250f41402b1e4429ebbda7b9095,vcsa01.corp.example,5f3c9a8e-1b2d-4c7e-9a10-2f6b8d4e7c31
PRD-CTX-049,poweredOn,False,False,Hard disk 3,2002,6000C298e6453b43d07e22a18906a4e2,[prod-vmfs-05] PRD-CTX-049/PRD-CTX-049_2.vmdk,512000,False,persistent,sharingNone,True,False,False,False,normal,1000,0,-1,VMware paravirtual SCSI,Hard disk 3,0:2,2,noSharing,[prod-vmfs-05] PRD-CTX-049/PRD-CTX-049_2.vmdk,,,2,,,,,DC-East,Prod-Cluster,esx-prod04.corp.example,Prod,Microsoft Windows Server 2016 (64-bit),Microsoft Windows Server 2016 Standard,vm-1048,42d5f250f41402b1e4429ebbda7b9095,vcsa01.corp.example,5f3c9a8e-1b2d-4c7e-9a10-2f6b8d4e7c31
PRD-CTX-049,poweredOn,False,False,Hard disk 4,2003,6000C29fde5906988072cee2042f14df,[prod-vmfs-04] PRD-CTX-049/PRD-CTX-049_3.vmdk,204800,False,persistent,sharingNone,True,False,False,False,normal,1000,0,-1,VMware paravirtual SCSI,Hard disk 4,0:3,3,noSharing,[prod-vmfs-04] PRD-CTX-049/PRD-CTX-049_3.vmdk,,,3,,,,,DC-East,Prod-Cluster,esx-prod04.corp.example,Prod,Microsoft Windows Server 2016 (64-bit),Microsoft Windows Server 2016 Standard,vm-1048,42d5f250f41402b1e4429ebbda7b9095,vcsa01.corp.example,5f3c9a8e-1b2d-4c7e-9a10-2f6b8d4e7c31
PRD-CTX-050,poweredOn,False,False,Hard disk 1,2000,6000C297f252f8f93edf665fa5978064,[prod-vmfs-02] PRD-CTX-050/PRD-CTX-050.vmdk,40960,False,persistent,sharingNone,True,False,False,False,normal,1000,0,-1,LSI Logic SAS,Hard disk 1,0:0,0,noSharing,[prod-vmfs-02] PRD-CTX-050/PRD-CTX-050.vmdk,,,0,Owner: app-team,,,,DC-East,Prod-Cluster,esx-prod02.corp.example,Prod,Microsoft Windows Server 2016 (64-bit),Microsoft Windows Server 2016 Standard,vm-1049,42addc3eab3b4d37560c95ee638c254c,vcsa01.corp.example,5f3c9a8e-1b2d-4c7e-9a10-2f6b8d4e7c31
PRD-CTX-050,poweredOn,False,False,Hard disk 2,2001,6000C29bbfd95996ee5b6379213fa67b,[prod-vmfs-02] PRD-CTX-050/PRD-CTX-050_1.vmdk,51200,False,persistent,sharingNone,True,False,False,False,normal,1000,0,-1,LSI Logic SAS,Hard disk 2,0:1,1,noSharing,[prod-vmfs-02] PRD-CTX-050/PRD-CTX-050_1.vmdk,,,1,Owner: app-team,,,,DC-East,Prod-Cluster,esx-prod02.corp.example,Prod,Microsoft Windows Server 2016 (64-bit),Microsoft Windows Server 2016 Standard,vm-1049,42addc3eab3b4d37560c95ee638c254c,vcsa01.corp.example,5f3c9a8e-1b2d-4c7e-9a10-2f6b8d4e7c31
PRD-CTX-050,poweredOn,False,False,Hard disk 3,2002,6000C294abfbcc174ad5433ba84f1cf1,[prod-vmfs-02] PRD-CTX-050/PRD-CTX-050_2.vmdk,204800,False,persistent,sharingNone,True,False,False,False,normal,1000,0,-1,LSI Logic SAS,Hard disk 3,0:2,2,noSharing,[prod-vmfs-02] PRD-CTX-050/PRD-CTX-050_2.vmdk,,,2,,,,,DC-East,Prod-Cluster,esx-prod02.corp.example,Prod,Microsoft Windows Server 2016 (64-bit),Microsoft Windows Server 2016 Standard,vm-1049,42addc3eab3b4d37560c95ee638c254c,vcsa01.corp.example,5f3c9a8e-1b2d-4c7e-9a10-2f6b8d4e7c31
PRD-RDS-051,poweredOff,False,False,Hard disk 1,2000,6000C29fc229a415cb5f8951c534f723,[prod-vmfs-02] PRD-RDS-051/PRD-RDS-051.vmdk,61440,False,persistent,sharingNone,True,False,False,False,normal,1000,0,-1,BusLogic,Hard disk 1,0:0,0,noSharing,[prod-vmfs-02] PRD-RDS-051/PRD-RDS-051.vmdk,,,0,Owner: app-team,,,,DC-East,Prod-Cluster,esx-prod02.corp.example,Prod,Microsoft Windows 10 (64-bit),,vm-1050,4206f028a9ba5a27907bfe36978648f8,vcsa01.corp.example,5f3c9a8e-1b2d-4c7e-9a10-2f6b8d4e7c31
PRD-RDS-051,poweredOff,False,False,Hard disk 2,2001,6000C297c3d081781d05ddbf2dd10250,[prod-vmfs-02] PRD-RDS-051/PRD-RDS-051_1.vmdk,1024000,False,persistent,sharingNone,False,False,False,False,normal,1000,0,-1,BusLogic,Hard disk 2,0:1,1,noSharing,[prod-vmfs-02] PRD-RDS-051/PRD-RDS-051_1.vmdk,,,1,,,,,DC-East,Prod-Cluster,esx-prod02.corp.example,Prod,Microsoft Windows 10 (64-bit),,vm-1050,4206f028a9ba5a27907bfe36978648f8,vcsa01.corp.example,5f3c9a8e-1b2d-4c7e-9a10-2f6b8d4e7c31
PRD-RDS-052,poweredOn,False,False,Hard disk 1,2000,6000C299e9f407eee9320c6a04aa8f68,[prod-vmfs-02] PRD-RDS-052/PRD-RDS-052.vmdk,102400,False,persistent,sharingNone,True,False,False,False,normal,1000,0,-1,LSI Logic SAS,Hard disk 1,0:0,0,noSharing,[prod-vmfs-02] PRD-RDS-052/PRD-RDS-052.vmdk,,,0,,,,,DC-East,Prod-Cluster,esx-prod02.corp.example,Prod,Microsoft Windows Server 2019 (64-bit),Microsoft Windows Server 2019 Standard,vm-1051,42e13016c2dff33556666f9f53ac2ab9,vcsa01.corp.example,5f3c9a8e-1b2d-4c7e-9a10-2f6b8d4e7c31
PRD-RDS-052,poweredOn,False,False,Hard disk 2,2001,6000C29f161fe564c4384a7ecb165a76,[prod-vmfs-02] PRD-RDS-052/PRD-RDS-052_1.vmdk,256000,False,persistent,sharingNone,True,False,False,False,normal,1000,0,-1,LSI Logic SAS,Hard disk 2,0:1,1,noSharing,[prod-vmfs-02] PRD-RDS-052/PRD-RDS-052_1.vmdk,,,1,Owner: app-team,,,,DC-East,Prod-Cluster,esx-prod02.corp.example,Prod,Microsoft Windows Server 2019 (64-bit),Microsoft Windows Server 2019 Standard,vm-1051,42e13016c2dff33556666f9f53ac2ab9,vcsa01.corp.example,5f3c9a8e-1b2d-4c7e-9a10-2f6b8d4e7c31
PRD-RDS-052,poweredOn,False,False,Hard disk 3,2002,6000C298290c07eb5793f1952553ff33,[prod-vmfs-02] PRD-RDS-052/PRD-RDS-052_2.vmdk,102400,False,persistent,sharingNone,True,False,False,False,normal,1000,0,-1,LSI Logic SAS,Hard disk 3,0:2,2,noSharing,[prod-vmfs-02] PRD-RDS-052/PRD-RDS-052_2.vmdk,,,2,,,,,DC-East,Prod-Cluster,esx-prod02.corp.example,Prod,Microsoft Windows Server 2019 (64-bit),Microsoft Windows Server 2019 Standard,vm-1051,42e13016c2dff33556666f9f53ac2ab9,vcsa01.corp.example,5f3c9a8e-1b2d-4c7e-9a10-2f6b8d4e7c31
PRD-APP-053,suspended,False,False,Hard disk 1,2000,6000C29bbf6b8493961b53afc601b22f,[prod-vmfs-01] PRD-APP-053/PRD-APP-053.vmdk,81920,False,persistent,sharingNone,True,False,False,False,normal,1000,0,-1,LSI Logic SAS,Hard disk 1,0:0,0,noSharing,[prod-vmfs-01] PRD-APP-053/PRD-APP-053.vmdk,,,0,Owner: app-team,,,,DC-East,Prod-Cluster,esx-prod04.corp.example,Prod,Microsoft Windows Server 2019 (64-bit),,vm-1052,421190f9a66fd7f739669fa759970043,vcsa01.corp.example,5f3c9a8e-1b2d-4c7e-9a10-2f6b8d4e7c31
PRD-APP-054,poweredOn,False,False,Hard disk 1,2000,6000C29a5f5e9c52ef15627daa21ee30,[prod-vmfs-01] PRD-APP-054/PRD-APP-054.vmdk,102400,False,persistent,sharingNone,True,False,False,False,normal,1000,0,-1,LSI Logic SAS,Hard disk 1,0:0,0,noSharing,[prod-vmfs-01] PRD-APP-054/PRD-APP-054.vmdk,,,0,,,,,DC-East,Prod-Cluster,esx-prod02.corp.example,Prod,Microsoft Windows Server 2019 (64-bit),Microsoft Windows Server 2019 Standard,vm-1053,421d48a0ab61a7b1793b4c3220500494,vcsa01.corp.example,5f3c9a8e-1b2d-4c7e-9a10-2f6b8d4e7c31
PRD-APP-054,poweredOn,False,False,Hard disk 2,2001,6000C29f01e7719cd667a724bfee7aef,[prod-vmfs-04] PRD-APP-054/PRD-APP-054_1.vmdk,102400,False,persistent,sharingNone,False,True,False,False,normal,1000,0,-1,LSI Logic SAS,Hard disk 2,0:1,1,noSharing,[prod-vmfs-04] PRD-APP-054/PRD-APP-054_1.vmdk,,,1,,,,,DC-East,Prod-Cluster,esx-prod02.corp.example,Prod,Microsoft Windows Server 2019 (64-bit),Microsoft Windows Server 2019 Standard,vm-1053,421d48a0ab61a7b1793b4c3220500494,vcsa01.corp.example,5f3c9a8e-1b2d-4c7e-9a10-2f6b8d4e7c31
PRD-WEB-055,poweredOn,False,False,Hard disk 1,2000,6000C29d09f7e4684b1fa0286cf6c879,[prod-vmfs-03] PRD-WEB-055/PRD-WEB-055.vmdk,40960,False,persistent,sharingNone,False,True,False,False,normal,1000,0,-1,LSI Logic SAS,Hard disk 1,0:0,0,noSharing,[prod-vmfs-03] PRD-WEB-055/PRD-WEB-055.vmdk,,,0,Owner: app-team,,,,DC-East,Prod-Cluster,esx-prod03.corp.example,Prod,Microsoft Windows Server 2019 (64-bit),Microsoft Windows Server 2019 Standard,vm-1054,421bac5c4fa03f26f6f7f0cc29ec8e49,vcsa01.corp.example,5f3c9a8e-1b2d-4c7e-9a10-2f6b8d4e7c31
PRD-FS-056,poweredOn,False,False,Hard disk 1,2000,6000C29548ffeea5fb33740c06b19eec,[prod-vmfs-05] PRD-FS-056/PRD-FS-056.vmdk,61440,False,persistent,sharingNone,True,False,False,False,normal,1000,0,-1,LSI Logic SAS,Hard disk 1,0:0,0,noSharing,[prod-vmfs-05] PRD-FS-056/PRD-FS-056.vmdk,,,0,Owner: app-team,,,,DC-East,Prod-Cluster,esx-prod04.corp.example,Prod,Ubuntu Linux (64-bit),Ubuntu 18.04.6 LTS,vm-1055,421a16343e2b6091a092f52ad4a057a7,vcsa01.corp.example,5f3c9a8e-1b2d-4c7e-9a10-2f6b8d4e7c31
PRD-APP-057,poweredOn,False,False,Hard disk 1,2000,6000C291dbf7fa26e9b89caf8a930d39,[prod-vmfs-01] PRD-APP-057/PRD-APP-057.vmdk,61440,False,persistent,sharingNone,False,False,False,False,normal,1000,0,-1,LSI Logic SAS,Hard disk 1,0:0,0,noSharing,[prod-vmfs-01] PRD-APP-057/PRD-APP-057.vmdk,,,0,,,,,DC-East,Prod-Cluster,esx-prod05.corp.example,Prod,Red Hat Enterprise Linux 8 (64-bit),Red Hat Enterprise Linux 8.8 (Ootpa),vm-1056,42a5c5658186a57611a726095eddbbbf,vcsa01.corp.example,5f3c9a8e-1b2d-4c7e-9a10-2f6b8d4e7c31
PRD-APP-057,poweredOn,False,False,Hard disk 2,2001,6000C29d93cdfce8ef69e0858c871a3a,[prod-vmfs-03] PRD-APP-057/PRD-APP-057_1.vmdk,1024000,False,persistent,sharingNone,True,False,False,False,normal,1000,0,-1,LSI Logic SAS,Hard disk 2,0:1,1,noSharing,[prod-vmfs-03] PRD-APP-057/PRD-APP-057_1.vmdk,,,1,,,,,DC-East,Prod-Cluster,esx-prod05.corp.example,Prod,Red Hat Enterprise Linux 8 (64-bit),Red Hat Enterprise Linux 8.8 (Ootpa),vm-1056,42a5c5658186a57611a726095eddbbbf,vcsa01.corp.example,5f3c9a8e-1b2d-4c7e-9a10-2f6b8d4e7c31
PRD-FS-058,poweredOn,False,False,Hard disk 1,2000,6000C2965c72e5cacf3b6e13781f018a,[prod-vmfs-04] PRD-FS-058/PRD-FS-058.vmdk,102400,False,persistent,sharingNone,True,False,False,False,normal,1000,0,-1,VMware paravirtual SCSI,Hard disk 1,0:0,0,noSharing,[prod-vmfs-04] PRD-FS-058/PRD-FS-058.vmdk,,,0,,,,,DC-East,Prod-Cluster,esx-prod03.corp.example,Prod,Microsoft Windows Server 2012 (64-bit),Microsoft Windows Server 2012 R2 Standard,vm-1057,42a68460f7294951859131d2bbda0242,vcsa01.corp.example,5f3c9a8e-1b2d-4c7e-9a10-2f6b8d4e7c31
PRD-FS-058,poweredOn,False,False,Hard disk 2,2001,6000C29f974232a628a7926043a8007e,[prod-vmfs-04] PRD-FS-058/PRD-FS-058_1.vmdk,256000,False,persistent,sharingNone,True,False,False,False,normal,1000,0,-1,VMware paravirtual SCSI,Hard disk 2,0:1,1,noSharing,[prod-vmfs-04] PRD-FS-058/PRD-FS-058_1.vmdk,,,1,,,,,DC-East,Prod-Cluster,esx-prod03.corp.example,Prod,Microsoft Windows Server 2012 (64-bit),Microsoft Windows Server 2012 R2 Standard,vm-1057,42a68460f7294951859131d2bbda0242,vcsa01.corp.example,5f3c9a8e-1b2d-4c7e-9a10-2f6b8d4e7c31
PRD-FS-058,poweredOn,False,False,Hard disk 3,2002,6000C29514fe88bc3f612028cb4a9aa4,[prod-vmfs-02] PRD-FS-058/PRD-FS-058_2.vmdk,512000,False,persistent,sharingNone,False,False,False,False,normal,1000,0,-1,VMware paravirtual SCSI,Hard disk 3,0:2,2,noSharing,[prod-vmfs-02] PRD-FS-058/PRD-FS-058_2.vmdk,,,2,Owner: app-team,,,,DC-East,Prod-Cluster,esx-prod03.corp.example,Prod,Microsoft Windows Server 2012 (64-bit),Microsoft Windows Server 2012 R2 Standard,vm-1057,42a68460f7294951859131d2bbda0242,vcsa01.corp.example,5f3c9a8e-1b2d-4c7e-9a10-2f6b8d4e7c31
PRD-RDS-059,poweredOn,False,False,Hard disk 1,2000,6000C299360496b66e0255900f32fb39,[prod-vmfs-01] PRD-RDS-059/PRD-RDS-059.vmdk,102400,False,persistent,sharingNone,False,False,False,False,normal,1000,0,-1,VMware paravirtual SCSI,Hard disk 1,0:0,0,noSharing,[prod-vmfs-01] PRD-RDS-059/PRD-RDS-059.vmdk,,,0,,,,,DC-East,Prod-Cluster,esx-prod04.corp.example,Prod,Microsoft Windows Server 2016 or later (64-bit),Microsoft Windows Server 2022 Datacenter,vm-1058,42ef4361d4aac9a33ed8c56cda09dfa0,vcsa01.corp.example,5f3c9a8e-1b2d-4c7e-9a10-2f6b8d4e7c31
PRD-RDS-059,poweredOn,False,False,Hard disk 2,2001,6000C294871caa58d334dce93145d4c5,[prod-vmfs-01] PRD-RDS-059/PRD-RDS-059_1.vmdk,51200,False,persistent,sharingNone,True,False,False,False,normal,1000,0,-1,VMware paravirtual SCSI,Hard disk 2,0:1,1,noSharing,[prod-vmfs-01] PRD-RDS-059/PRD-RDS-059_1.vmdk,,,1,,,,,DC-East,Prod-Cluster,esx-prod04.corp.example,Prod,Microsoft Windows Server 2016 or later (64-bit),Microsoft Windows Server 2022 Datacenter,vm-1058,42ef4361d4aac9a33ed8c56cda09dfa0,vcsa01.corp.example,5f3c9a8e-1b2d-4c7e-9a10-2f6b8d4e7c31
PRD-RDS-060,poweredOn,False,False,Hard disk 1,2000,6000C29af798bd221eb6d3f0948841cb,[prod-vmfs-04] PRD-RDS-060/PRD-RDS-060.vmdk,61440,False,persistent,sharingNone,False,False,False,False,normal,1000,0,-1,LSI Logic SAS,Hard disk 1,0:0,0,noSharing,[prod-vmfs-04] PRD-RDS-060/PRD-RDS-060.vmdk,,,0,Owner: app-team,,,,DC-East,Prod-Cluster,esx-prod05.corp.example,Prod,Microsoft Windows Server 2012 (64-bit),Microsoft Windows Server 2012 R2 Standard,vm-1059,427cd0122e8d0e87533420e6d9d80b8d,vcsa01.corp.example,5f3c9a8e-1b2d-4c7e-9a10-2f6b8d4e7c31
PRD-RDS-060,poweredOn,False,False,Hard disk 2,2001,6000C29f3b195b020a4af40db60890b9,[prod-vmfs-01] PRD-RDS-060/PRD-RDS-060_1.vmdk,204800,False,persistent,sharingNone,True,False,False,False,normal,1000,0,-1,LSI Logic SAS,Hard disk 2,0:1,1,noSharing,[prod-vmfs-01] PRD-RDS-060/PRD-RDS-060_1.vmdk,,,1,Owner: app-team,,,,DC-East,Prod-Cluster,esx-prod05.corp.example,Prod,Microsoft Windows Server 2012 (64-bit),Microsoft Windows Server 2012 R2 Standard,vm-1059,427cd0122e8d0e87533420e6d9d80b8d,vcsa01.corp.example,5f3c9a8e-1b2d-4c7e-9a10-2f6b8d4e7c31
PRD-WEB-061,poweredOn,False,False,Hard disk 1,2000,6000C29f533a83b35e66d8fade69c076,[prod-vmfs-03] PRD-WEB-061/PRD-WEB-061.vmdk,81920,False,persistent,sharingNone,True,False,False,False,normal,1000,0,-1,BusLogic,Hard disk 1,0:0,0,noSharing,[prod-vmfs-03] PRD-WEB-061/PRD-WEB-061.vmdk,,,0,,,,,DC-East,Prod-Cluster,esx-prod05.corp.example,Prod,Microsoft Windows Server 2008 R2 (64-bit),Microsoft Windows Server 2008 R2 Enterprise,vm-1060,423dc98215eabb2730e912f2f2b43abf,vcsa01.corp.example,5f3c9a8e-1b2d-4c7e-9a10-2f6b8d4e7c31
PRD-WEB-062,poweredOn,False,False,Hard disk 1,2000,6000C29ec80960830fb83639289a580f,[esx-prod06-local] PRD-WEB-062/PRD-WEB-062.vmdk,81920,False,persistent,sharingNone,True,False,False,False,normal,1000,0,-1,LSI Logic SAS,Hard disk 1,0:0,0,noSharing,[esx-prod06-local] PRD-WEB-062/PRD-WEB-062.vmdk,,,0,,,,,DC-East,Prod-Cluster,esx-prod06.corp.example,Prod,Microsoft Windows Server 2016 (64-bit),Microsoft Windows Server 2016 Standard,vm-1061,4238ba8a4b5305e517d2582e046a0df5,vcsa01.corp.example,5f3c9a8e-1b2d-4c7e-9a10-2f6b8d4e7c31
PRD-CTX-063,poweredOn,False,False,Hard disk 1,2000,6000C294dd252141b03d01eb336fc177,[prod-vmfs-05] PRD-CTX-063/PRD-CTX-063.vmdk,61440,False,persistent,sharingNone,False,False,False,False,normal,1000,0,-1,LSI Logic SAS,Hard disk 1,0:0,0,noSharing,[prod-vmfs-05] PRD-CTX-063/PRD-CTX-063.vmdk,,,0,,,,,DC-East,Prod-Cluster,esx-prod03.corp.example,Prod,Microsoft Windows Server 2016 (64-bit),Microsoft Windows Server 2016 Standard,vm-1062,425a104154aebd1b8ce6424dbef59fe6,vcsa01.corp.example,5f3c9a8e-1b2d-4c7e-9a10-2f6b8d4e7c31
PRD-CTX-063,poweredOn,False,False,Hard disk 2,2001,6000C2924507180763fe0717f6a878cc,[prod-vmfs-05] PRD-CTX-063/PRD-CTX-063_1.vmdk,51200,False,persistent,sharingNone,True,False,False,False,normal,1000,0,-1,LSI Logic SAS,Hard disk 2,0:1,1,noSharing,[prod-vmfs-05] PRD-CTX-063/PRD-CTX-063_1.vmdk,,,1,,,,,DC-East,Prod-Cluster,esx-prod03.corp.example,Prod,Microsoft Windows Server 2016 (64-bit),Microsoft Windows Server 2016 Standard,vm-1062,425a104154aebd1b8ce6424dbef59fe6,vcsa01.corp.example,5f3c9a8e-1b2d-4c7e-9a10-2f6b8d4e7c31
PRD-WEB-064,poweredOn,False,False,Hard disk 1,2000,6000C296bf1443324f6a648fcca97f81,[prod-vmfs-05] PRD-WEB-064/PRD-WEB-064.vmdk,81920,False,persistent,sharingNone,True,False,False,False,normal,1000,0,-1,LSI Logic,Hard disk 1,0:0,0,noSharing,[prod-vmfs-05] PRD-WEB-064/PRD-WEB-064.vmdk,,,0,Owner: app-team,,,,DC-East,Prod-Cluster,esx-prod01.corp.example,Prod,Red Hat Enterprise Linux 8 (64-bit),Red Hat Enterprise Linux 8.8 (Ootpa),vm-1063,422f65fab0ae8f08c31edbbcf36cb62b,vcsa01.corp.example,5f3c9a8e-1b2d-4c7e-9a10-2f6b8d4e7c31
PRD-CTX-065,poweredOn,False,False,Hard disk 1,2000,6000C296c3a02289b88ba4454e6c2bae,[prod-vmfs-01] PRD-CTX-065/PRD-CTX-065.vmdk,40960,False,persistent,sharingNone,False,False,False,False,normal,1000,0,-1,LSI Logic SAS,Hard disk 1,0:0,0,noSharing,[prod-vmfs-01] PRD-CTX-065/PRD-CTX-065.vmdk,,,0,Owner: app-team,,,,DC-East,Prod-Cluster,esx-prod05.corp.example,Prod,Microsoft Windows Server 2016 (64-bit),Microsoft Windows Server 2016 Standard,vm-1064,42039f3a4d6168bd2defe1935c62b3a2,vcsa01.corp.example,5f3c9a8e-1b2d-4c7e-9a10-2f6b8d4e7c31
PRD-CTX-065,poweredOn,False,False,Hard disk 2,2001,6000C2939610b3cd459df649cdf9d1d6,[prod-vmfs-01] PRD-CTX-065/PRD-CTX-065_1.vmdk,1024000,False,persistent,sharingNone,True,False,False,False,normal,1000,0,-1,LSI Logic SAS,Hard disk 2,0:1,1,noSharing,[prod-vmfs-01] PRD-CTX-065/PRD-CTX-065_1.vmdk,,,1,,,,,DC-East,Prod-Cluster,esx-prod05.corp.example,Prod,Microsoft Windows Server 2016 (64-bit),Microsoft Windows Server 2016 Standard,vm-1064,42039f3a4d6168bd2defe1935c62b3a2,vcsa01.corp.example,5f3c9a8e-1b2d-4c7e-9a10-2f6b8d4e7c31
PRD-CTX-065,poweredOn,False,False,Hard disk 3,2002,6000C299f5ed6b7fd7876a50ab7a63e3,[prod-vmfs-01] PRD-CTX-065/PRD-CTX-065_2.vmdk,256000,False,persistent,sharingNone,True,False,False,False,normal,1000,0,-1,LSI Logic SAS,Hard disk 3,0:2,2,noSharing,[prod-vmfs-01] PRD-CTX-065/PRD-CTX-065_2.vmdk,,,2,,,,,DC-East,Prod-Cluster,esx-prod05.corp.example,Prod,Microsoft Windows Server 2016 (64-bit),Microsoft Windows Server 2016 Standard,vm-1064,42039f3a4d6168bd2defe1935c62b3a2,vcsa01.corp.example,5f3c9a8e-1b2d-4c7e-9a10-2f6b8d4e7c31
PRD-CTX-065,poweredOn,False,False,Hard disk 4,2003,6000C2976142894a1899598d5b5cfadf,[prod-vmfs-01] PRD-CTX-065/PRD-CTX-065_3.vmdk,102400,False,persistent,sharingNone,True,False,False,False,normal,1000,0,-1,LSI Logic SAS,Hard disk 4,0:3,3,noSharing,[prod-vmfs-01] PRD-CTX-065/PRD-CTX-065_3.vmdk,,,3,,,,,DC-East,Prod-Cluster,esx-prod05.corp.example,Prod,Microsoft Windows Server 2016 (64-bit),Microsoft Windows Server 2016 Standard,vm-1064,42039f3a4d6168bd2defe1935c62b3a2,vcsa01.corp.example,5f3c9a8e-1b2d-4c7e-9a10-2f6b8d4e7c31
PRD-APP-066,poweredOn,False,False,Hard disk 1,2000,6000C29112962c6dbd15e59bfef6f9d7,[prod-vmfs-03] PRD-APP-066/PRD-APP-066.vmdk,81920,False,persistent,sharingNone,True,False,False,False,normal,1000,0,-1,LSI Logic SAS,Hard disk 1,0:0,0,noSharing,[prod-vmfs-03] PRD-APP-066/PRD-APP-066.vmdk,,,0,,,,,DC-East,Prod-Cluster,esx-prod05.corp.example,Prod,Microsoft Windows Server 2016 or later (64-bit),Microsoft Windows Server 2022 Datacenter,vm-1065,420323d3df6a8f931a432f0a7daa39f0,vcsa01.corp.example,5f3c9a8e-1b2d-4c7e-9a10-2f6b8d4e7c31
PRD-SQL-067,poweredOn,False,False,Hard disk 1,2000,6000C2919c9d39253c98fe89ec6ee5ca,[prod-vmfs-01] PRD-SQL-067/PRD-SQL-067.vmdk,61440,False,persistent,sharingNone,True,False,False,False,normal,1000,0,-1,VMware paravirtual SCSI,Hard disk 1,0:0,0,noSharing,[prod-vmfs-01] PRD-SQL-067/PRD-SQL-067.vmdk,,,0,Owner: app-team,,,,DC-East,Prod-Cluster,esx-prod02.corp.example,Prod,SUSE Linux Enterprise 15 (64-bit),SUSE Linux Enterprise Server 15 SP5,vm-1066,4212f70c7de31a516694c34310ba58e3,vcsa01.corp.example,5f3c9a8e-1b2d-4c7e-9a10-2f6b8d4e7c31
PRD-APP-068,poweredOn,False,False,Hard disk 1,2000,6000C295e3311ee6696c5060cbb474a3,[prod-vmfs-05] PRD-APP-068/PRD-APP-068.vmdk,40960,False,persistent,sharingNone,False,False,False,False,normal,1000,0,-1,VMware paravirtual SCSI,Hard disk 1,0:0,0,noSharing,[prod-vmfs-05] PRD-APP-068/PRD-APP-068.vmdk,,,0,Owner: app-team,,,,DC-East,Prod-Cluster,esx-prod05.corp.example,Prod,Ubuntu Linux (64-bit),Ubuntu 18.04.6 LTS,vm-1067,42989bc49b37a22b6a8a616fc3b290d0,vcsa01.corp.example,5f3c9a8e-1b2d-4c7e-9a10-2f6b8d4e7c31
PRD-APP-068,poweredOn,False,False,Hard disk 2,2001,6000C29e3ab551e69537927280f2835e,[prod-vmfs-05] PRD-APP-068/PRD-APP-068_1.vmdk,204800,False,persistent,sharingNone,True,False,False,False,normal,1000,0,-1,VMware paravirtual SCSI,Hard disk 2,0:1,1,noSharing,[prod-vmfs-05] PRD-APP-068/PRD-APP-068_1.vmdk,,,1,,,,,DC-East,Prod-Cluster,esx-prod05.corp.example,Prod,Ubuntu Linux (64-bit),Ubuntu 18.04.6 LTS,vm-1067,42989bc49b37a22b6a8a616fc3b290d0,vcsa01.corp.example,5f3c9a8e-1b2d-4c7e-9a10-2f6b8d4e7c31
PRD-APP-068,poweredOn,False,False,Hard disk 3,2002,6000C295b245e6566d56ccd8000616d1,[prod-vmfs-05] PRD-APP-068/PRD-APP-068_2.vmdk,102400,False,persistent,sharingNone,False,False,False,False,normal,1000,0,-1,VMware paravirtual SCSI,Hard disk 3,0:2,2,noSharing,[prod-vmfs-05] PRD-APP-068/PRD-APP-068_2.vmdk,,,2,,,,,DC-East,Prod-Cluster,esx-prod05.corp.example,Prod,Ubuntu Linux (64-bit),Ubuntu 18.04.6 LTS,vm-1067,42989bc49b37a22b6a8a616fc3b290d0,vcsa01.corp.example,5f3c9a8e-1b2d-4c7e-9a10-2f6b8d4e7c31
PRD-RDS-069,poweredOn,False,False,Hard disk 1,2000,6000C29b1e2d22f6080fc9b3226f93e7,[prod-vmfs-03] PRD-RDS-069/PRD-RDS-069.vmdk,81920,False,persistent,sharingNone,True,False,False,False,normal,1000,0,-1,LSI Logic SAS,Hard disk 1,0:0,0,noSharing,[prod-vmfs-03] PRD-RDS-069/PRD-RDS-069.vmdk,,,0,,,,,DC-East,Prod-Cluster,esx-prod04.corp.example,Prod,Microsoft Windows Server 2016 or later (64-bit),Microsoft Windows Server 2022 Datacenter,vm-1068,42f5c9b09c10c5720f6b40d09efba58b,vcsa01.corp.example,5f3c9a8e-1b2d-4c7e-9a10-2f6b8d4e7c31
PRD-RDS-069,poweredOn,False,False,Hard disk 2,2001,6000C29ca08ba0ef5ddc46f0344410e5,[prod-vmfs-03] PRD-RDS-069/PRD-RDS-069_1.vmdk,512000,False,persistent,sharingNone,True,False,False,False,normal,1000,0,-1,LSI Logic SAS,Hard disk 2,0:1,1,noSharing,[prod-vmfs-03] PRD-RDS-069/PRD-RDS-069_1.vmdk,,,1,,,,,DC-East,Prod-Cluster,esx-prod04.corp.example,Prod,Microsoft Windows Server 2016 or later (64-bit),Microsoft Windows Server 2022 Datacenter,vm-1068,42f5c9b09c10c5720f6b40d09efba58b,vcsa01.corp.example,5f3c9a8e-1b2d-4c7e-9a10-2f6b8d4e7c31
PRD-WEB-070,poweredOn,False,False,Hard disk 1,2000,6000C2936f4327cc1bc2b4b46a40e733,[prod-vmfs-01] PRD-WEB-070/PRD-WEB-070.vmdk,102400,False,persistent,sharingNone,True,False,False,False,normal,1000,0,-1,LSI Logic SAS,Hard disk 1,0:0,0,noSharing,[prod-vmfs-01] PRD-WEB-070/PRD-WEB-070.vmdk,,,0,,,,,DC-East,Prod-Cluster,esx-prod03.corp.example,Prod,Microsoft Windows Server 2012 (64-bit),Microsoft Windows Server 2012 R2 Standard,vm-1069,4268949b00af5b3a2812859a1337739e,vcsa01.corp.example,5f3c9a8e-1b2d-4c7e-9a10-2f6b8d4e7c31
PRD-WEB-070,poweredOn,False,False,Hard disk 2,2001,6000C298b6b4d8e74421c1e12a8b5fc8,[prod-vmfs-01] PRD-WEB-070/PRD-WEB-070_1.vmdk,2048000,False,persistent,sharingNone,True,False,False,False,normal,1000,0,-1,LSI Logic SAS,Hard disk 2,0:1,1,noSharing,[prod-vmfs-01] PRD-WEB-070/PRD-WEB-070_1.vmdk,,,1,,,,,DC-East,Prod-Cluster,esx-prod03.corp.example,Prod,Microsoft Windows Server 2012 (64-bit),Microsoft Windows Server 2012 R2 Standard,vm-1069,4268949b00af5b3a2812859a1337739e,vcsa01.corp.example,5f3c9a8e-1b2d-4c7e-9a10-2f6b8d4e7c31
PRD-WEB-070,poweredOn,False,False,Hard disk 3,2002,6000C29f87e6d238ad592953e24297fc,[prod-vmfs-01] PRD-WEB-070/PRD-WEB-070_2.vmdk,2048000,False,persistent,sharingNone,False,False,False,False,normal,1000,0,-1,LSI Logic SAS,Hard disk 3,0:2,2,noSharing,[prod-vmfs-01] PRD-WEB-070/PRD-WEB-070_2.vmdk,,,2,,,,,DC-East,Prod-Cluster,esx-prod03.corp.example,Prod,Microsoft Windows Server 2012 (64-bit),Microsoft Windows Server 2012 R2 Standard,vm-1069,4268949b00af5b3a2812859a1337739e,vcsa01.corp.example,5f3c9a8e-1b2d-4c7e-9a10-2f6b8d4e7c31
PRD-APP-071,poweredOn,False,False,Hard disk 1,2000,6000C29467e39166323eba41052089dc,[prod-vmfs-05] PRD-APP-071/PRD-APP-071.vmdk,61440,False,persistent,sharingNone,True,False,False,False,normal,1000,0,-1,LSI Logic SAS,Hard disk 1,0:0,0,noSharing,[prod-vmfs-05] PRD-APP-071/PRD-APP-071.vmdk,,,0,,,,,DC-East,Prod-Cluster,esx-prod02.corp.example,Prod,Microsoft Windows Server 2016 or later (64-bit),Microsoft Windows Server 2022 Datacenter,vm-1070,42c9af1843b9da13ec856f373bc1a987,vcsa01.corp.example,5f3c9a8e-1b2d-4c7e-9a10-2f6b8d4e7c31
PRD-APP-071,poweredOn,False,False,Hard disk 2,2001,6000C291ed6018d977019d4489131a4a,[prod-vmfs-05] PRD-APP-071/PRD-APP-071_1.vmdk,2048000,False,persistent,sharingNone,True,False,False,False,normal,1000,0,-1,LSI Logic SAS,Hard disk 2,0:1,1,noSharing,[prod-vmfs-05] PRD-APP-071/PRD-APP-071_1.vmdk,,,1,,,,,DC-East,Prod-Cluster,esx-prod02.corp.example,Prod,Microsoft Windows Server 2016 or later (64-bit),Microsoft Windows Server 2022 Datacenter,vm-1070,42c9af1843b9da13ec856f373bc1a987,vcsa01.corp.example,5f3c9a8e-1b2d-4c7e-9a10-2f6b8d4e7c31
PRD-APP-071,poweredOn,False,False,Hard disk 3,2002,6000C292b1cbe822cbee18761d876a3e,[prod-vmfs-04] PRD-APP-071/PRD-APP-071_2.vmdk,1024000,False,persistent,sharingNone,True,False,False,False,normal,1000,0,-1,LSI Logic SAS,Hard disk 3,0:2,2,noSharing,[prod-vmfs-04] PRD-APP-071/PRD-APP-071_2.vmdk,,,2,,,,,DC-East,Prod-Cluster,esx-prod02.corp.example,Prod,Microsoft Windows Server 2016 or later (64-bit),Microsoft Windows Server 2022 Datacenter,vm-1070,42c9af1843b9da13ec856f373bc1a987,vcsa01.corp.example,5f3c9a8e-1b2d-4c7e-9a10-2f6b8d4e7c31
PRD-WEB-072,poweredOn,False,False,Hard disk 1,2000,6000C298866b5f4456d00a821564b478,[prod-vmfs-05] PRD-WEB-072/PRD-WEB-072.vmdk,40960,False,persistent,sharingNone,False,False,False,False,normal,1000,0,-1,LSI Logic SAS,Hard disk 1,0:0,0,noSharing,[prod-vmfs-05] PRD-WEB-072/PRD-WEB-072.vmdk,,,0,Owner: app-team,,,,DC-East,Prod-Cluster,esx-prod04.corp.example,Prod,Microsoft Windows Server 2019 (64-bit),Microsoft Windows Server 2019 Standard,vm-1071,421247ea246998e8d39e198b44007d5a,vcsa01.corp.example,5f3c9a8e-1b2d-4c7e-9a10-2f6b8d4e7c31
PRD-CTX-073,poweredOn,False,False,Hard disk 1,2000,6000C29275fd7d83526443bac298823a,[prod-vmfs-01] PRD-CTX-073/PRD-CTX-073.vmdk,102400,False,persistent,sharingNone,False,True,False,False,normal,1000,0,-1,LSI Logic SAS,Hard disk 1,0:0,0,noSharing,[prod-vmfs-01] PRD-CTX-073/PRD-CTX-073.vmdk,,,0,,,,,DC-East,Prod-Cluster,esx-prod03.corp.example,Prod,Microsoft Windows Server 2016 or later (64-bit),Microsoft Windows Server 2022 Datacenter,vm-1072,428a3c3b801ef1da45b1ed25f1533ae8,vcsa01.corp.example,5f3c9a8e-1b2d-4c7e-9a10-2f6b8d4e7c31
PRD-FS-074,poweredOn,False,False,Hard disk 1,2000,6000C29719279b44ce2cf16bf3fd9e32,[prod-vmfs-04] PRD-FS-074/PRD-FS-074.vmdk,61440,False,persistent,sharingNone,True,False,False,False,normal,1000,0,-1,LSI Logic SAS,Hard disk 1,0:0,0,noSharing,[prod-vmfs-04] PRD-FS-074/PRD-FS-074.vmdk,,,0,,,,,DC-East,Prod-Cluster,esx-prod06.corp.example,Prod,Microsoft Windows Server 2016 or later (64-bit),Microsoft Windows Server 2022 Datacenter,vm-1073,42dc4ad5d6016237ac9ed156f63fce41,vcsa01.corp.example,5f3c9a8e-1b2d-4c7e-9a10-2f6b8d4e7c31
PRD-WEB-075,poweredOn,False,False,Hard disk 1,2000,6000C292d0116cb38bb7ecee15c535c9,[prod-vmfs-01] PRD-WEB-075/PRD-WEB-075.vmdk,102400,False,persistent,sharingNone,False,False,False,False,normal,1000,0,-1,LSI Logic SAS,Hard disk 1,0:0,0,noSharing,[prod-vmfs-01] PRD-WEB-075/PRD-WEB-075.vmdk,,,0,,,,,DC-East,Prod-Cluster,esx-prod05.corp.example,Prod,Microsoft Windows Server 2019 (64-bit),Microsoft Windows Server 2019 Standard,vm-1074,422e7612473544f9ea83bf007135f221,vcsa01.corp.example,5f3c9a8e-1b2d-4c7e-9a10-2f6b8d4e7c31
PRD-WEB-075,poweredOn,False,False,Hard disk 2,2001,6000C2947a0e25398a3e50b5938df7c1,[prod-vmfs-01] PRD-WEB-075/PRD-WEB-075_1.vmdk,204800,False,persistent,sharingNone,True,False,False,False,normal,1000,0,-1,LSI Logic SAS,Hard disk 2,0:1,1,noSharing,[prod-vmfs-01] PRD-WEB-075/PRD-WEB-075_1.vmdk,,,1,,,,,DC-East,Prod-Cluster,esx-prod05.corp.example,Prod,Microsoft Windows Server 2019 (64-bit),Microsoft Windows Server 2019 Standard,vm-1074,422e7612473544f9ea83bf007135f221,vcsa01.corp.example,5f3c9a8e-1b2d-4c7e-9a10-2f6b8d4e7c31
PRD-WEB-075,poweredOn,False,False,Hard disk 3,2002,6000C292139c4fd6c49acd85e9066120,[prod-vmfs-01] PRD-WEB-075/PRD-WEB-075_2.vmdk,1024000,False,persistent,sharingNone,True,False,False,False,normal,1000,0,-1,LSI Logic SAS,Hard disk 3,0:2,2,noSharing,[prod-vmfs-01] PRD-WEB-075/PRD-WEB-075_2.vmdk,,,2,Owner: app-team,,,,DC-East,Prod-Cluster,esx-prod05.corp.example,Prod,Microsoft Windows Server 2019 (64-bit),Microsoft Windows Server 2019 Standard,vm-1074,422e7612473544f9ea83bf007135f221,vcsa01.corp.example,5f3c9a8e-1b2d-4c7e-9a10-2f6b8d4e7c31
PRD-WEB-075,poweredOn,False,False,Hard disk 4,2003,6000C299805cc2d749fa68d6c362f40b,[prod-vmfs-02] PRD-WEB-075/PRD-WEB-075_3.vmdk,2048000,False,persistent,sharingNone,True,False,False,False,normal,1000,0,-1,LSI Logic SAS,Hard disk 4,0:3,3,noSharing,[prod-vmfs-02] PRD-WEB-075/PRD-WEB-075_3.vmdk,,,3,,,,,DC-East,Prod-Cluster,esx-prod05.corp.example,Prod,Microsoft Windows Server 2019 (64-bit),Microsoft Windows Server 2019 Standard,vm-1074,422e7612473544f9ea83bf007135f221,vcsa01.corp.example,5f3c9a8e-1b2d-4c7e-9a10-2f6b8d4e7c31
PRD-RDS-076,poweredOn,False,False,Hard disk 1,2000,6000C294cc3613692636c24569b88f33,[prod-vmfs-01] PRD-RDS-076/PRD-RDS-076.vmdk,102400,False,persistent,sharingNone,True,False,False,False,normal,1000,0,-1,LSI Logic SAS,Hard disk 1,0:0,0,noSharing,[prod-vmfs-01] PRD-RDS-076/PRD-RDS-076.vmdk,,,0,,,,,DC-East,Prod-Cluster,esx-prod01.corp.example,Prod,Microsoft Windows Server 2016 or later (64-bit),Microsoft Windows Server 2022 Datacenter,vm-1075,42546e03292bd156db9465701ac70ec0,vcsa01.corp.example,5f3c9a8e-1b2d-4c7e-9a10-2f6b8d4e7c31
PRD-FS-077,poweredOn,False,False,Hard disk 1,2000,6000C2978eea487f9d3cc9cadb247ea2,[prod-vmfs-01] PRD-FS-077/PRD-FS-077.vmdk,40960,False,persistent,sharingNone,True,False,False,False,normal,1000,0,-1,VMware paravirtual SCSI,Hard disk 1,0:0,0,noSharing,[prod-vmfs-01] PRD-FS-077/PRD-FS-077.vmdk,,,0,,,,,DC-East,Prod-Cluster,esx-prod05.corp.example,Prod,Microsoft Windows Server 2019 (64-bit),Microsoft Windows Server 2019 Standard,vm-1076,42677804c5c5b37af85e06a11dad09b2,vcsa01.corp.example,5f3c9a8e-1b2d-4c7e-9a10-2f6b8d4e7c31
PRD-SVC-078,poweredOn,False,False,Hard disk 1,2000,6000C29a42f8bae40145d3dfbd0ebe4e,[prod-vmfs-02] PRD-SVC-078/PRD-SVC-078.vmdk,40960,False,persistent,sharingNone,True,False,False,False,normal,1000,0,-1,LSI Logic SAS,Hard disk 1,0:0,0,noSharing,[prod-vmfs-02] PRD-SVC-078/PRD-SVC-078.vmdk,,,0,,,,,DC-East,Prod-Cluster,esx-prod04.corp.example,Prod,Microsoft Windows Server 2016 or later (64-bit),Microsoft Windows Server 2022 Datacenter,vm-1077,42712998a01ac9927f9d3e64c1a6423b,vcsa01.corp.example,5f3c9a8e-1b2d-4c7e-9a10-2f6b8d4e7c31
PRD-APP-079,poweredOn,False,False,Hard disk 1,2000,6000C294ad8b0dd99e7badb8666bd0ee,[prod-vmfs-01] PRD-APP-079/PRD-APP-079.vmdk,40960,False,persistent,sharingNone,True,False,False,False,normal,1000,0,-1,LSI Logic SAS,Hard disk 1,0:0,0,noSharing,[prod-vmfs-01] PRD-APP-079/PRD-APP-079.vmdk,,,0,,,,,DC-East,Prod-Cluster,esx-prod03.corp.example,Prod,Microsoft Windows Server 2016 or later (64-bit),Microsoft Windows Server 2022 Datacenter,vm-1078,42cc9fd39bdf0377a14923c2f920264c,vcsa01.corp.example,5f3c9a8e-1b2d-4c7e-9a10-2f6b8d4e7c31
PRD-APP-079,poweredOn,False,False,Hard disk 2,2001,6000C29aa52aea2492489bee858fab60,[prod-vmfs-01] PRD-APP-079/PRD-APP-079_1.vmdk,2048000,False,persistent,sharingNone,False,False,False,False,normal,1000,0,-1,LSI Logic SAS,Hard disk 2,0:1,1,noSharing,[prod-vmfs-01] PRD-APP-079/PRD-APP-079_1.vmdk,,,1,,,,,DC-East,Prod-Cluster,esx-prod03.corp.example,Prod,Microsoft Windows Server 2016 or later (64-bit),Microsoft Windows Server 2022 Datacenter,vm-1078,42cc9fd39bdf0377a14923c2f920264c,vcsa01.corp.example,5f3c9a8e-1b2d-4c7e-9a10-2f6b8d4e7c31
PRD-APP-079,poweredOn,False,False,Hard disk 3,2002,6000C2924c2ea4dc685b2cbc4eb818dd,[prod-vmfs-01] PRD-APP-079/PRD-APP-079_2.vmdk,1024000,False,persistent,sharingNone,True,False,False,False,normal,1000,0,-1,LSI Logic SAS,Hard disk 3,0:2,2,noSharing,[prod-vmfs-01] PRD-APP-079/PRD-APP-079_2.vmdk,,,2,Owner: app-team,,,,DC-East,Prod-Cluster,esx-prod03.corp.example,Prod,Microsoft Windows Server 2016 or later (64-bit),Microsoft Windows Server 2022 Datacenter,vm-1078,42cc9fd39bdf0377a14923c2f920264c,vcsa01.corp.example,5f3c9a8e-1b2d-4c7e-9a10-2f6b8d4e7c31
PRD-APP-080,poweredOn,False,False,Hard disk 1,2000,6000C2920ad56e56df9b87b0ddc418d2,[prod-vmfs-05] PRD-APP-080/PRD-APP-080.vmdk,61440,False,persistent,sharingNone,True,False,False,False,normal,1000,0,-1,LSI Logic SAS,Hard disk 1,0:0,0,noSharing,[prod-vmfs-05] PRD-APP-080/PRD-APP-080.vmdk,,,0,,,,,DC-East,Prod-Cluster,esx-prod05.corp.example,Prod,Microsoft Windows Server 2016 or later (64-bit),Microsoft Windows Server 2022 Datacenter,vm-1079,42276aa6d50755d9a5d04d531e1242e3,vcsa01.corp.example,5f3c9a8e-1b2d-4c7e-9a10-2f6b8d4e7c31
PRD-WEB-081,poweredOn,False,False,Hard disk 1,2000,6000C293c5a435cb05c208e0eb056b48,[prod-vmfs-02] PRD-WEB-081/PRD-WEB-081.vmdk,40960,False,persistent,sharingNone,True,False,False,False,normal,1000,0,-1,LSI Logic SAS,Hard disk 1,0:0,0,noSharing,[prod-vmfs-02] PRD-WEB-081/PRD-WEB-081.vmdk,,,0,,,,,DC-East,Prod-Cluster,esx-prod04.corp.example,Prod,CentOS 7 (64-bit),CentOS Linux 7 (Core),vm-1080,42ebff8d30cbd7556232b17a25074181,vcsa01.corp.example,5f3c9a8e-1b2d-4c7e-9a10-2f6b8d4e7c31
PRD-WEB-081,poweredOn,False,False,Hard disk 2,2001,6000C29b8e5bef683dcf3be05e4d9d2f,[prod-vmfs-02] PRD-WEB-081/PRD-WEB-081_1.vmdk,1024000,False,persistent,sharingNone,False,False,False,False,normal,1000,0,-1,LSI Logic SAS,Hard disk 2,0:1,1,noSharing,[prod-vmfs-02] PRD-WEB-081/PRD-WEB-081_1.vmdk,,,1,,,,,DC-East,Prod-Cluster,esx-prod04.corp.example,Prod,CentOS 7 (64-bit),CentOS Linux 7 (Core),vm-1080,42ebff8d30cbd7556232b17a25074181,vcsa01.corp.example,5f3c9a8e-1b2d-4c7e-9a10-2f6b8d4e7c31
PRD-WEB-081,poweredOn,False,False,Hard disk 3,2002,6000C294fb780253d4961e602daf33de,[prod-vmfs-02] PRD-WEB-081/PRD-WEB-081_2.vmdk,102400,False,persistent,sharingNone,True,False,False,False,normal,1000,0,-1,LSI Logic SAS,Hard disk 3,0:2,2,noSharing,[prod-vmfs-02] PRD-WEB-081/PRD-WEB-081_2.vmdk,,,2,,,,,DC-East,Prod-Cluster,esx-prod04.corp.example,Prod,CentOS 7 (64-bit),CentOS Linux 7 (Core),vm-1080,42ebff8d30cbd7556232b17a25074181,vcsa01.corp.example,5f3c9a8e-1b2d-4c7e-9a10-2f6b8d4e7c31
PRD-WEB-081,poweredOn,False,False,Hard disk 4,2003,6000C2997736fb28225e75c8f8f431f9,[prod-vmfs-02] PRD-WEB-081/PRD-WEB-081_3.vmdk,102400,False,persistent,sharingNone,False,False,False,False,normal,1000,0,-1,LSI Logic SAS,Hard disk 4,0:3,3,noSharing,[prod-vmfs-02] PRD-WEB-081/PRD-WEB-081_3.vmdk,,,3,,,,,DC-East,Prod-Cluster,esx-prod04.corp.example,Prod,CentOS 7 (64-bit),CentOS Linux 7 (Core),vm-1080,42ebff8d30cbd7556232b17a25074181,vcsa01.corp.example,5f3c9a8e-1b2d-4c7e-9a10-2f6b8d4e7c31
PRD-APP-082,poweredOff,False,False,Hard disk 1,2000,6000C291ce529b862433d80dce8437fc,[prod-vmfs-01] PRD-APP-082/PRD-APP-082.vmdk,81920,False,persistent,sharingNone,True,False,False,False,normal,1000,0,-1,LSI Logic SAS,Hard disk 1,0:0,0,noSharing,[prod-vmfs-01] PRD-APP-082/PRD-APP-082.vmdk,,,0,Owner: app-team,,,,DC-East,Prod-Cluster,esx-prod03.corp.example,Prod,Red Hat Enterprise Linux 8 (64-bit),,vm-1081,4200a81dd20f87d044656d6b81fb18b3,vcsa01.corp.example,5f3c9a8e-1b2d-4c7e-9a10-2f6b8d4e7c31
PRD-RDS-083,poweredOn,False,False,Hard disk 1,2000,6000C29e0a09bdc139c8a117ffdb88d7,[prod-vmfs-01] PRD-RDS-083/PRD-RDS-083.vmdk,102400,False,persistent,sharingNone,True,False,False,False,normal,1000,0,-1,VMware paravirtual SCSI,Hard disk 1,0:0,0,noSharing,[prod-vmfs-01] PRD-RDS-083/PRD-RDS-083.vmdk,,,0,,,,,DC-East,Prod-Cluster,esx-prod02.corp.example,Prod,Microsoft Windows Server 2016 or later (64-bit),Microsoft Windows Server 2022 Datacenter,vm-1082,427491766090d6978b1e3b9dc34b9fbb,vcsa01.corp.example,5f3c9a8e-1b2d-4c7e-9a10-2f6b8d4e7c31
PRD-RDS-083,poweredOn,False,False,Hard disk 2,2001,6000C29f13abd39bb92e2cab08e5dd93,[prod-vmfs-01] PRD-RDS-083/PRD-RDS-083_1.vmdk,768000,False,persistent,sharingNone,True,False,False,False,normal,1000,0,-1,VMware paravirtual SCSI,Hard disk 2,0:1,1,noSharing,[prod-vmfs-01] PRD-RDS-083/PRD-RDS-083_1.vmdk,,,1,Owner: app-team,,,,DC-East,Prod-Cluster,esx-prod02.corp.example,Prod,Microsoft Windows Server 2016 or later (64-bit),Microsoft Windows Server 2022 Datacenter,vm-1082,427491766090d6978b1e3b9dc34b9fbb,vcsa01.corp.example,5f3c9a8e-1b2d-4c7e-9a10-2f6b8d4e7c31
PRD-CTX-084,poweredOn,False,False,Hard disk 1,2000,6000C2981cacfd9f6a3eed4fc7547e4d,[prod-vmfs-02] PRD-CTX-084/PRD-CTX-084.vmdk,61440,False,persistent,sharingNone,True,False,False,False,normal,1000,0,-1,VMware paravirtual SCSI,Hard disk 1,0:0,0,noSharing,[prod-vmfs-02] PRD-CTX-084/PRD-CTX-084.vmdk,,,0,Owner: app-team,,,,DC-East,Prod-Cluster,esx-prod04.corp.example,Prod,Microsoft Windows Server 2019 (64-bit),Microsoft Windows Server 2019 Standard,vm-1083,42cfb87ee9d68f23b489d0707914f8a8,vcsa01.corp.example,5f3c9a8e-1b2d-4c7e-9a10-2f6b8d4e7c31
PRD-CTX-084,poweredOn,False,False,Hard disk 2,2001,6000C290eca0a912861c53de98e1e160,[prod-vmfs-02] PRD-CTX-084/PRD-CTX-084_1.vmdk,512000,False,persistent,sharingNone,False,False,False,False,normal,1000,0,-1,VMware paravirtual SCSI,Hard disk 2,0:1,1,noSharing,[prod-vmfs-02] PRD-CTX-084/PRD-CTX-084_1.vmdk,,,1,Owner: app-team,,,,DC-East,Prod-Cluster,esx-prod04.corp.example,Prod,Microsoft Windows Server 2019 (64-bit),Microsoft Windows Server 2019 Standard,vm-1083,42cfb87ee9d68f23b489d0707914f8a8,vcsa01.corp.example,5f3c9a8e-1b2d-4c7e-9a10-2f6b8d4e7c31
PRD-RDS-085,poweredOn,False,False,Hard disk 1,2000,6000C298deef79951f884ed9cefabf95,[prod-vmfs-04] PRD-RDS-085/PRD-RDS-085.vmdk,61440,False,persistent,sharingNone,True,False,False,False,normal,1000,0,-1,LSI Logic SAS,Hard disk 1,0:0,0,noSharing,[prod-vmfs-04] PRD-RDS-085/PRD-RDS-085.vmdk,,,0,,,,,DC-East,Prod-Cluster,esx-prod01.corp.example,Prod,Microsoft Windows Server 2019 (64-bit),Microsoft Windows Server 2019 Standard,vm-1084,421986b470b7e868d85480f0dfcaf0b7,vcsa01.corp.example,5f3c9a8e-1b2d-4c7e-9a10-2f6b8d4e7c31
PRD-RDS-085,poweredOn,False,False,Hard disk 2,2001,6000C2981bddfef5496e186a93350c77,[prod-vmfs-04] PRD-RDS-085/PRD-RDS-085_1.vmdk,204800,False,persistent,sharingNone,False,True,False,False,normal,1000,0,-1,LSI Logic SAS,Hard disk 2,0:1,1,noSharing,[prod-vmfs-04] PRD-RDS-085/PRD-RDS-085_1.vmdk,,,1,Owner: app-team,,,,DC-East,Prod-Cluster,esx-prod01.corp.example,Prod,Microsoft Windows Server 2019 (64-bit),Microsoft Windows Server 2019 Standard,vm-1084,421986b470b7e868d85480f0dfcaf0b7,vcsa01.corp.example,5f3c9a8e-1b2d-4c7e-9a10-2f6b8d4e7c31
PRD-APP-086,poweredOn,False,False,Hard disk 1,2000,6000C29bdb768604befae203b206da83,[prod-vmfs-02] PRD-APP-086/PRD-APP-086.vmdk,81920,False,persistent,sharingNone,True,False,False,False,normal,1000,0,-1,LSI Logic SAS,Hard disk 1,0:0,0,noSharing,[prod-vmfs-02] PRD-APP-086/PRD-APP-086.vmdk,,,0,Owner: app-team,,,,DC-East,Prod-Cluster,esx-prod04.corp.example,Prod,CentOS 7 (64-bit),CentOS Linux 7 (Core),vm-1085,429f8ded56abf2f143d88870f81dbaa1,vcsa01.corp.example,5f3c9a8e-1b2d-4c7e-9a10-2f6b8d4e7c31
PRD-SQL-087,poweredOn,False,False,Hard disk 1,2000,6000C290d8b6a5b0c7c22f1b6d3026db,[prod-vmfs-02] PRD-SQL-087/PRD-SQL-087.vmdk,81920,False,persistent,sharingNone,True,False,False,False,normal,1000,0,-1,LSI Logic SAS,Hard disk 1,0:0,0,noSharing,[prod-vmfs-02] PRD-SQL-087/PRD-SQL-087.vmdk,,,0,,,,,DC-East,Prod-Cluster,esx-prod06.corp.example,Prod,CentOS 7 (64-bit),CentOS Linux 7 (Core),vm-1086,42df547e7cea2045c268283ee32f2e63,vcsa01.corp.example,5f3c9a8e-1b2d-4c7e-9a10-2f6b8d4e7c31
PRD-WEB-088,poweredOn,False,False,Hard disk 1,2000,6000C296d140f9670d5348d15b15674d,[prod-vmfs-01] PRD-WEB-088/PRD-WEB-088.vmdk,40960,False,persistent,sharingNone,True,False,False,False,normal,1000,0,-1,VMware paravirtual SCSI,Hard disk 1,0:0,0,noSharing,[prod-vmfs-01] PRD-WEB-088/PRD-WEB-088.vmdk,,,0,,,,,DC-East,Prod-Cluster,esx-prod02.corp.example,Prod,Red Hat Enterprise Linux 8 (64-bit),Red Hat Enterprise Linux 8.8 (Ootpa),vm-1087,427194ea19bad7aedf615a5cb4323070,vcsa01.corp.example,5f3c9a8e-1b2d-4c7e-9a10-2f6b8d4e7c31
PRD-SQL-089,poweredOn,False,False,Hard disk 1,2000,6000C293c7be05c6728ac5fdfc32964b,[prod-vmfs-01] PRD-SQL-089/PRD-SQL-089.vmdk,61440,False,persistent,sharingNone,True,False,False,False,normal,1000,0,-1,VMware paravirtual SCSI,Hard disk 1,0:0,0,noSharing,[prod-vmfs-01] PRD-SQL-089/PRD-SQL-089.vmdk,,,0,,,,,DC-East,Prod-Cluster,esx-prod01.corp.example,Prod,Microsoft Windows Server 2016 or later (64-bit),Microsoft Windows Server 2022 Datacenter,vm-1088,42ae8a7890e0a95b697c392387fa841a,vcsa01.corp.example,5f3c9a8e-1b2d-4c7e-9a10-2f6b8d4e7c31
PRD-SQL-089,poweredOn,False,False,Hard disk 2,2001,6000C29adce2ab067a15422e3cc7edc8,[prod-vmfs-01] PRD-SQL-089/PRD-SQL-089_1.vmdk,2048000,False,persistent,sharingNone,False,True,False,False,normal,1000,0,-1,VMware paravirtual SCSI,Hard disk 2,0:1,1,noSharing,[prod-vmfs-01] PRD-SQL-089/PRD-SQL-089_1.vmdk,,,1,,,,,DC-East,Prod-Cluster,esx-prod01.corp.example,Prod,Microsoft Windows Server 2016 or later (64-bit),Microsoft Windows Server 2022 Datacenter,vm-1088,42ae8a7890e0a95b697c392387fa841a,vcsa01.corp.example,5f3c9a8e-1b2d-4c7e-9a10-2f6b8d4e7c31
PRD-CTX-090,poweredOff,False,False,Hard disk 1,2000,6000C29581e4ee990c286323d27f6d1f,[prod-vmfs-01] PRD-CTX-090/PRD-CTX-090.vmdk,102400,False,persistent,sharingNone,True,False,False,False,normal,1000,0,-1,LSI Logic SAS,Hard disk 1,0:0,0,noSharing,[prod-vmfs-01] PRD-CTX-090/PRD-CTX-090.vmdk,,,0,,,,,DC-East,Prod-Cluster,esx-prod04.corp.example,Prod,Microsoft Windows Server 2012 (64-bit),,vm-1089,42a34db7760debbb3b70b3a124a35cf2,vcsa01.corp.example,5f3c9a8e-1b2d-4c7e-9a10-2f6b8d4e7c31
PRD-CTX-090,poweredOff,False,False,Hard disk 2,2001,6000C29c10995969b521d09594b22af0,[prod-vmfs-01] PRD-CTX-090/PRD-CTX-090_1.vmdk,2048000,False,persistent,sharingNone,True,False,False,False,normal,1000,0,-1,LSI Logic SAS,Hard disk 2,0:1,1,noSharing,[prod-vmfs-01] PRD-CTX-090/PRD-CTX-090_1.vmdk,,,1,Owner: app-team,,,,DC-East,Prod-Cluster,esx-prod04.corp.example,Prod,Microsoft Windows Server 2012 (64-bit),,vm-1089,42a34db7760debbb3b70b3a124a35cf2,vcsa01.corp.example,5f3c9a8e-1b2d-4c7e-9a10-2f6b8d4e7c31
PRD-CTX-090,poweredOff,False,False,Hard disk 3,2002,6000C290ef59a4b52e89015e92f765e7,[prod-vmfs-01] PRD-CTX-090/PRD-CTX-090_2.vmdk,256000,False,persistent,sharingNone,False,True,False,False,normal,1000,0,-1,LSI Logic SAS,Hard disk 3,0:2,2,noSharing,[prod-vmfs-01] PRD-CTX-090/PRD-CTX-090_2.vmdk,,,2,,,,,DC-East,Prod-Cluster,esx-prod04.corp.example,Prod,Microsoft Windows Server 2012 (64-bit),,vm-1089,42a34db7760debbb3b70b3a124a35cf2,vcsa01.corp.example,5f3c9a8e-1b2d-4c7e-9a10-2f6b8d4e7c31
PRD-RDS-091,poweredOn,False,False,Hard disk 1,2000,6000C29abad16e1dbefb1a1599adf607,[prod-vmfs-03] PRD-RDS-091/PRD-RDS-091.vmdk,61440,False,persistent,sharingNone,False,False,False,False,normal,1000,0,-1,VMware paravirtual SCSI,Hard disk 1,0:0,0,noSharing,[prod-vmfs-03] PRD-RDS-091/PRD-RDS-091.vmdk,,,0,,,,,DC-East,Prod-Cluster,esx-prod03.corp.example,Prod,Microsoft Windows Server 2012 (64-bit),Microsoft Windows Server 2012 R2 Standard,vm-1090,424c955f966b1964fcd6bdca5876fd09,vcsa01.corp.example,5f3c9a8e-1b2d-4c7e-9a10-2f6b8d4e7c31
PRD-RDS-091,poweredOn,False,False,Hard disk 2,2001,6000C29174c9abd9daacfe2bfb32440e,[prod-vmfs-03] PRD-RDS-091/PRD-RDS-091_1.vmdk,204800,False,persistent,sharingNone,True,False,False,False,normal,1000,0,-1,VMware paravirtual SCSI,Hard disk 2,0:1,1,noSharing,[prod-vmfs-03] PRD-RDS-091/PRD-RDS-091_1.vmdk,,,1,,,,,DC-East,Prod-Cluster,esx-prod03.corp.example,Prod,Microsoft Windows Server 2012 (64-bit),Microsoft Windows Server 2012 R2 Standard,vm-1090,424c955f966b1964fcd6bdca5876fd09,vcsa01.corp.example,5f3c9a8e-1b2d-4c7e-9a10-2f6b8d4e7c31
PRD-RDS-092,poweredOn,False,False,Hard disk 1,2000,6000C2921bbd251330bc76c4e3fa6893,[prod-vmfs-01] PRD-RDS-092/PRD-RDS-092.vmdk,40960,False,persistent,sharingNone,True,False,False,False,normal,1000,0,-1,LSI Logic SAS,Hard disk 1,0:0,0,noSharing,[prod-vmfs-01] PRD-RDS-092/PRD-RDS-092.vmdk,,,0,,,,,DC-East,Prod-Cluster,esx-prod03.corp.example,Prod,Microsoft Windows Server 2019 (64-bit),Microsoft Windows Server 2019 Standard,vm-1091,429326df5be4bf519269869861a11729,vcsa01.corp.example,5f3c9a8e-1b2d-4c7e-9a10-2f6b8d4e7c31
PRD-FS-093,poweredOff,False,False,Hard disk 1,2000,6000C2978ed31834fd721fc205e0c019,[prod-vmfs-01] PRD-FS-093/PRD-FS-093.vmdk,61440,False,persistent,sharingNone,True,False,False,False,normal,1000,0,-1,LSI Logic SAS,Hard disk 1,0:0,0,noSharing,[prod-vmfs-01] PRD-FS-093/PRD-FS-093.vmdk,,,0,Owner: app-team,,,,DC-East,Prod-Cluster,esx-prod03.corp.example,Prod,Microsoft Windows Server 2019 (64-bit),,vm-1092,42e776b8d534ee1d7f2984f5bec39a37,vcsa01.corp.example,5f3c9a8e-1b2d-4c7e-9a10-2f6b8d4e7c31
PRD-FS-093,poweredOff,False,False,Hard disk 2,2001,6000C29c7509d8ba1e22ade1a3e6bbfd,[prod-vmfs-04] PRD-FS-093/PRD-FS-093_1.vmdk,51200,False,persistent,sharingNone,False,False,False,False,normal,1000,0,-1,LSI Logic SAS,Hard disk 2,0:1,1,noSharing,[prod-vmfs-04] PRD-FS-093/PRD-FS-093_1.vmdk,,,1,,,,,DC-East,Prod-Cluster,esx-prod03.corp.example,Prod,Microsoft Windows Server 2019 (64-bit),,vm-1092,42e776b8d534ee1d7f2984f5bec39a37,vcsa01.corp.example,5f3c9a8e-1b2d-4c7e-9a10-2f6b8d4e7c31
PRD-SQL-094,poweredOn,False,False,Hard disk 1,2000,6000C29ea842232523763f57852c62ce,[prod-vmfs-04] PRD-SQL-094/PRD-SQL-094.vmdk,40960,False,persistent,sharingNone,True,False,False,False,normal,1000,0,-1,VMware paravirtual SCSI,Hard disk 1,0:0,0,noSharing,[prod-vmfs-04] PRD-SQL-094/PRD-SQL-094.vmdk,,,0,,,,,DC-East,Prod-Cluster,esx-prod02.corp.example,Prod,Microsoft Windows Server 2012 (64-bit),Microsoft Windows Server 2012 R2 Standard,vm-1093,42ae4c84a8c01f05c478f6f1b88ec318,vcsa01.corp.example,5f3c9a8e-1b2d-4c7e-9a10-2f6b8d4e7c31
PRD-SQL-094,poweredOn,False,False,Hard disk 2,2001,6000C29fd19b1b23d6023639047ad506,[prod-vmfs-01] PRD-SQL-094/PRD-SQL-094_1.vmdk,256000,False,persistent,sharingNone,True,False,False,False,normal,1000,0,-1,VMware paravirtual SCSI,Hard disk 2,0:1,1,noSharing,[prod-vmfs-01] PRD-SQL-094/PRD-SQL-094_1.vmdk,,,1,Owner: app-team,,,,DC-East,Prod-Cluster,esx-prod02.corp.example,Prod,Microsoft Windows Server 2012 (64-bit),Microsoft Windows Server 2012 R2 Standard,vm-1093,42ae4c84a8c01f05c478f6f1b88ec318,vcsa01.corp.example,5f3c9a8e-1b2d-4c7e-9a10-2f6b8d4e7c31
PRD-APP-095,poweredOn,False,False,Hard disk 1,2000,6000C291a15ecdba682c3bb2583f66bd,[prod-vmfs-04] PRD-APP-095/PRD-APP-095.vmdk,61440,False,persistent,sharingNone,False,False,False,False,normal,1000,0,-1,LSI Logic SAS,Hard disk 1,0:0,0,noSharing,[prod-vmfs-04] PRD-APP-095/PRD-APP-095.vmdk,,,0,,,,,DC-East,Prod-Cluster,esx-prod03.corp.example,Prod,Red Hat Enterprise Linux 8 (64-bit),Red Hat Enterprise Linux 8.8 (Ootpa),vm-1094,424b8c5be8dd5e5a1712fb1621a4344f,vcsa01.corp.example,5f3c9a8e-1b2d-4c7e-9a10-2f6b8d4e7c31
PRD-APP-096,poweredOn,False,False,Hard disk 1,2000,6000C2993d9803952621b8998a9da702,[prod-vmfs-03] PRD-APP-096/PRD-APP-096.vmdk,40960,False,persistent,sharingNone,True,False,False,False,normal,1000,0,-1,LSI Logic,Hard disk 1,0:0,0,noSharing,[prod-vmfs-03] PRD-APP-096/PRD-APP-096.vmdk,,,0,,,,,DC-East,Prod-Cluster,esx-prod05.corp.example,Prod,CentOS 7 (64-bit),CentOS Linux 7 (Core),vm-1095,4241c8ca2a1f955ad499da9945c45a3e,vcsa01.corp.example,5f3c9a8e-1b2d-4c7e-9a10-2f6b8d4e7c31
PRD-APP-096,poweredOn,False,False,Hard disk 2,2001,6000C294824fdf53d98a1a6f4f8cd57d,[prod-vmfs-03] PRD-APP-096/PRD-APP-096_1.vmdk,102400,False,persistent,sharingNone,False,False,False,False,normal,1000,0,-1,LSI Logic,Hard disk 2,0:1,1,noSharing,[prod-vmfs-03] PRD-APP-096/PRD-APP-096_1.vmdk,,,1,,,,,DC-East,Prod-Cluster,esx-prod05.corp.example,Prod,CentOS 7 (64-bit),CentOS Linux 7 (Core),vm-1095,4241c8ca2a1f955ad499da9945c45a3e,vcsa01.corp.example,5f3c9a8e-1b2d-4c7e-9a10-2f6b8d4e7c31
PRD-SQL-097,poweredOn,False,False,Hard disk 1,2000,6000C29df830aa05d2d4dd0555b82364,[prod-vmfs-05] PRD-SQL-097/PRD-SQL-097.vmdk,81920,False,persistent,sharingNone,True,False,False,False,normal,1000,0,-1,VMware paravirtual SCSI,Hard disk 1,0:0,0,noSharing,[prod-vmfs-05] PRD-SQL-097/PRD-SQL-097.vmdk,,,0,,,,,DC-East,Prod-Cluster,esx-prod01.corp.example,Prod,Microsoft Windows Server 2016 or later (64-bit),Microsoft Windows Server 2022 Datacenter,vm-1096,42b96644ad238d36dc322c9739c1e262,vcsa01.corp.example,5f3c9a8e-1b2d-4c7e-9a10-2f6b8d4e7c31
PRD-SQL-097,poweredOn,False,False,Hard disk 2,2001,6000C29610f3f41ff20208760c443b8c,[prod-vmfs-05] PRD-SQL-097/PRD-SQL-097_1.vmdk,2048000,False,persistent,sharingNone,True,False,False,False,normal,1000,0,-1,VMware paravirtual SCSI,Hard disk 2,0:1,1,noSharing,[prod-vmfs-05] PRD-SQL-097/PRD-SQL-097_1.vmdk,,,1,,,,,DC-East,Prod-Cluster,esx-prod01.corp.example,Prod,Microsoft Windows Server 2016 or later (64-bit),Microsoft Windows Server 2022 Datacenter,vm-1096,42b96644ad238d36dc322c9739c1e262,vcsa01.corp.example,5f3c9a8e-1b2d-4c7e-9a10-2f6b8d4e7c31
PRD-SQL-097,poweredOn,False,False,Hard disk 3,2002,6000C291477cbc8ca5f604d79cb076a2,[prod-vmfs-05] PRD-SQL-097/PRD-SQL-097_2.vmdk,2048000,False,persistent,sharingNone,True,False,False,False,normal,1000,0,-1,VMware paravirtual SCSI,Hard disk 3,0:2,2,noSharing,[prod-vmfs-05] PRD-SQL-097/PRD-SQL-097_2.vmdk,,,2,Owner: app-team,,,,DC-East,Prod-Cluster,esx-prod01.corp.example,Prod,Microsoft Windows Server 2016 or later (64-bit),Microsoft Windows Server 2022 Datacenter,vm-1096,42b96644ad238d36dc322c9739c1e262,vcsa01.corp.example,5f3c9a8e-1b2d-4c7e-9a10-2f6b8d4e7c31
PRD-APP-098,poweredOn,False,False,Hard disk 1,2000,6000C29648107252994d4c03715474b9,[prod-vmfs-01] PRD-APP-098/PRD-APP-098.vmdk,61440,False,persistent,sharingNone,True,False,False,False,normal,1000,0,-1,LSI Logic,Hard disk 1,0:0,0,noSharing,[prod-vmfs-01] PRD-APP-098/PRD-APP-098.vmdk,,,0,Owner: app-team,,,,DC-East,Prod-Cluster,esx-prod04.corp.example,Prod,Microsoft Windows Server 2019 (64-bit),Microsoft Windows Server 2019 Standard,vm-1097,42431d02ac1e86d8bfbf397bac3e7b0d,vcsa01.corp.example,5f3c9a8e-1b2d-4c7e-9a10-2f6b8d4e7c31
PRD-APP-098,poweredOn,False,False,Hard disk 2,2001,6000C29e72f34ed1f163ebe1b6dd5f35,[prod-vmfs-01] PRD-APP-098/PRD-APP-098_1.vmdk,204800,False,persistent,sharingNone,True,False,False,False,normal,1000,0,-1,LSI Logic,Hard disk 2,0:1,1,noSharing,[prod-vmfs-01] PRD-APP-098/PRD-APP-098_1.vmdk,,,1,Owner: app-team,,,,DC-East,Prod-Cluster,esx-prod04.corp.example,Prod,Microsoft Windows Server 2019 (64-bit),Microsoft Windows Server 2019 Standard,vm-1097,42431d02ac1e86d8bfbf397bac3e7b0d,vcsa01.corp.example,5f3c9a8e-1b2d-4c7e-9a10-2f6b8d4e7c31
PRD-APP-099,poweredOff,False,False,Hard disk 1,2000,6000C29eb30408fa90bf747e293572d3,[prod-vmfs-05] PRD-APP-099/PRD-APP-099.vmdk,61440,False,persistent,sharingNone,True,False,False,False,normal,1000,0,-1,VMware paravirtual SCSI,Hard disk 1,0:0,0,noSharing,[prod-vmfs-05] PRD-APP-099/PRD-APP-099.vmdk,,,0,,,,,DC-East,Prod-Cluster,esx-prod06.corp.example,Prod,Microsoft Windows Server 2019 (64-bit),,vm-1098,429c2e58ea4e361753f8382b8fb864e4,vcsa01.corp.example,5f3c9a8e-1b2d-4c7e-9a10-2f6b8d4e7c31
PRD-RDS-100,poweredOn,False,False,Hard disk 1,2000,6000C296f605070bea7323915840f425,[prod-vmfs-02] PRD-RDS-100/PRD-RDS-100.vmdk,102400,False,persistent,sharingNone,True,False,False,False,normal,1000,0,-1,LSI Logic SAS,Hard disk 1,0:0,0,noSharing,[prod-vmfs-02] PRD-RDS-100/PRD-RDS-100.vmdk,,,0,Owner: app-team,,,,DC-East,Prod-Cluster,esx-prod06.corp.example,Prod,Microsoft Windows Server 2016 or later (64-bit),Microsoft Windows Server 2022 Datacenter,vm-1099,42fef5184dead6450986bbebf23e323d,vcsa01.corp.example,5f3c9a8e-1b2d-4c7e-9a10-2f6b8d4e7c31
PRD-RDS-100,poweredOn,False,False,Hard disk 2,2001,6000C29714433a8eed5acddc8b7080c2,[prod-vmfs-02] PRD-RDS-100/PRD-RDS-100_1.vmdk,1024000,False,persistent,sharingNone,True,False,False,False,normal,1000,0,-1,LSI Logic SAS,Hard disk 2,0:1,1,noSharing,[prod-vmfs-02] PRD-RDS-100/PRD-RDS-100_1.vmdk,,,1,Owner: app-team,,,,DC-East,Prod-Cluster,esx-prod06.corp.example,Prod,Microsoft Windows Server 2016 or later (64-bit),Microsoft Windows Server 2022 Datacenter,vm-1099,42fef5184dead6450986bbebf23e323d,vcsa01.corp.example,5f3c9a8e-1b2d-4c7e-9a10-2f6b8d4e7c31
PRD-RDS-100,poweredOn,False,False,Hard disk 3,2002,6000C29ee62c54bbff011f14d97bd00e,[prod-vmfs-03] PRD-RDS-100/PRD-RDS-100_2.vmdk,51200,False,persistent,sharingNone,True,False,False,False,normal,1000,0,-1,LSI Logic SAS,Hard disk 3,0:2,2,noSharing,[prod-vmfs-03] PRD-RDS-100/PRD-RDS-100_2.vmdk,,,2,Owner: app-team,,,,DC-East,Prod-Cluster,esx-prod06.corp.example,Prod,Microsoft Windows Server 2016 or later (64-bit),Microsoft Windows Server 2022 Datacenter,vm-1099,42fef5184dead6450986bbebf23e323d,vcsa01.corp.example,5f3c9a8e-1b2d-4c7e-9a10-2f6b8d4e7c31
PRD-SVC-101,poweredOff,False,False,Hard disk 1,2000,6000C298aaf9ee3ee432d37d1307afb6,[prod-vmfs-05] PRD-SVC-101/PRD-SVC-101.vmdk,102400,False,persistent,sharingNone,True,False,False,False,normal,1000,0,-1,VMware paravirtual SCSI,Hard disk 1,0:0,0,noSharing,[prod-vmfs-05] PRD-SVC-101/PRD-SVC-101.vmdk,,,0,Owner: app-team,,,,DC-East,Prod-Cluster,esx-prod02.corp.example,Prod,Microsoft Windows Server 2016 or later (64-bit),,vm-1100,426b4be48a4a0e2df22b5b98b24cc64f,vcsa01.corp.example,5f3c9a8e-1b2d-4c7e-9a10-2f6b8d4e7c31
PRD-SVC-101,poweredOff,False,False,Hard disk 2,2001,6000C29b0c97560197b1afbd43bcbd12,[prod-vmfs-05] PRD-SVC-101/PRD-SVC-101_1.vmdk,512000,False,persistent,sharingNone,True,False,False,False,normal,1000,0,-1,VMware paravirtual SCSI,Hard disk 2,0:1,1,noSharing,[prod-vmfs-05] PRD-SVC-101/PRD-SVC-101_1.vmdk,,,1,,,,,DC-East,Prod-Cluster,esx-prod02.corp.example,Prod,Microsoft Windows Server 2016 or later (64-bit),,vm-1100,426b4be48a4a0e2df22b5b98b24cc64f,vcsa01.corp.example,5f3c9a8e-1b2d-4c7e-9a10-2f6b8d4e7c31
PRD-FS-102,poweredOn,False,False,Hard disk 1,2000,6000C297e7b0e27d244b405aed7cb20d,[prod-vmfs-03] PRD-FS-102/PRD-FS-102.vmdk,102400,False,persistent,sharingNone,True,False,False,False,normal,1000,0,-1,VMware paravirtual SCSI,Hard disk 1,0:0,0,noSharing,[prod-vmfs-03] PRD-FS-102/PRD-FS-102.vmdk,,,0,,,,,DC-East,Prod-Cluster,esx-prod06.corp.example,Prod,Microsoft Windows Server 2019 (64-bit),Microsoft Windows Server 2019 Standard,vm-1101,42b0b63b08601833479d0cdaf396ea37,vcsa01.corp.example,5f3c9a8e-1b2d-4c7e-9a10-2f6b8d4e7c31
PRD-FS-102,poweredOn,False,False,Hard disk 2,2001,6000C292836d943faad29f817fe99b4f,[prod-vmfs-03] PRD-FS-102/PRD-FS-102_1.vmdk,204800,False,persistent,sharingNone,False,False,False,False,normal,1000,0,-1,VMware paravirtual SCSI,Hard disk 2,0:1,1,noSharing,[prod-vmfs-03] PRD-FS-102/PRD-FS-102_1.vmdk,,,1,,,,,DC-East,Prod-Cluster,esx-prod06.corp.example,Prod,Microsoft Windows Server 2019 (64-bit),Microsoft Windows Server 2019 Standard,vm-1101,42b0b63b08601833479d0cdaf396ea37,vcsa01.corp.example,5f3c9a8e-1b2d-4c7e-9a10-2f6b8d4e7c31
PRD-SQL-103,poweredOff,False,False,Hard disk 1,2000,6000C29c7dc63851d46a537bbc0b55fe,[prod-vmfs-01] PRD-SQL-103/PRD-SQL-103.vmdk,40960,False,persistent,sharingNone,False,True,False,False,normal,1000,0,-1,LSI Logic SAS,Hard disk 1,0:0,0,noSharing,[prod-vmfs-01] PRD-SQL-103/PRD-SQL-103.vmdk,,,0,,,,,DC-East,Prod-Cluster,esx-prod01.corp.example,Prod,Microsoft Windows 10 (64-bit),,vm-1102,4265ec7a0f8035f55bd20c98a5135ea0,vcsa01.corp.example,5f3c9a8e-1b2d-4c7e-9a10-2f6b8d4e7c31
PRD-SQL-103,poweredOff,False,False,Hard disk 2,2001,6000C29c3bde8b66701c3f0c9b43324c,[prod-vmfs-01] PRD-SQL-103/PRD-SQL-103_1.vmdk,768000,False,persistent,sharingNone,True,False,False,False,normal,1000,0,-1,LSI Logic SAS,Hard disk 2,0:1,1,noSharing,[prod-vmfs-01] PRD-SQL-103/PRD-SQL-103_1.vmdk,,,1,,,,,DC-East,Prod-Cluster,esx-prod01.corp.example,Prod,Microsoft Windows 10 (64-bit),,vm-1102,4265ec7a0f8035f55bd20c98a5135ea0,vcsa01.corp.example,5f3c9a8e-1b2d-4c7e-9a10-2f6b8d4e7c31
PRD-SQL-103,poweredOff,False,False,Hard disk 3,2002,6000C29ddfee84b13b4c0646d38a9b74,[prod-vmfs-01] PRD-SQL-103/PRD-SQL-103_2.vmdk,51200,False,persistent,sharingNone,True,False,False,False,normal,1000,0,-1,LSI Logic SAS,Hard disk 3,0:2,2,noSharing,[prod-vmfs-01] PRD-SQL-103/PRD-SQL-103_2.vmdk,,,2,,,,,DC-East,Prod-Cluster,esx-prod01.corp.example,Prod,Microsoft Windows 10 (64-bit),,vm-1102,4265ec7a0f8035f55bd20c98a5135ea0,vcsa01.corp.example,5f3c9a8e-1b2d-4c7e-9a10-2f6b8d4e7c31
PRD-SQL-103,poweredOff,False,False,Hard disk 4,2003,6000C298d91b83781d6faffbe06bae1f,[prod-vmfs-01] PRD-SQL-103/PRD-SQL-103_3.vmdk,768000,False,persistent,sharingNone,True,False,False,False,normal,1000,0,-1,LSI Logic SAS,Hard disk 4,0:3,3,noSharing,[prod-vmfs-01] PRD-SQL-103/PRD-SQL-103_3.vmdk,,,3,Owner: app-team,,,,DC-East,Prod-Cluster,esx-prod01.corp.example,Prod,Microsoft Windows 10 (64-bit),,vm-1102,4265ec7a0f8035f55bd20c98a5135ea0,vcsa01.corp.example,5f3c9a8e-1b2d-4c7e-9a10-2f6b8d4e7c31
PRD-WEB-104,poweredOn,False,False,Hard disk 1,2000,6000C29d6714aea10fa38669b33a82a9,[prod-vmfs-05] PRD-WEB-104/PRD-WEB-104.vmdk,81920,False,persistent,sharingNone,True,False,False,False,normal,1000,0,-1,VMware paravirtual SCSI,Hard disk 1,0:0,0,noSharing,[prod-vmfs-05] PRD-WEB-104/PRD-WEB-104.vmdk,,,0,,,,,DC-East,Prod-Cluster,esx-prod06.corp.example,Prod,Microsoft Windows Server 2012 (64-bit),Microsoft Windows Server 2012 R2 Standard,vm-1103,42c97765203c8c25fd235def3e5a87e3,vcsa01.corp.example,5f3c9a8e-1b2d-4c7e-9a10-2f6b8d4e7c31
PRD-WEB-104,poweredOn,False,False,Hard disk 2,2001,6000C29867b3a154e67ae19a3c6736b0,[prod-vmfs-05] PRD-WEB-104/PRD-WEB-104_1.vmdk,768000,False,persistent,sharingNone,True,False,False,False,normal,1000,0,-1,VMware paravirtual SCSI,Hard disk 2,0:1,1,noSharing,[prod-vmfs-05] PRD-WEB-104/PRD-WEB-104_1.vmdk,,,1,,,,,DC-East,Prod-Cluster,esx-prod06.corp.example,Prod,Microsoft Windows Server 2012 (64-bit),Microsoft Windows Server 2012 R2 Standard,vm-1103,42c97765203c8c25fd235def3e5a87e3,vcsa01.corp.example,5f3c9a8e-1b2d-4c7e-9a10-2f6b8d4e7c31
PRD-WEB-104,poweredOn,False,False,Hard disk 3,2002,6000C290cadafd4adc2f952c2583eb38,[prod-vmfs-05] PRD-WEB-104/PRD-WEB-104_2.vmdk,51200,False,persistent,sharingNone,True,False,False,False,normal,1000,0,-1,VMware paravirtual SCSI,Hard disk 3,0:2,2,noSharing,[prod-vmfs-05] PRD-WEB-104/PRD-WEB-104_2.vmdk,,,2,,,,,DC-East,Prod-Cluster,esx-prod06.corp.example,Prod,Microsoft Windows Server 2012 (64-bit),Microsoft Windows Server 2012 R2 Standard,vm-1103,42c97765203c8c25fd235def3e5a87e3,vcsa01.corp.example,5f3c9a8e-1b2d-4c7e-9a10-2f6b8d4e7c31
PRD-CTX-105,poweredOn,False,False,Hard disk 1,2000,6000C291bb84711f267cb75491c64854,[prod-vmfs-03] PRD-CTX-105/PRD-CTX-105.vmdk,40960,False,persistent,sharingNone,True,False,False,False,normal,1000,0,-1,VMware paravirtual SCSI,Hard disk 1,0:0,0,noSharing,[prod-vmfs-03] PRD-CTX-105/PRD-CTX-105.vmdk,,,0,,,,,DC-East,Prod-Cluster,esx-prod02.corp.example,Prod,Red Hat Enterprise Linux 9 (64-bit),Red Hat Enterprise Linux 9.2 (Plow),vm-1104,4200b9d4989240ace68933a9c9e48e8c,vcsa01.corp.example,5f3c9a8e-1b2d-4c7e-9a10-2f6b8d4e7c31
PRD-CTX-105,poweredOn,False,False,Hard disk 2,2001,6000C2912c99562cefe3a150c524a1be,[prod-vmfs-03] PRD-CTX-105/PRD-CTX-105_1.vmdk,204800,False,persistent,sharingNone,True,False,False,False,normal,1000,0,-1,VMware paravirtual SCSI,Hard disk 2,0:1,1,noSharing,[prod-vmfs-03] PRD-CTX-105/PRD-CTX-105_1.vmdk,,,1,,,,,DC-East,Prod-Cluster,esx-prod02.corp.example,Prod,Red Hat Enterprise Linux 9 (64-bit),Red Hat Enterprise Linux 9.2 (Plow),vm-1104,4200b9d4989240ace68933a9c9e48e8c,vcsa01.corp.example,5f3c9a8e-1b2d-4c7e-9a10-2f6b8d4e7c31
PRD-WEB-106,poweredOn,False,False,Hard disk 1,2000,6000C299f38ef31f08ae64bbcc62f748,[prod-vmfs-05] PRD-WEB-106/PRD-WEB-106.vmdk,61440,False,persistent,sharingNone,True,False,False,False,normal,1000,0,-1,LSI Logic SAS,Hard disk 1,0:0,0,noSharing,[prod-vmfs-05] PRD-WEB-106/PRD-WEB-106.vmdk,,,0,,,,,DC-East,Prod-Cluster,esx-prod02.corp.example,Prod,Microsoft Windows Server 2019 (64-bit),Microsoft Windows Server 2019 Standard,vm-1105,4296bf103ce915e7c9d6a63bca3c6f5f,vcsa01.corp.example,5f3c9a8e-1b2d-4c7e-9a10-2f6b8d4e7c31
PRD-APP-107,poweredOn,False,False,Hard disk 1,2000,6000C2988bb27f15a045d9e673ad562d,[prod-vmfs-03] PRD-APP-107/PRD-APP-107.vmdk,40960,False,persistent,sharingNone,False,True,False,False,normal,1000,0,-1,LSI Logic SAS,Hard disk 1,0:0,0,noSharing,[prod-vmfs-03] PRD-APP-107/PRD-APP-107.vmdk,,,0,,,,,DC-East,Prod-Cluster,esx-prod06.corp.example,Prod,Microsoft Windows Server 2016 or later (64-bit),Microsoft Windows Server 2022 Datacenter,vm-1106,4297fa7f836390075cae9610c72c1fe3,vcsa01.corp.example,5f3c9a8e-1b2d-4c7e-9a10-2f6b8d4e7c31
PRD-APP-108,poweredOn,False,False,Hard disk 1,2000,6000C29c61650f34465fd96b73b6b143,[prod-vmfs-05] PRD-APP-108/PRD-APP-108.vmdk,81920,False,persistent,sharingNone,True,False,False,False,normal,1000,0,-1,LSI Logic SAS,Hard disk 1,0:0,0,noSharing,[prod-vmfs-05] PRD-APP-108/PRD-APP-108.vmdk,,,0,Owner: app-team,,,,DC-East,Prod-Cluster,esx-prod06.corp.example,Prod,Red Hat Enterprise Linux 8 (64-bit),Red Hat Enterprise Linux 8.8 (Ootpa),vm-1107,420f924007f97d05f6ca6b8ba4b1f991,vcsa01.corp.example,5f3c9a8e-1b2d-4c7e-9a10-2f6b8d4e7c31
PRD-APP-108,poweredOn,False,False,Hard disk 2,2001,6000C29ab82b2b9310404bf39d30b0f7,[prod-vmfs-05] PRD-APP-108/PRD-APP-108_1.vmdk,768000,False,persistent,sharingNone,True,False,False,False,normal,1000,0,-1,LSI Logic SAS,Hard disk 2,0:1,1,noSharing,[prod-vmfs-05] PRD-APP-108/PRD-APP-108_1.vmdk,,,1,,,,,DC-East,Prod-Cluster,esx-prod06.corp.example,Prod,Red Hat Enterprise Linux 8 (64-bit),Red Hat Enterprise Linux 8.8 (Ootpa),vm-1107,420f924007f97d05f6ca6b8ba4b1f991,vcsa01.corp.example,5f3c9a8e-1b2d-4c7e-9a10-2f6b8d4e7c31
PRD-APP-109,poweredOff,False,False,Hard disk 1,2000,6000C29f7e70b30932371f1493a971f4,[prod-vmfs-01] PRD-APP-109/PRD-APP-109.vmdk,61440,False,persistent,sharingNone,True,False,False,False,normal,1000,0,-1,LSI Logic SAS,Hard disk 1,0:0,0,noSharing,[prod-vmfs-01] PRD-APP-109/PRD-APP-109.vmdk,,,0,,,,,DC-East,Prod-Cluster,esx-prod04.corp.example,Prod,Microsoft Windows Server 2008 R2 (64-bit),,vm-1108,4210d08d25f934bf9bb961555275eb94,vcsa01.corp.example,5f3c9a8e-1b2d-4c7e-9a10-2f6b8d4e7c31
PRD-APP-109,poweredOff,False,False,Hard disk 2,2001,6000C295883a5ef5a4afade6ca600b2d,[prod-vmfs-01] PRD-APP-109/PRD-APP-109_1.vmdk,768000,False,persistent,sharingNone,False,True,False,False,normal,1000,0,-1,LSI Logic SAS,Hard disk 2,0:1,1,noSharing,[prod-vmfs-01] PRD-APP-109/PRD-APP-109_1.vmdk,,,1,,,,,DC-East,Prod-Cluster,esx-prod04.corp.example,Prod,Microsoft Windows Server 2008 R2 (64-bit),,vm-1108,4210d08d25f934bf9bb961555275eb94,vcsa01.corp.example,5f3c9a8e-1b2d-4c7e-9a10-2f6b8d4e7c31
PRD-SVC-110,poweredOn,False,False,Hard disk 1,2000,6000C29974e60f83af844b8f54f5e2f0,[prod-vmfs-04] PRD-SVC-110/PRD-SVC-110.vmdk,102400,False,persistent,sharingNone,False,True,False,False,normal,1000,0,-1,LSI Logic SAS,Hard disk 1,0:0,0,noSharing,[prod-vmfs-04] PRD-SVC-110/PRD-SVC-110.vmdk,,,0,Owner: app-team,,,,DC-East,Prod-Cluster,esx-prod06.corp.example,Prod,Microsoft Windows Server 2016 or later (64-bit),Microsoft Windows Server 2022 Datacenter,vm-1109,421963c26e218b099afd4015816bcb9f,vcsa01.corp.example,5f3c9a8e-1b2d-4c7e-9a10-2f6b8d4e7c31
PRD-SVC-111,poweredOff,False,False,Hard disk 1,2000,6000C29dd3936f3e5a5f838f23ee4016,[prod-vmfs-03] PRD-SVC-111/PRD-SVC-111.vmdk,40960,False,persistent,sharingNone,False,False,False,False,normal,1000,0,-1,LSI Logic SAS,Hard disk 1,0:0,0,noSharing,[prod-vmfs-03] PRD-SVC-111/PRD-SVC-111.vmdk,,,0,,,,,DC-East,Prod-Cluster,esx-prod06.corp.example,Prod,CentOS 7 (64-bit),,vm-1110,42741881d3d1bf0f56c438e469efafb1,vcsa01.corp.example,5f3c9a8e-1b2d-4c7e-9a10-2f6b8d4e7c31
PRD-SVC-111,poweredOff,False,False,Hard disk 2,2001,6000C29a3f22cd74a367b5632f894e9b,[prod-vmfs-02] PRD-SVC-111/PRD-SVC-111_1.vmdk,2048000,False,persistent,sharingNone,True,False,False,False,normal,1000,0,-1,LSI Logic SAS,Hard disk 2,0:1,1,noSharing,[prod-vmfs-02] PRD-SVC-111/PRD-SVC-111_1.vmdk,,,1,,,,,DC-East,Prod-Cluster,esx-prod06.corp.example,Prod,CentOS 7 (64-bit),,vm-1110,42741881d3d1bf0f56c438e469efafb1,vcsa01.corp.example,5f3c9a8e-1b2d-4c7e-9a10-2f6b8d4e7c31
PRD-FS-112,poweredOn,False,False,Hard disk 1,2000,6000C29efd481505b8f09270567fd2e9,[prod-vmfs-01] PRD-FS-112/PRD-FS-112.vmdk,40960,False,persistent,sharingNone,True,False,False,False,normal,1000,0,-1,LSI Logic SAS,Hard disk 1,0:0,0,noSharing,[prod-vmfs-01] PRD-FS-112/PRD-FS-112.vmdk,,,0,,,,,DC-East,Prod-Cluster,esx-prod03.corp.example,Prod,Microsoft Windows Server 2012 (64-bit),Microsoft Windows Server 2012 R2 Standard,vm-1111,42d4ef00175a81ec112fa61279699ed2,vcsa01.corp.example,5f3c9a8e-1b2d-4c7e-9a10-2f6b8d4e7c31
PRD-FS-112,poweredOn,False,False,Hard disk 2,2001,6000C29657e5d468f1ed1e4ae9f8e115,[prod-vmfs-01] PRD-FS-112/PRD-FS-112_1.vmdk,1024000,False,persistent,sharingNone,True,False,False,False,normal,1000,0,-1,LSI Logic SAS,Hard disk 2,0:1,1,noSharing,[prod-vmfs-01] PRD-FS-112/PRD-FS-112_1.vmdk,,,1,Owner: app-team,,,,DC-East,Prod-Cluster,esx-prod03.corp.example,Prod,Microsoft Windows Server 2012 (64-bit),Microsoft Windows Server 2012 R2 Standard,vm-1111,42d4ef00175a81ec112fa61279699ed2,vcsa01.corp.example,5f3c9a8e-1b2d-4c7e-9a10-2f6b8d4e7c31
PRD-FS-112,poweredOn,False,False,Hard disk 3,2002,6000C29f6755b2d42bfed52a935046f4,[prod-vmfs-02] PRD-FS-112/PRD-FS-112_2.vmdk,512000,False,persistent,sharingNone,True,False,False,False,normal,1000,0,-1,LSI Logic SAS,Hard disk 3,0:2,2,noSharing,[prod-vmfs-02] PRD-FS-112/PRD-FS-112_2.vmdk,,,2,,,,,DC-East,Prod-Cluster,esx-prod03.corp.example,Prod,Microsoft Windows Server 2012 (64-bit),Microsoft Windows Server 2012 R2 Standard,vm-1111,42d4ef00175a81ec112fa61279699ed2,vcsa01.corp.example,5f3c9a8e-1b2d-4c7e-9a10-2f6b8d4e7c31
PRD-FS-112,poweredOn,False,False,Hard disk 4,2003,6000C29538e6b704b1d12755de4b2801,[prod-vmfs-01] PRD-FS-112/PRD-FS-112_3.vmdk,1024000,False,persistent,sharingNone,True,False,False,False,normal,1000,0,-1,LSI Logic SAS,Hard disk 4,0:3,3,noSharing,[prod-vmfs-01] PRD-FS-112/PRD-FS-112_3.vmdk,,,3,,,,,DC-East,Prod-Cluster,esx-prod03.corp.example,Prod,Microsoft Windows Server 2012 (64-bit),Microsoft Windows Server 2012 R2 Standard,vm-1111,42d4ef00175a81ec112fa61279699ed2,vcsa01.corp.example,5f3c9a8e-1b2d-4c7e-9a10-2f6b8d4e7c31
PRD-SQL-113,poweredOn,False,False,Hard disk 1,2000,6000C294ae1b3c1ac5e38a4e7cde6371,[prod-vmfs-02] PRD-SQL-113/PRD-SQL-113.vmdk,40960,False,persistent,sharingNone,False,True,False,False,normal,1000,0,-1,LSI Logic SAS,Hard disk 1,0:0,0,noSharing,[prod-vmfs-02] PRD-SQL-113/PRD-SQL-113.vmdk,,,0,,,,,DC-East,Prod-Cluster,esx-prod02.corp.example,Prod,Microsoft Windows Server 2016 (64-bit),Microsoft Windows Server 2016 Standard,vm-1112,425a8567692ac1391f4a8ca1ab85fd59,vcsa01.corp.example,5f3c9a8e-1b2d-4c7e-9a10-2f6b8d4e7c31
PRD-APP-114,poweredOn,False,False,Hard disk 1,2000,6000C29464fff7a635cebda85d3dc371,[prod-vmfs-05] PRD-APP-114/PRD-APP-114.vmdk,61440,False,persistent,sharingNone,True,False,False,False,normal,1000,0,-1,LSI Logic SAS,Hard disk 1,0:0,0,noSharing,[prod-vmfs-05] PRD-APP-114/PRD-APP-114.vmdk,,,0,Owner: app-team,,,,DC-East,Prod-Cluster,esx-prod03.corp.example,Prod,Microsoft Windows Server 2016 (64-bit),Microsoft Windows Server 2016 Standard,vm-1113,427b70c3a81fdec3279c658a36760ce5,vcsa01.corp.example,5f3c9a8e-1b2d-4c7e-9a10-2f6b8d4e7c31
PRD-APP-114,poweredOn,False,False,Hard disk 2,2001,6000C2951b869a72742428924b2ca54d,[prod-vmfs-05] PRD-APP-114/PRD-APP-114_1.vmdk,768000,False,persistent,sharingNone,True,False,False,False,normal,1000,0,-1,LSI Logic SAS,Hard disk 2,0:1,1,noSharing,[prod-vmfs-05] PRD-APP-114/PRD-APP-114_1.vmdk,,,1,,,,,DC-East,Prod-Cluster,esx-prod03.corp.example,Prod,Microsoft Windows Server 2016 (64-bit),Microsoft Windows Server 2016 Standard,vm-1113,427b70c3a81fdec3279c658a36760ce5,vcsa01.corp.example,5f3c9a8e-1b2d-4c7e-9a10-2f6b8d4e7c31
PRD-SVC-115,poweredOn,False,False,Hard disk 1,2000,6000C29f4892111c1bee4909cd68f11c,[prod-vmfs-05] PRD-SVC-115/PRD-SVC-115.vmdk,40960,False,persistent,sharingNone,True,False,False,False,normal,1000,0,-1,VMware paravirtual SCSI,Hard disk 1,0:0,0,noSharing,[prod-vmfs-05] PRD-SVC-115/PRD-SVC-115.vmdk,,,0,,,,,DC-East,Prod-Cluster,esx-prod03.corp.example,Prod,Microsoft Windows Server 2019 (64-bit),Microsoft Windows Server 2019 Standard,vm-1114,42f97be28f9b72aed85c16bd6dda4f8d,vcsa01.corp.example,5f3c9a8e-1b2d-4c7e-9a10-2f6b8d4e7c31
PRD-SVC-115,poweredOn,False,False,Hard disk 2,2001,6000C295c6bdce4309025afd164e9cd4,[prod-vmfs-05] PRD-SVC-115/PRD-SVC-115_1.vmdk,512000,False,persistent,sharingNone,True,False,False,False,normal,1000,0,-1,VMware paravirtual SCSI,Hard disk 2,0:1,1,noSharing,[prod-vmfs-05] PRD-SVC-115/PRD-SVC-115_1.vmdk,,,1,Owner: app-team,,,,DC-East,Prod-Cluster,esx-prod03.corp.example,Prod,Microsoft Windows Server 2019 (64-bit),Microsoft Windows Server 2019 Standard,vm-1114,42f97be28f9b72aed85c16bd6dda4f8d,vcsa01.corp.example,5f3c9a8e-1b2d-4c7e-9a10-2f6b8d4e7c31
PRD-SVC-116,poweredOn,False,False,Hard disk 1,2000,6000C292e3e32e4229ac92f066f6290a,[prod-vmfs-01] PRD-SVC-116/PRD-SVC-116.vmdk,61440,False,persistent,sharingNone,True,False,False,False,normal,1000,0,-1,VMware paravirtual SCSI,Hard disk 1,0:0,0,noSharing,[prod-vmfs-01] PRD-SVC-116/PRD-SVC-116.vmdk,,,0,,,,,DC-East,Prod-Cluster,esx-prod01.corp.example,Prod,Microsoft Windows Server 2012 (64-bit),Microsoft Windows Server 2012 R2 Standard,vm-1115,424f199ec32d4526b3e4110a45f50c52,vcsa01.corp.example,5f3c9a8e-1b2d-4c7e-9a10-2f6b8d4e7c31
PRD-SVC-116,poweredOn,False,False,Hard disk 2,2001,6000C29ce9b3589ccf2109f18eb232b8,[prod-vmfs-04] PRD-SVC-116/PRD-SVC-116_1.vmdk,512000,False,persistent,sharingNone,True,False,False,False,normal,1000,0,-1,VMware paravirtual SCSI,Hard disk 2,0:1,1,noSharing,[prod-vmfs-04] PRD-SVC-116/PRD-SVC-116_1.vmdk,,,1,,,,,DC-East,Prod-Cluster,esx-prod01.corp.example,Prod,Microsoft Windows Server 2012 (64-bit),Microsoft Windows Server 2012 R2 Standard,vm-1115,424f199ec32d4526b3e4110a45f50c52,vcsa01.corp.example,5f3c9a8e-1b2d-4c7e-9a10-2f6b8d4e7c31
PRD-APP-117,poweredOn,False,False,Hard disk 1,2000,6000C299bb9e88f856ebd83aa1d60cf1,[prod-vmfs-02] PRD-APP-117/PRD-APP-117.vmdk,81920,False,persistent,sharingNone,True,False,False,False,normal,1000,0,-1,VMware paravirtual SCSI,Hard disk 1,0:0,0,noSharing,[prod-vmfs-02] PRD-APP-117/PRD-APP-117.vmdk,,,0,,,,,DC-East,Prod-Cluster,esx-prod05.corp.example,Prod,Microsoft Windows Server 2012 (64-bit),Microsoft Windows Server 2012 R2 Standard,vm-1116,42bf012e177d6e7e07d924cef8c88fae,vcsa01.corp.example,5f3c9a8e-1b2d-4c7e-9a10-2f6b8d4e7c31
PRD-SQL-118,poweredOn,False,False,Hard disk 1,2000,6000C2920af9da160a164306e1eadd41,[prod-vmfs-01] PRD-SQL-118/PRD-SQL-118.vmdk,61440,False,persistent,sharingNone,True,False,False,False,normal,1000,0,-1,LSI Logic SAS,Hard disk 1,0:0,0,noSharing,[prod-vmfs-01] PRD-SQL-118/PRD-SQL-118.vmdk,,,0,,,,,DC-East,Prod-Cluster,esx-prod02.corp.example,Prod,Microsoft Windows Server 2016 or later (64-bit),Microsoft Windows Server 2022 Datacenter,vm-1117,42e222b615bfbe9798a21f1c914dcfae,vcsa01.corp.example,5f3c9a8e-1b2d-4c7e-9a10-2f6b8d4e7c31
PRD-SQL-118,poweredOn,False,False,Hard disk 2,2001,6000C2993ac5524fa3a051e85f5c6553,[prod-vmfs-01] PRD-SQL-118/PRD-SQL-118_1.vmdk,102400,False,persistent,sharingNone,False,False,False,False,normal,1000,0,-1,LSI Logic SAS,Hard disk 2,0:1,1,noSharing,[prod-vmfs-01] PRD-SQL-118/PRD-SQL-118_1.vmdk,,,1,,,,,DC-East,Prod-Cluster,esx-prod02.corp.example,Prod,Microsoft Windows Server 2016 or later (64-bit),Microsoft Windows Server 2022 Datacenter,vm-1117,42e222b615bfbe9798a21f1c914dcfae,vcsa01.corp.example,5f3c9a8e-1b2d-4c7e-9a10-2f6b8d4e7c31
PRD-APP-119,poweredOn,False,False,Hard disk 1,2000,6000C298d9e323be48cc02e84da29b5e,[prod-vmfs-01] PRD-APP-119/PRD-APP-119.vmdk,40960,False,persistent,sharingNone,True,False,False,False,normal,1000,0,-1,VMware paravirtual SCSI,Hard disk 1,0:0,0,noSharing,[prod-vmfs-01] PRD-APP-119/PRD-APP-119.vmdk,,,0,,,,,DC-East,Prod-Cluster,esx-prod03.corp.example,Prod,Microsoft Windows Server 2016 or later (64-bit),Microsoft Windows Server 2022 Datacenter,vm-1118,42c143f4372f871a45ee432d6a07f213,vcsa01.corp.example,5f3c9a8e-1b2d-4c7e-9a10-2f6b8d4e7c31
PRD-APP-119,poweredOn,False,False,Hard disk 2,2001,6000C2999620818d62c578296210b734,[prod-vmfs-02] PRD-APP-119/PRD-APP-119_1.vmdk,256000,False,persistent,sharingNone,True,False,False,False,normal,1000,0,-1,VMware paravirtual SCSI,Hard disk 2,0:1,1,noSharing,[prod-vmfs-02] PRD-APP-119/PRD-APP-119_1.vmdk,,,1,,,,,DC-East,Prod-Cluster,esx-prod03.corp.example,Prod,Microsoft Windows Server 2016 or later (64-bit),Microsoft Windows Server 2022 Datacenter,vm-1118,42c143f4372f871a45ee432d6a07f213,vcsa01.corp.example,5f3c9a8e-1b2d-4c7e-9a10-2f6b8d4e7c31
PRD-APP-119,poweredOn,False,False,Hard disk 3,2002,6000C29f7fe4c46124e1ed797d99e386,[prod-vmfs-01] PRD-APP-119/PRD-APP-119_2.vmdk,512000,False,persistent,sharingNone,False,False,False,False,normal,1000,0,-1,VMware paravirtual SCSI,Hard disk 3,0:2,2,noSharing,[prod-vmfs-01] PRD-APP-119/PRD-APP-119_2.vmdk,,,2,,,,,DC-East,Prod-Cluster,esx-prod03.corp.example,Prod,Microsoft Windows Server 2016 or later (64-bit),Microsoft Windows Server 2022 Datacenter,vm-1118,42c143f4372f871a45ee432d6a07f213,vcsa01.corp.example,5f3c9a8e-1b2d-4c7e-9a10-2f6b8d4e7c31
PRD-WEB-120,poweredOn,False,False,Hard disk 1,2000,6000C292d045f17ece2db21537eb9827,[prod-vmfs-02] PRD-WEB-120/PRD-WEB-120.vmdk,102400,False,persistent,sharingNone,False,True,False,False,normal,1000,0,-1,LSI Logic SAS,Hard disk 1,0:0,0,noSharing,[prod-vmfs-02] PRD-WEB-120/PRD-WEB-120.vmdk,,,0,,,,,DC-East,Prod-Cluster,esx-prod06.corp.example,Prod,Microsoft Windows Server 2012 (64-bit),Microsoft Windows Server 2012 R2 Standard,vm-1119,42fc04a1652ffb493873e57f0ba078e8,vcsa01.corp.example,5f3c9a8e-1b2d-4c7e-9a10-2f6b8d4e7c31
PRD-WEB-120,poweredOn,False,False,Hard disk 2,2001,6000C29b1b19b829d0fcb577cec75674,[prod-vmfs-02] PRD-WEB-120/PRD-WEB-120_1.vmdk,2048000,False,persistent,sharingNone,True,False,False,False,normal,1000,0,-1,LSI Logic SAS,Hard disk 2,0:1,1,noSharing,[prod-vmfs-02] PRD-WEB-120/PRD-WEB-120_1.vmdk,,,1,Owner: app-team,,,,DC-East,Prod-Cluster,esx-prod06.corp.example,Prod,Microsoft Windows Server 2012 (64-bit),Microsoft Windows Server 2012 R2 Standard,vm-1119,42fc04a1652ffb493873e57f0ba078e8,vcsa01.corp.example,5f3c9a8e-1b2d-4c7e-9a10-2f6b8d4e7c31
PRD-WEB-120,poweredOn,False,False,Hard disk 3,2002,6000C2932054e592101b3c72d61a4a69,[prod-vmfs-01] PRD-WEB-120/PRD-WEB-120_2.vmdk,1024000,False,persistent,sharingNone,False,False,False,False,normal,1000,0,-1,LSI Logic SAS,Hard disk 3,0:2,2,noSharing,[prod-vmfs-01] PRD-WEB-120/PRD-WEB-120_2.vmdk,,,2,,,,,DC-East,Prod-Cluster,esx-prod06.corp.example,Prod,Microsoft Windows Server 2012 (64-bit),Microsoft Windows Server 2012 R2 Standard,vm-1119,42fc04a1652ffb493873e57f0ba078e8,vcsa01.corp.example,5f3c9a8e-1b2d-4c7e-9a10-2f6b8d4e7c31
PRD-WEB-121,poweredOn,False,False,Hard disk 1,2000,6000C297aa47bfc8164ba766b4c7573a,[prod-vmfs-04] PRD-WEB-121/PRD-WEB-121.vmdk,102400,False,persistent,sharingNone,False,True,False,False,normal,1000,0,-1,VMware paravirtual SCSI,Hard disk 1,0:0,0,noSharing,[prod-vmfs-04] PRD-WEB-121/PRD-WEB-121.vmdk,,,0,Owner: app-team,,,,DC-East,Prod-Cluster,esx-prod02.corp.example,Prod,Red Hat Enterprise Linux 8 (64-bit),Red Hat Enterprise Linux 8.8 (Ootpa),vm-1120,422cfa556e3f683abf3c51407f54a511,vcsa01.corp.example,5f3c9a8e-1b2d-4c7e-9a10-2f6b8d4e7c31
PRD-WEB-121,poweredOn,False,False,Hard disk 2,2001,6000C297599f5901e65cad512e401311,[prod-vmfs-02] PRD-WEB-121/PRD-WEB-121_1.vmdk,768000,False,persistent,sharingNone,True,False,False,False,normal,1000,0,-1,VMware paravirtual SCSI,Hard disk 2,0:1,1,noSharing,[prod-vmfs-02] PRD-WEB-121/PRD-WEB-121_1.vmdk,,,1,,,,,DC-East,Prod-Cluster,esx-prod02.corp.example,Prod,Red Hat Enterprise Linux 8 (64-bit),Red Hat Enterprise Linux 8.8 (Ootpa),vm-1120,422cfa556e3f683abf3c51407f54a511,vcsa01.corp.example,5f3c9a8e-1b2d-4c7e-9a10-2f6b8d4e7c31
PRD-SVC-122,poweredOn,False,False,Hard disk 1,2000,6000C291f5d989367085770fb7e1cb21,[prod-vmfs-02] PRD-SVC-122/PRD-SVC-122.vmdk,102400,False,persistent,sharingNone,False,False,False,False,normal,1000,0,-1,VMware paravirtual SCSI,Hard disk 1,0:0,0,noSharing,[prod-vmfs-02] PRD-SVC-122/PRD-SVC-122.vmdk,,,0,,,,,DC-East,Prod-Cluster,esx-prod05.corp.example,Prod,CentOS 7 (64-bit),CentOS Linux 7 (Core),vm-1121,4204cc3e6fac16730ad45230bdf66ba5,vcsa01.corp.example,5f3c9a8e-1b2d-4c7e-9a10-2f6b8d4e7c31
PRD-SVC-122,poweredOn,False,False,Hard disk 2,2001,6000C29a7508e10c1035ddda2cf0c77d,[prod-vmfs-02] PRD-SVC-122/PRD-SVC-122_1.vmdk,2048000,False,persistent,sharingNone,True,False,False,False,normal,1000,0,-1,VMware paravirtual SCSI,Hard disk 2,0:1,1,noSharing,[prod-vmfs-02] PRD-SVC-122/PRD-SVC-122_1.vmdk,,,1,Owner: app-team,,,,DC-East,Prod-Cluster,esx-prod05.corp.example,Prod,CentOS 7 (64-bit),CentOS Linux 7 (Core),vm-1121,4204cc3e6fac16730ad45230bdf66ba5,vcsa01.corp.example,5f3c9a8e-1b2d-4c7e-9a10-2f6b8d4e7c31
PRD-SVC-122,poweredOn,False,False,Hard disk 3,2002,6000C29bb79a0c86c986b3e47161c888,[prod-vmfs-02] PRD-SVC-122/PRD-SVC-122_2.vmdk,512000,False,persistent,sharingNone,True,False,False,False,normal,1000,0,-1,VMware paravirtual SCSI,Hard disk 3,0:2,2,noSharing,[prod-vmfs-02] PRD-SVC-122/PRD-SVC-122_2.vmdk,,,2,Owner: app-team,,,,DC-East,Prod-Cluster,esx-prod05.corp.example,Prod,CentOS 7 (64-bit),CentOS Linux 7 (Core),vm-1121,4204cc3e6fac16730ad45230bdf66ba5,vcsa01.corp.example,5f3c9a8e-1b2d-4c7e-9a10-2f6b8d4e7c31
PRD-SVC-122,poweredOn,False,False,Hard disk 4,2003,6000C29f9522496ea7c809be9082140a,[prod-vmfs-02] PRD-SVC-122/PRD-SVC-122_3.vmdk,256000,False,persistent,sharingNone,False,False,False,False,normal,1000,0,-1,VMware paravirtual SCSI,Hard disk 4,0:3,3,noSharing,[prod-vmfs-02] PRD-SVC-122/PRD-SVC-122_3.vmdk,,,3,Owner: app-team,,,,DC-East,Prod-Cluster,esx-prod05.corp.example,Prod,CentOS 7 (64-bit),CentOS Linux 7 (Core),vm-1121,4204cc3e6fac16730ad45230bdf66ba5,vcsa01.corp.example,5f3c9a8e-1b2d-4c7e-9a10-2f6b8d4e7c31
PRD-FS-123,poweredOn,False,False,Hard disk 1,2000,6000C299ca12f3d93e98f09df6d2a20d,[esx-prod05-local] PRD-FS-123/PRD-FS-123.vmdk,102400,False,persistent,sharingNone,True,False,False,False,normal,1000,0,-1,LSI Logic SAS,Hard disk 1,0:0,0,noSharing,[esx-prod05-local] PRD-FS-123/PRD-FS-123.vmdk,,,0,,,,,DC-East,Prod-Cluster,esx-prod05.corp.example,Prod,Microsoft Windows Server 2016 or later (64-bit),Microsoft Windows Server 2022 Datacenter,vm-1122,42532401f758dce20556daea67b03283,vcsa01.corp.example,5f3c9a8e-1b2d-4c7e-9a10-2f6b8d4e7c31
PRD-FS-123,poweredOn,False,False,Hard disk 2,2001,6000C29851f8deb6340407f48a4828af,[esx-prod05-local] PRD-FS-123/PRD-FS-123_1.vmdk,768000,False,persistent,sharingNone,False,True,False,False,normal,1000,0,-1,LSI Logic SAS,Hard disk 2,0:1,1,noSharing,[esx-prod05-local] PRD-FS-123/PRD-FS-123_1.vmdk,,,1,,,,,DC-East,Prod-Cluster,esx-prod05.corp.example,Prod,Microsoft Windows Server 2016 or later (64-bit),Microsoft Windows Server 2022 Datacenter,vm-1122,42532401f758dce20556daea67b03283,vcsa01.corp.example,5f3c9a8e-1b2d-4c7e-9a10-2f6b8d4e7c31
PRD-FS-123,poweredOn,False,False,Hard disk 3,2002,6000C2971f45a6d06af9e1cd444b9490,[esx-prod05-local] PRD-FS-123/PRD-FS-123_2.vmdk,204800,False,persistent,sharingNone,False,True,False,False,normal,1000,0,-1,LSI Logic SAS,Hard disk 3,0:2,2,noSharing,[esx-prod05-local] PRD-FS-123/PRD-FS-123_2.vmdk,,,2,,,,,DC-East,Prod-Cluster,esx-prod05.corp.example,Prod,Microsoft Windows Server 2016 or later (64-bit),Microsoft Windows Server 2022 Datacenter,vm-1122,42532401f758dce20556daea67b03283,vcsa01.corp.example,5f3c9a8e-1b2d-4c7e-9a10-2f6b8d4e7c31
PRD-SQL-124,poweredOn,False,False,Hard disk 1,2000,6000C2907054ef5f950f5effdc5136e4,[prod-vmfs-04] PRD-SQL-124/PRD-SQL-124.vmdk,61440,False,persistent,sharingNone,True,False,False,False,normal,1000,0,-1,VMware paravirtual SCSI,Hard disk 1,0:0,0,noSharing,[prod-vmfs-04] PRD-SQL-124/PRD-SQL-124.vmdk,,,0,Owner: app-team,,,,DC-East,Prod-Cluster,esx-prod01.corp.example,Prod,Microsoft Windows Server 2016 or later (64-bit),Microsoft Windows Server 2022 Datacenter,vm-1123,426550f71422373f862268d16683e107,vcsa01.corp.example,5f3c9a8e-1b2d-4c7e-9a10-2f6b8d4e7c31
PRD-SQL-124,poweredOn,False,False,Hard disk 2,2001,6000C29211e3d17570ad20702ca0ed97,[prod-vmfs-04] PRD-SQL-124/PRD-SQL-124_1.vmdk,204800,False,persistent,sharingNone,True,False,False,False,normal,1000,0,-1,VMware paravirtual SCSI,Hard disk 2,0:1,1,noSharing,[prod-vmfs-04] PRD-SQL-124/PRD-SQL-124_1.vmdk,,,1,Owner: app-team,,,,DC-East,Prod-Cluster,esx-prod01.corp.example,Prod,Microsoft Windows Server 2016 or later (64-bit),Microsoft Windows Server 2022 Datacenter,vm-1123,426550f71422373f862268d16683e107,vcsa01.corp.example,5f3c9a8e-1b2d-4c7e-9a10-2f6b8d4e7c31
PRD-SQL-124,poweredOn,False,False,Hard disk 3,2002,6000C299e6acb189aaae32223f19ed0f,[prod-vmfs-04] PRD-SQL-124/PRD-SQL-124_2.vmdk,2048000,False,persistent,sharingNone,True,False,False,False,normal,1000,0,-1,VMware paravirtual SCSI,Hard disk 3,0:2,2,noSharing,[prod-vmfs-04] PRD-SQL-124/PRD-SQL-124_2.vmdk,,,2,,,,,DC-East,Prod-Cluster,esx-prod01.corp.example,Prod,Microsoft Windows Server 2016 or later (64-bit),Microsoft Windows Server 2022 Datacenter,vm-1123,426550f71422373f862268d16683e107,vcsa01.corp.example,5f3c9a8e-1b2d-4c7e-9a10-2f6b8d4e7c31
PRD-SQL-125,poweredOn,False,False,Hard disk 1,2000,6000C290dcec2307b9e24cc0ca63d3d0,[prod-vmfs-03] PRD-SQL-125/PRD-SQL-125.vmdk,40960,False,persistent,sharingNone,True,False,False,False,normal,1000,0,-1,LSI Logic SAS,Hard disk 1,0:0,0,noSharing,[prod-vmfs-03] PRD-SQL-125/PRD-SQL-125.vmdk,,,0,,,,,DC-East,Prod-Cluster,esx-prod02.corp.example,Prod,Microsoft Windows Server 2019 (64-bit),Microsoft Windows Server 2019 Standard,vm-1124,425970a8c6b6e4ade7ea8d5a31a3ac4d,vcsa01.corp.example,5f3c9a8e-1b2d-4c7e-9a10-2f6b8d4e7c31
PRD-APP-126,poweredOn,False,False,Hard disk 1,2000,6000C2932f45a1125b7c398883ab6df5,[prod-vmfs-05] PRD-APP-126/PRD-APP-126.vmdk,61440,False,persistent,sharingNone,True,False,False,False,normal,1000,0,-1,VMware paravirtual SCSI,Hard disk 1,0:0,0,noSharing,[prod-vmfs-05] PRD-APP-126/PRD-APP-126.vmdk,,,0,,,,,DC-East,Prod-Cluster,esx-prod02.corp.example,Prod,Microsoft Windows Server 2019 (64-bit),Microsoft Windows Server 2019 Standard,vm-1125,42a7cf70c257cf73c29d782b2722796e,vcsa01.corp.example,5f3c9a8e-1b2d-4c7e-9a10-2f6b8d4e7c31
PRD-RDS-127,poweredOff,False,False,Hard disk 1,2000,6000C299cb53e1aedaed71e5929a3bab,[prod-vmfs-02] PRD-RDS-127/PRD-RDS-127.vmdk,81920,False,persistent,sharingNone,True,False,False,False,normal,1000,0,-1,LSI Logic SAS,Hard disk 1,0:0,0,noSharing,[prod-vmfs-02] PRD-RDS-127/PRD-RDS-127.vmdk,,,0,,,,,DC-East,Prod-Cluster,esx-prod05.corp.example,Prod,Red Hat Enterprise Linux 8 (64-bit),,vm-1126,42fc8d5ba2a2e91fa49b1cd99082889b,vcsa01.corp.example,5f3c9a8e-1b2d-4c7e-9a10-2f6b8d4e7c31
PRD-RDS-128,poweredOn,False,False,Hard disk 1,2000,6000C29a46f58ae67a5c28ca32e72520,[prod-vmfs-05] PRD-RDS-128/PRD-RDS-128.vmdk,81920,False,persistent,sharingNone,True,False,False,False,normal,1000,0,-1,LSI Logic SAS,Hard disk 1,0:0,0,noSharing,[prod-vmfs-05] PRD-RDS-128/PRD-RDS-128.vmdk,,,0,,,,,DC-East,Prod-Cluster,esx-prod01.corp.example,Prod,Microsoft Windows Server 2016 or later (64-bit),Microsoft Windows Server 2022 Datacenter,vm-1127,4281e0d45a18e2a30e614bcd97674900,vcsa01.corp.example,5f3c9a8e-1b2d-4c7e-9a10-2f6b8d4e7c31
PRD-APP-129,poweredOn,False,False,Hard disk 1,2000,6000C29adde2134c1e3a7063284baa23,[prod-vmfs-02] PRD-APP-129/PRD-APP-129.vmdk,102400,False,persistent,sharingNone,True,False,False,False,normal,1000,0,-1,LSI Logic SAS,Hard disk 1,0:0,0,noSharing,[prod-vmfs-02] PRD-APP-129/PRD-APP-129.vmdk,,,0,,,,,DC-East,Prod-Cluster,esx-prod03.corp.example,Prod,Red Hat Enterprise Linux 9 (64-bit),Red Hat Enterprise Linux 9.2 (Plow),vm-1128,4298159d9d713084171dabf9daf481a7,vcsa01.corp.example,5f3c9a8e-1b2d-4c7e-9a10-2f6b8d4e7c31
PRD-APP-129,poweredOn,False,False,Hard disk 2,2001,6000C29768fd117975d92768f5ca07f4,[prod-vmfs-02] PRD-APP-129/PRD-APP-129_1.vmdk,102400,False,persistent,sharingNone,True,False,False,False,normal,1000,0,-1,LSI Logic SAS,Hard disk 2,0:1,1,noSharing,[prod-vmfs-02] PRD-APP-129/PRD-APP-129_1.vmdk,,,1,,,,,DC-East,Prod-Cluster,esx-prod03.corp.example,Prod,Red Hat Enterprise Linux 9 (64-bit),Red Hat Enterprise Linux 9.2 (Plow),vm-1128,4298159d9d713084171dabf9daf481a7,vcsa01.corp.example,5f3c9a8e-1b2d-4c7e-9a10-2f6b8d4e7c31
PRD-APP-129,poweredOn,False,False,Hard disk 3,2002,6000C2991d7b83630db2672223bf1f71,[prod-vmfs-02] PRD-APP-129/PRD-APP-129_2.vmdk,2048000,False,persistent,sharingNone,False,False,False,False,normal,1000,0,-1,LSI Logic SAS,Hard disk 3,0:2,2,noSharing,[prod-vmfs-02] PRD-APP-129/PRD-APP-129_2.vmdk,,,2,,,,,DC-East,Prod-Cluster,esx-prod03.corp.example,Prod,Red Hat Enterprise Linux 9 (64-bit),Red Hat Enterprise Linux 9.2 (Plow),vm-1128,4298159d9d713084171dabf9daf481a7,vcsa01.corp.example,5f3c9a8e-1b2d-4c7e-9a10-2f6b8d4e7c31
PRD-APP-129,poweredOn,False,False,Hard disk 4,2003,6000C2911dadd80716d83599ac6669e6,[prod-vmfs-02] PRD-APP-129/PRD-APP-129_3.vmdk,256000,False,persistent,sharingNone,True,False,False,False,normal,1000,0,-1,LSI Logic SAS,Hard disk 4,0:3,3,noSharing,[prod-vmfs-02] PRD-APP-129/PRD-APP-129_3.vmdk,,,3,,,,,DC-East,Prod-Cluster,esx-prod03.corp.example,Prod,Red Hat Enterprise Linux 9 (64-bit),Red Hat Enterprise Linux 9.2 (Plow),vm-1128,4298159d9d713084171dabf9daf481a7,vcsa01.corp.example,5f3c9a8e-1b2d-4c7e-9a10-2f6b8d4e7c31
PRD-APP-130,poweredOn,False,False,Hard disk 1,2000,6000C29a749160182dc84e80a90bdc3a,[prod-vmfs-01] PRD-APP-130/PRD-APP-130.vmdk,40960,False,persistent,sharingNone,True,False,False,False,normal,1000,0,-1,LSI Logic SAS,Hard disk 1,0:0,0,noSharing,[prod-vmfs-01] PRD-APP-130/PRD-APP-130.vmdk,,,0,,,,,DC-East,Prod-Cluster,esx-prod04.corp.example,Prod,Ubuntu Linux (64-bit),Ubuntu 22.04.4 LTS,vm-1129,42269ed480599b9379c2d2e49ae1a991,vcsa01.corp.example,5f3c9a8e-1b2d-4c7e-9a10-2f6b8d4e7c31
PRD-SQL-131,poweredOn,False,False,Hard disk 1,2000,6000C2964966055e98a8a428266ecb23,[prod-vmfs-04] PRD-SQL-131/PRD-SQL-131.vmdk,61440,False,persistent,sharingNone,True,False,False,False,normal,1000,0,-1,VMware paravirtual SCSI,Hard disk 1,0:0,0,noSharing,[prod-vmfs-04] PRD-SQL-131/PRD-SQL-131.vmdk,,,0,Owner: app-team,,,,DC-East,Prod-Cluster,esx-prod06.corp.example,Prod,Microsoft Windows Server 2019 (64-bit),Microsoft Windows Server 2019 Standard,vm-1130,42707df2fdb1429e7010ed13b526b22d,vcsa01.corp.example,5f3c9a8e-1b2d-4c7e-9a10-2f6b8d4e7c31
PRD-SQL-131,poweredOn,False,False,Hard disk 2,2001,6000C293976611eed2bfbcf2d709acc3,[prod-vmfs-04] PRD-SQL-131/PRD-SQL-131_1.vmdk,51200,False,persistent,sharingNone,True,False,False,False,normal,1000,0,-1,VMware paravirtual SCSI,Hard disk 2,0:1,1,noSharing,[prod-vmfs-04] PRD-SQL-131/PRD-SQL-131_1.vmdk,,,1,,,,,DC-East,Prod-Cluster,esx-prod06.corp.example,Prod,Microsoft Windows Server 2019 (64-bit),Microsoft Windows Server 2019 Standard,vm-1130,42707df2fdb1429e7010ed13b526b22d,vcsa01.corp.example,5f3c9a8e-1b2d-4c7e-9a10-2f6b8d4e7c31
PRD-SQL-132,poweredOn,False,False,Hard disk 1,2000,6000C2934684ac7324522ef61e5fde58,[prod-vmfs-02] PRD-SQL-132/PRD-SQL-132.vmdk,102400,False,independent_persistent,sharingNone,True,False,False,False,normal,1000,0,-1,LSI Logic SAS,Hard disk 1,0:0,0,noSharing,[prod-vmfs-02] PRD-SQL-132/PRD-SQL-132.vmdk,,,0,,,,,DC-East,Prod-Cluster,esx-prod03.corp.example,Prod,Microsoft Windows Server 2016 or later (64-bit),Microsoft Windows Server 2022 Datacenter,vm-1131,4255ab94a5b5cdc2a181c85eca0ac6ac,vcsa01.corp.example,5f3c9a8e-1b2d-4c7e-9a10-2f6b8d4e7c31
PRD-SQL-132,poweredOn,False,False,Hard disk 2,2001,6000C298539e9c1f8cb8cf5d5be87a2a,[prod-vmfs-04] PRD-SQL-132/PRD-SQL-132_1.vmdk,1024000,False,persistent,sharingNone,False,False,False,False,normal,1000,0,-1,LSI Logic SAS,Hard disk 2,0:1,1,noSharing,[prod-vmfs-04] PRD-SQL-132/PRD-SQL-132_1.vmdk,,,1,,,,,DC-East,Prod-Cluster,esx-prod03.corp.example,Prod,Microsoft Windows Server 2016 or later (64-bit),Microsoft Windows Server 2022 Datacenter,vm-1131,4255ab94a5b5cdc2a181c85eca0ac6ac,vcsa01.corp.example,5f3c9a8e-1b2d-4c7e-9a10-2f6b8d4e7c31
PRD-FS-133,poweredOn,False,False,Hard disk 1,2000,6000C291f6c84ff5b8b75626b805f666,[prod-vmfs-05] PRD-FS-133/PRD-FS-133.vmdk,102400,False,persistent,sharingNone,True,False,False,False,normal,1000,0,-1,VMware paravirtual SCSI,Hard disk 1,0:0,0,noSharing,[prod-vmfs-05] PRD-FS-133/PRD-FS-133.vmdk,,,0,,,,,DC-East,Prod-Cluster,esx-prod03.corp.example,Prod,Microsoft Windows Server 2019 (64-bit),Microsoft Windows Server 2019 Standard,vm-1132,42a9e27b952e6abb14dd5061555736f8,vcsa01.corp.example,5f3c9a8e-1b2d-4c7e-9a10-2f6b8d4e7c31
PRD-FS-134,poweredOn,False,False,Hard disk 1,2000,6000C2910f038aaf3fec2bfa084a4052,[prod-vmfs-04] PRD-FS-134/PRD-FS-134.vmdk,81920,False,persistent,sharingNone,False,False,False,False,normal,1000,0,-1,LSI Logic SAS,Hard disk 1,0:0,0,noSharing,[prod-vmfs-04] PRD-FS-134/PRD-FS-134.vmdk,,,0,Owner: app-team,,,,DC-East,Prod-Cluster,esx-prod02.corp.example,Prod,Microsoft Windows Server 2016 (64-bit),Microsoft Windows Server 2016 Standard,vm-1133,42d02ce054170a17caaa5bbea4bbf962,vcsa01.corp.example,5f3c9a8e-1b2d-4c7e-9a10-2f6b8d4e7c31
PRD-FS-134,poweredOn,False,False,Hard disk 2,2001,6000C296e7b4638be871690e5cf9cefa,[prod-vmfs-04] PRD-FS-134/PRD-FS-134_1.vmdk,256000,False,persistent,sharingNone,False,True,False,False,normal,1000,0,-1,LSI Logic SAS,Hard disk 2,0:1,1,noSharing,[prod-vmfs-04] PRD-FS-134/PRD-FS-134_1.vmdk,,,1,,,,,DC-East,Prod-Cluster,esx-prod02.corp.example,Prod,Microsoft Windows Server 2016 (64-bit),Microsoft Windows Server 2016 Standard,vm-1133,42d02ce054170a17caaa5bbea4bbf962,vcsa01.corp.example,5f3c9a8e-1b2d-4c7e-9a10-2f6b8d4e7c31
PRD-SVC-135,poweredOn,False,False,Hard disk 1,2000,6000C2906f26bd7c7634fa4840480f7b,[prod-vmfs-01] PRD-SVC-135/PRD-SVC-135.vmdk,61440,False,persistent,sharingNone,True,False,False,False,normal,1000,0,-1,VMware paravirtual SCSI,Hard disk 1,0:0,0,noSharing,[prod-vmfs-01] PRD-SVC-135/PRD-SVC-135.vmdk,,,0,Owner: app-team,,,,DC-East,Prod-Cluster,esx-prod01.corp.example,Prod,Microsoft Windows Server 2012 (64-bit),Microsoft Windows Server 2012 R2 Standard,vm-1134,42f37fd52e25b5ee4f11d8dc5cd33369,vcsa01.corp.example,5f3c9a8e-1b2d-4c7e-9a10-2f6b8d4e7c31
PRD-WEB-136,poweredOn,False,False,Hard disk 1,2000,6000C29aba0d24f5cff5435718f1101e,[prod-vmfs-01] PRD-WEB-136/PRD-WEB-136.vmdk,40960,False,persistent,sharingNone,False,True,False,False,normal,1000,0,-1,LSI Logic SAS,Hard disk 1,0:0,0,noSharing,[prod-vmfs-01] PRD-WEB-136/PRD-WEB-136.vmdk,,,0,,,,,DC-East,Prod-Cluster,esx-prod02.corp.example,Prod,Microsoft Windows Server 2019 (64-bit),Microsoft Windows Server 2019 Standard,vm-1135,42e238febd17c5e8d5ca69ab8a2e6a93,vcsa01.corp.example,5f3c9a8e-1b2d-4c7e-9a10-2f6b8d4e7c31
PRD-CTX-137,poweredOn,False,False,Hard disk 1,2000,6000C29d0c3c83d3f801a8bf1467b73a,[prod-vmfs-01] PRD-CTX-137/PRD-CTX-137.vmdk,102400,False,independent_persistent,sharingNone,False,False,False,False,normal,1000,0,-1,LSI Logic SAS,Hard disk 1,0:0,0,noSharing,[prod-vmfs-01] PRD-CTX-137/PRD-CTX-137.vmdk,,,0,,,,,DC-East,Prod-Cluster,esx-prod02.corp.example,Prod,Microsoft Windows Server 2016 (64-bit),Microsoft Windows Server 2016 Standard,vm-1136,42cf1d7d9feefdffc566aa81b15e54f6,vcsa01.corp.example,5f3c9a8e-1b2d-4c7e-9a10-2f6b8d4e7c31
PRD-CTX-137,poweredOn,False,False,Hard disk 2,2001,6000C29f87db9211f84fe7ef5c726f34,[prod-vmfs-01] PRD-CTX-137/PRD-CTX-137_1.vmdk,2048000,False,persistent,sharingNone,True,False,False,False,normal,1000,0,-1,LSI Logic SAS,Hard disk 2,0:1,1,noSharing,[prod-vmfs-01] PRD-CTX-137/PRD-CTX-137_1.vmdk,,,1,Owner: app-team,,,,DC-East,Prod-Cluster,esx-prod02.corp.example,Prod,Microsoft Windows Server 2016 (64-bit),Microsoft Windows Server 2016 Standard,vm-1136,42cf1d7d9feefdffc566aa81b15e54f6,vcsa01.corp.example,5f3c9a8e-1b2d-4c7e-9a10-2f6b8d4e7c31
PRD-CTX-137,poweredOn,False,False,Hard disk 3,2002,6000C296cd101511331212d14cdc4dcd,[prod-vmfs-04] PRD-CTX-137/PRD-CTX-137_2.vmdk,768000,False,persistent,sharingNone,True,False,False,False,normal,1000,0,-1,LSI Logic SAS,Hard disk 3,0:2,2,noSharing,[prod-vmfs-04] PRD-CTX-137/PRD-CTX-137_2.vmdk,,,2,Owner: app-team,,,,DC-East,Prod-Cluster,esx-prod02.corp.example,Prod,Microsoft Windows Server 2016 (64-bit),Microsoft Windows Server 2016 Standard,vm-1136,42cf1d7d9feefdffc566aa81b15e54f6,vcsa01.corp.example,5f3c9a8e-1b2d-4c7e-9a10-2f6b8d4e7c31
PRD-FS-138,poweredOn,False,False,Hard disk 1,2000,6000C29cd294f5a82815eb62670f7921,[prod-vmfs-05] PRD-FS-138/PRD-FS-138.vmdk,81920,False,persistent,sharingNone,True,False,False,False,normal,1000,0,-1,LSI Logic SAS,Hard disk 1,0:0,0,noSharing,[prod-vmfs-05] PRD-FS-138/PRD-FS-138.vmdk,,,0,,,,,DC-East,Prod-Cluster,esx-prod03.corp.example,Prod,Microsoft Windows Server 2012 (64-bit),Microsoft Windows Server 2012 R2 Standard,vm-1137,4272ecf1c8a723e9bfa016c2c09cb506,vcsa01.corp.example,5f3c9a8e-1b2d-4c7e-9a10-2f6b8d4e7c31
PRD-FS-138,poweredOn,False,False,Hard disk 2,2001,6000C29d4114a2dcec062d4a708183ae,[prod-vmfs-03] PRD-FS-138/PRD-FS-138_1.vmdk,512000,False,independent_persistent,sharingNone,False,True,False,False,normal,1000,0,-1,LSI Logic SAS,Hard disk 2,0:1,1,noSharing,[prod-vmfs-03] PRD-FS-138/PRD-FS-138_1.vmdk,,,1,,,,,DC-East,Prod-Cluster,esx-prod03.corp.example,Prod,Microsoft Windows Server 2012 (64-bit),Microsoft Windows Server 2012 R2 Standard,vm-1137,4272ecf1c8a723e9bfa016c2c09cb506,vcsa01.corp.example,5f3c9a8e-1b2d-4c7e-9a10-2f6b8d4e7c31
PRD-RDS-139,poweredOn,False,False,Hard disk 1,2000,6000C2901dd19a42cb8be57b115c13de,[prod-vmfs-02] PRD-RDS-139/PRD-RDS-139.vmdk,61440,False,persistent,sharingNone,True,False,False,False,normal,1000,0,-1,LSI Logic SAS,Hard disk 1,0:0,0,noSharing,[prod-vmfs-02] PRD-RDS-139/PRD-RDS-139.vmdk,,,0,,,,,DC-East,Prod-Cluster,esx-prod02.corp.example,Prod,Microsoft Windows Server 2016 or later (64-bit),Microsoft Windows Server 2022 Datacenter,vm-1138,4280be7e61c2645ac733230448223120,vcsa01.corp.example,5f3c9a8e-1b2d-4c7e-9a10-2f6b8d4e7c31
PRD-RDS-139,poweredOn,False,False,Hard disk 2,2001,6000C29177a4d097aaa223447c53ccb0,[prod-vmfs-02] PRD-RDS-139/PRD-RDS-139_1.vmdk,768000,False,persistent,sharingNone,True,False,False,False,normal,1000,0,-1,LSI Logic SAS,Hard disk 2,0:1,1,noSharing,[prod-vmfs-02] PRD-RDS-139/PRD-RDS-139_1.vmdk,,,1,,,,,DC-East,Prod-Cluster,esx-prod02.corp.example,Prod,Microsoft Windows Server 2016 or later (64-bit),Microsoft Windows Server 2022 Datacenter,vm-1138,4280be7e61c2645ac733230448223120,vcsa01.corp.example,5f3c9a8e-1b2d-4c7e-9a10-2f6b8d4e7c31
PRD-CTX-140,poweredOn,False,False,Hard disk 1,2000,6000C2999c4d8e2c4169de840ad3f8b9,[prod-vmfs-02] PRD-CTX-140/PRD-CTX-140.vmdk,61440,False,persistent,sharingNone,True,False,False,False,normal,1000,0,-1,LSI Logic,Hard disk 1,0:0,0,noSharing,[prod-vmfs-02] PRD-CTX-140/PRD-CTX-140.vmdk,,,0,,,,,DC-East,Prod-Cluster,esx-prod02.corp.example,Prod,CentOS 7 (64-bit),CentOS Linux 7 (Core),vm-1139,421a4352ef2ddcc48df661da5f07c1a5,vcsa01.corp.example,5f3c9a8e-1b2d-4c7e-9a10-2f6b8d4e7c31
PRD-APP-141,poweredOn,False,False,Hard disk 1,2000,6000C29e692fe76c1a204dcc4ae8e236,[prod-vmfs-04] PRD-APP-141/PRD-APP-141.vmdk,61440,False,persistent,sharingNone,True,False,False,False,normal,1000,0,-1,VMware paravirtual SCSI,Hard disk 1,0:0,0,noSharing,[prod-vmfs-04] PRD-APP-141/PRD-APP-141.vmdk,,,0,,,,,DC-East,Prod-Cluster,esx-prod02.corp.example,Prod,Microsoft Windows Server 2019 (64-bit),Microsoft Windows Server 2019 Standard,vm-1140,4238d77be916da57f24823ab177a8a5f,vcsa01.corp.example,5f3c9a8e-1b2d-4c7e-9a10-2f6b8d4e7c31
PRD-APP-141,poweredOn,False,False,Hard disk 2,2001,6000C297375e5c72260027aa197ddceb,[prod-vmfs-04] PRD-APP-141/PRD-APP-141_1.vmdk,768000,False,persistent,sharingNone,True,False,False,False,normal,1000,0,-1,VMware paravirtual SCSI,Hard disk 2,0:1,1,noSharing,[prod-vmfs-04] PRD-APP-141/PRD-APP-141_1.vmdk,,,1,Owner: app-team,,,,DC-East,Prod-Cluster,esx-prod02.corp.example,Prod,Microsoft Windows Server 2019 (64-bit),Microsoft Windows Server 2019 Standard,vm-1140,4238d77be916da57f24823ab177a8a5f,vcsa01.corp.example,5f3c9a8e-1b2d-4c7e-9a10-2f6b8d4e7c31
PRD-APP-142,suspended,False,False,Hard disk 1,2000,6000C2994a02d7c19859df42974a2447,[prod-vmfs-02] PRD-APP-142/PRD-APP-142.vmdk,61440,False,persistent,sharingNone,False,False,False,False,normal,1000,0,-1,VMware paravirtual SCSI,Hard disk 1,0:0,0,noSharing,[prod-vmfs-02] PRD-APP-142/PRD-APP-142.vmdk,,,0,,,,,DC-East,Prod-Cluster,esx-prod04.corp.example,Prod,Microsoft Windows Server 2016 (64-bit),,vm-1141,4251955407374c86397b5f515ffa46ef,vcsa01.corp.example,5f3c9a8e-1b2d-4c7e-9a10-2f6b8d4e7c31
PRD-APP-143,poweredOn,False,False,Hard disk 1,2000,6000C298e7718e1bd1df4ff075f32c8e,[prod-vmfs-01] PRD-APP-143/PRD-APP-143.vmdk,81920,False,persistent,sharingNone,True,False,False,False,normal,1000,0,-1,BusLogic,Hard disk 1,0:0,0,noSharing,[prod-vmfs-01] PRD-APP-143/PRD-APP-143.vmdk,,,0,,,,,DC-East,Prod-Cluster,esx-prod02.corp.example,Prod,Microsoft Windows Server 2019 (64-bit),Microsoft Windows Server 2019 Standard,vm-1142,420158249d8776a072d78bdd781799ff,vcsa01.corp.example,5f3c9a8e-1b2d-4c7e-9a10-2f6b8d4e7c31
PRD-APP-143,poweredOn,False,False,Hard disk 2,2001,6000C290692661f516ca331c1b0e93e1,[prod-vmfs-01] PRD-APP-143/PRD-APP-143_1.vmdk,204800,False,persistent,sharingNone,True,False,False,False,normal,1000,0,-1,BusLogic,Hard disk 2,0:1,1,noSharing,[prod-vmfs-01] PRD-APP-143/PRD-APP-143_1.vmdk,,,1,,,,,DC-East,Prod-Cluster,esx-prod02.corp.example,Prod,Microsoft Windows Server 2019 (64-bit),Microsoft Windows Server 2019 Standard,vm-1142,420158249d8776a072d78bdd781799ff,vcsa01.corp.example,5f3c9a8e-1b2d-4c7e-9a10-2f6b8d4e7c31
PRD-APP-144,poweredOn,False,False,Hard disk 1,2000,6000C29e2587f6a0e69cf4c872d627e9,[prod-vmfs-05] PRD-APP-144/PRD-APP-144.vmdk,102400,False,persistent,sharingNone,True,False,False,False,normal,1000,0,-1,LSI Logic SAS,Hard disk 1,0:0,0,noSharing,[prod-vmfs-05] PRD-APP-144/PRD-APP-144.vmdk,,,0,Owner: app-team,,,,DC-East,Prod-Cluster,esx-prod05.corp.example,Prod,Ubuntu Linux (64-bit),Ubuntu 18.04.6 LTS,vm-1143,424d183e3cd5fd7f49c10669c6b33fe6,vcsa01.corp.example,5f3c9a8e-1b2d-4c7e-9a10-2f6b8d4e7c31
PRD-APP-144,poweredOn,False,False,Hard disk 2,2001,6000C290f667a91a71c7ebf1f9dbe07e,[prod-vmfs-05] PRD-APP-144/PRD-APP-144_1.vmdk,102400,False,persistent,sharingNone,True,False,False,False,normal,1000,0,-1,LSI Logic SAS,Hard disk 2,0:1,1,noSharing,[prod-vmfs-05] PRD-APP-144/PRD-APP-144_1.vmdk,,,1,,,,,DC-East,Prod-Cluster,esx-prod05.corp.example,Prod,Ubuntu Linux (64-bit),Ubuntu 18.04.6 LTS,vm-1143,424d183e3cd5fd7f49c10669c6b33fe6,vcsa01.corp.example,5f3c9a8e-1b2d-4c7e-9a10-2f6b8d4e7c31
PRD-APP-144,poweredOn,False,False,Hard disk 3,2002,6000C299a03ef56a80ef2ccf8999b812,[prod-vmfs-05] PRD-APP-144/PRD-APP-144_2.vmdk,1024000,False,persistent,sharingNone,True,False,False,False,normal,1000,0,-1,LSI Logic SAS,Hard disk 3,0:2,2,noSharing,[prod-vmfs-05] PRD-APP-144/PRD-APP-144_2.vmdk,,,2,,,,,DC-East,Prod-Cluster,esx-prod05.corp.example,Prod,Ubuntu Linux (64-bit),Ubuntu 18.04.6 LTS,vm-1143,424d183e3cd5fd7f49c10669c6b33fe6,vcsa01.corp.example,5f3c9a8e-1b2d-4c7e-9a10-2f6b8d4e7c31
PRD-CTX-145,poweredOn,False,False,Hard disk 1,2000,6000C2928a02711e02f3e4d0eeb8c6eb,[prod-vmfs-02] PRD-CTX-145/PRD-CTX-145.vmdk,102400,False,persistent,sharingNone,True,False,False,False,normal,1000,0,-1,LSI Logic SAS,Hard disk 1,0:0,0,noSharing,[prod-vmfs-02] PRD-CTX-145/PRD-CTX-145.vmdk,,,0,Owner: app-team,,,,DC-East,Prod-Cluster,esx-prod04.corp.example,Prod,Microsoft Windows Server 2019 (64-bit),Microsoft Windows Server 2019 Standard,vm-1144,423defa893364f7e83efa9f3a1c7cc8a,vcsa01.corp.example,5f3c9a8e-1b2d-4c7e-9a10-2f6b8d4e7c31
PRD-CTX-146,poweredOn,False,False,Hard disk 1,2000,6000C29497266ab2d1303a7aaca19386,[prod-vmfs-02] PRD-CTX-146/PRD-CTX-146.vmdk,40960,False,persistent,sharingNone,True,False,False,False,normal,1000,0,-1,VMware paravirtual SCSI,Hard disk 1,0:0,0,noSharing,[prod-vmfs-02] PRD-CTX-146/PRD-CTX-146.vmdk,,,0,,,,,DC-East,Prod-Cluster,esx-prod03.corp.example,Prod,Microsoft Windows Server 2019 (64-bit),Microsoft Windows Server 2019 Standard,vm-1145,425c5087f982f4e08603156a15eacbcf,vcsa01.corp.example,5f3c9a8e-1b2d-4c7e-9a10-2f6b8d4e7c31
PRD-SVC-147,poweredOn,False,False,Hard disk 1,2000,6000C2916c6bfd6694bac2b5ca4514d1,[prod-vmfs-01] PRD-SVC-147/PRD-SVC-147.vmdk,61440,False,persistent,sharingNone,True,False,False,False,normal,1000,0,-1,VMware paravirtual SCSI,Hard disk 1,0:0,0,noSharing,[prod-vmfs-01] PRD-SVC-147/PRD-SVC-147.vmdk,,,0,,,,,DC-East,Prod-Cluster,esx-prod05.corp.example,Prod,Microsoft Windows Server 2019 (64-bit),Microsoft Windows Server 2019 Standard,vm-1146,42bf502340ef39355f90bed6fb25664d,vcsa01.corp.example,5f3c9a8e-1b2d-4c7e-9a10-2f6b8d4e7c31
PRD-SVC-147,poweredOn,False,False,Hard disk 2,2001,6000C298e64b55237e8e148b0b44f907,[prod-vmfs-03] PRD-SVC-147/PRD-SVC-147_1.vmdk,1024000,False,persistent,sharingNone,True,False,False,False,normal,1000,0,-1,VMware paravirtual SCSI,Hard disk 2,0:1,1,noSharing,[prod-vmfs-03] PRD-SVC-147/PRD-SVC-147_1.vmdk,,,1,,,,,DC-East,Prod-Cluster,esx-prod05.corp.example,Prod,Microsoft Windows Server 2019 (64-bit),Microsoft Windows Server 2019 Standard,vm-1146,42bf502340ef39355f90bed6fb25664d,vcsa01.corp.example,5f3c9a8e-1b2d-4c7e-9a10-2f6b8d4e7c31
PRD-SVC-147,poweredOn,False,False,Hard disk 3,2002,6000C29a48bbec177ccd3eb62d51ca94,[prod-vmfs-01] PRD-SVC-147/PRD-SVC-147_2.vmdk,1024000,False,persistent,sharingNone,True,False,False,False,normal,1000,0,-1,VMware paravirtual SCSI,Hard disk 3,0:2,2,noSharing,[prod-vmfs-01] PRD-SVC-147/PRD-SVC-147_2.vmdk,,,2,,,,,DC-East,Prod-Cluster,esx-prod05.corp.example,Prod,Microsoft Windows Server 2019 (64-bit),Microsoft Windows Server 2019 Standard,vm-1146,42bf502340ef39355f90bed6fb25664d,vcsa01.corp.example,5f3c9a8e-1b2d-4c7e-9a10-2f6b8d4e7c31
PRD-WEB-148,poweredOn,False,False,Hard disk 1,2000,6000C2969c9f2ec0ef80a18943cbfd06,[prod-vmfs-04] PRD-WEB-148/PRD-WEB-148.vmdk,61440,False,persistent,sharingNone,True,False,False,False,normal,1000,0,-1,LSI Logic SAS,Hard disk 1,0:0,0,noSharing,[prod-vmfs-04] PRD-WEB-148/PRD-WEB-148.vmdk,,,0,Owner: app-team,,,,DC-East,Prod-Cluster,esx-prod06.corp.example,Prod,Microsoft Windows Server 2012 (64-bit),Microsoft Windows Server 2012 R2 Standard,vm-1147,425a30450b5995622227219f551ff086,vcsa01.corp.example,5f3c9a8e-1b2d-4c7e-9a10-2f6b8d4e7c31
PRD-RDS-149,poweredOn,False,False,Hard disk 1,2000,6000C29f92e92aa7f7b8a5e480a5fe0d,[prod-vmfs-01] PRD-RDS-149/PRD-RDS-149.vmdk,61440,False,persistent,sharingNone,False,False,False,False,normal,1000,0,-1,VMware paravirtual SCSI,Hard disk 1,0:0,0,noSharing,[prod-vmfs-01] PRD-RDS-149/PRD-RDS-149.vmdk,,,0,,,,,DC-East,Prod-Cluster,esx-prod06.corp.example,Prod,Microsoft Windows Server 2016 (64-bit),Microsoft Windows Server 2016 Standard,vm-1148,420977c5752a7d25f1901b7ec6b469ef,vcsa01.corp.example,5f3c9a8e-1b2d-4c7e-9a10-2f6b8d4e7c31
PRD-APP-150,suspended,False,False,Hard disk 1,2000,6000C298c0bdbeaffcce4fb6fd97a595,[prod-vmfs-05] PRD-APP-150/PRD-APP-150.vmdk,61440,False,independent_persistent,sharingNone,True,False,False,False,normal,1000,0,-1,LSI Logic SAS,Hard disk 1,0:0,0,noSharing,[prod-vmfs-05] PRD-APP-150/PRD-APP-150.vmdk,,,0,,,,,DC-East,Prod-Cluster,esx-prod03.corp.example,Prod,Ubuntu Linux (64-bit),,vm-1149,42095ffa40d92bce7930ba208b040f49,vcsa01.corp.example,5f3c9a8e-1b2d-4c7e-9a10-2f6b8d4e7c31
PRD-APP-150,suspended,False,False,Hard disk 2,2001,6000C2906cc73151117244f793645e43,[prod-vmfs-05] PRD-APP-150/PRD-APP-150_1.vmdk,2048000,False,persistent,sharingNone,True,False,False,False,normal,1000,0,-1,LSI Logic SAS,Hard disk 2,0:1,1,noSharing,[prod-vmfs-05] PRD-APP-150/PRD-APP-150_1.vmdk,,,1,,,,,DC-East,Prod-Cluster,esx-prod03.corp.example,Prod,Ubuntu Linux (64-bit),,vm-1149,42095ffa40d92bce7930ba208b040f49,vcsa01.corp.example,5f3c9a8e-1b2d-4c7e-9a10-2f6b8d4e7c31
PRD-APP-151,poweredOn,False,False,Hard disk 1,2000,6000C29b79a0d586369db2ef3b8ee0e0,[prod-vmfs-01] PRD-APP-151/PRD-APP-151.vmdk,102400,False,persistent,sharingNone,True,False,False,False,normal,1000,0,-1,LSI Logic SAS,Hard disk 1,0:0,0,noSharing,[prod-vmfs-01] PRD-APP-151/PRD-APP-151.vmdk,,,0,,,,,DC-East,Prod-Cluster,esx-prod06.corp.example,Prod,Microsoft Windows Server 2016 or later (64-bit),Microsoft Windows Server 2022 Datacenter,vm-1150,42e506f67092947dbe4969ec6667d3bb,vcsa01.corp.example,5f3c9a8e-1b2d-4c7e-9a10-2f6b8d4e7c31
PRD-APP-151,poweredOn,False,False,Hard disk 2,2001,6000C29f2fc3bb1c577b8d97001bd08e,[prod-vmfs-03] PRD-APP-151/PRD-APP-151_1.vmdk,1024000,False,persistent,sharingNone,True,False,False,False,normal,1000,0,-1,LSI Logic SAS,Hard disk 2,0:1,1,noSharing,[prod-vmfs-03] PRD-APP-151/PRD-APP-151_1.vmdk,,,1,Owner: app-team,,,,DC-East,Prod-Cluster,esx-prod06.corp.example,Prod,Microsoft Windows Server 2016 or later (64-bit),Microsoft Windows Server 2022 Datacenter,vm-1150,42e506f67092947dbe4969ec6667d3bb,vcsa01.corp.example,5f3c9a8e-1b2d-4c7e-9a10-2f6b8d4e7c31
PRD-APP-151,poweredOn,False,False,Hard disk 3,2002,6000C298523b505c4127bbb7eb19071b,[prod-vmfs-01] PRD-APP-151/PRD-APP-151_2.vmdk,51200,False,persistent,sharingNone,True,False,False,False,normal,1000,0,-1,LSI Logic SAS,Hard disk 3,0:2,2,noSharing,[prod-vmfs-01] PRD-APP-151/PRD-APP-151_2.vmdk,,,2,,,,,DC-East,Prod-Cluster,esx-prod06.corp.example,Prod,Microsoft Windows Server 2016 or later (64-bit),Microsoft Windows Server 2022 Datacenter,vm-1150,42e506f67092947dbe4969ec6667d3bb,vcsa01.corp.example,5f3c9a8e-1b2d-4c7e-9a10-2f6b8d4e7c31
PRD-RDS-152,poweredOn,False,False,Hard disk 1,2000,6000C29c7854f2ce102c89bad85a4e1a,[prod-vmfs-04] PRD-RDS-152/PRD-RDS-152.vmdk,61440,False,persistent,sharingNone,True,False,False,False,normal,1000,0,-1,VMware paravirtual SCSI,Hard disk 1,0:0,0,noSharing,[prod-vmfs-04] PRD-RDS-152/PRD-RDS-152.vmdk,,,0,,,,,DC-East,Prod-Cluster,esx-prod03.corp.example,Prod,Ubuntu Linux (64-bit),Ubuntu 22.04.4 LTS,vm-1151,426e3c4514348f626cac028cba220065,vcsa01.corp.example,5f3c9a8e-1b2d-4c7e-9a10-2f6b8d4e7c31
PRD-RDS-152,poweredOn,False,False,Hard disk 2,2001,6000C29bee6d7a27e95b9b7be585fc3d,[prod-vmfs-04] PRD-RDS-152/PRD-RDS-152_1.vmdk,102400,False,persistent,sharingNone,False,False,False,False,normal,1000,0,-1,VMware paravirtual SCSI,Hard disk 2,0:1,1,noSharing,[prod-vmfs-04] PRD-RDS-152/PRD-RDS-152_1.vmdk,,,1,Owner: app-team,,,,DC-East,Prod-Cluster,esx-prod03.corp.example,Prod,Ubuntu Linux (64-bit),Ubuntu 22.04.4 LTS,vm-1151,426e3c4514348f626cac028cba220065,vcsa01.corp.example,5f3c9a8e-1b2d-4c7e-9a10-2f6b8d4e7c31
PRD-WEB-153,poweredOn,False,False,Hard disk 1,2000,6000C29a64ff3d41eb4b3bd82f49056a,[prod-vmfs-05] PRD-WEB-153/PRD-WEB-153.vmdk,40960,False,persistent,sharingNone,False,True,False,False,normal,1000,0,-1,VMware paravirtual SCSI,Hard disk 1,0:0,0,noSharing,[prod-vmfs-05] PRD-WEB-153/PRD-WEB-153.vmdk,,,0,,,,,DC-East,Prod-Cluster,esx-prod03.corp.example,Prod,Microsoft Windows Server 2019 (64-bit),Microsoft Windows Server 2019 Standard,vm-1152,426d15f1b7b8c1a59a45693d7227890e,vcsa01.corp.example,5f3c9a8e-1b2d-4c7e-9a10-2f6b8d4e7c31
PRD-APP-154,suspended,False,False,Hard disk 1,2000,6000C29681b89c44ee28c8564fc60d43,[prod-vmfs-02] PRD-APP-154/PRD-APP-154.vmdk,40960,False,persistent,sharingNone,True,False,False,False,normal,1000,0,-1,VMware paravirtual SCSI,Hard disk 1,0:0,0,noSharing,[prod-vmfs-02] PRD-APP-154/PRD-APP-154.vmdk,,,0,,,,,DC-East,Prod-Cluster,esx-prod06.corp.example,Prod,CentOS 7 (64-bit),,vm-1153,42ca9e4afae3114ba3b442bd46494296,vcsa01.corp.example,5f3c9a8e-1b2d-4c7e-9a10-2f6b8d4e7c31
PRD-APP-154,suspended,False,False,Hard disk 2,2001,6000C291dde22a23e47c666ab04dee79,[prod-vmfs-02] PRD-APP-154/PRD-APP-154_1.vmdk,51200,False,persistent,sharingNone,True,False,False,False,normal,1000,0,-1,VMware paravirtual SCSI,Hard disk 2,0:1,1,noSharing,[prod-vmfs-02] PRD-APP-154/PRD-APP-154_1.vmdk,,,1,,,,,DC-East,Prod-Cluster,esx-prod06.corp.example,Prod,CentOS 7 (64-bit),,vm-1153,42ca9e4afae3114ba3b442bd46494296,vcsa01.corp.example,5f3c9a8e-1b2d-4c7e-9a10-2f6b8d4e7c31
PRD-APP-154,suspended,False,False,Hard disk 3,2002,6000C295fa98f0cf42df3d68969e3fde,[prod-vmfs-02] PRD-APP-154/PRD-APP-154_2.vmdk,512000,False,persistent,sharingNone,True,False,False,False,normal,1000,0,-1,VMware paravirtual SCSI,Hard disk 3,0:2,2,noSharing,[prod-vmfs-02] PRD-APP-154/PRD-APP-154_2.vmdk,,,2,,,,,DC-East,Prod-Cluster,esx-prod06.corp.example,Prod,CentOS 7 (64-bit),,vm-1153,42ca9e4afae3114ba3b442bd46494296,vcsa01.corp.example,5f3c9a8e-1b2d-4c7e-9a10-2f6b8d4e7c31
PRD-FS-155,poweredOn,False,False,Hard disk 1,2000,6000C299d5204b483a21356c0fd68618,[prod-vmfs-04] PRD-FS-155/PRD-FS-155.vmdk,40960,False,persistent,sharingNone,True,False,False,False,normal,1000,0,-1,LSI Logic SAS,Hard disk 1,0:0,0,noSharing,[prod-vmfs-04] PRD-FS-155/PRD-FS-155.vmdk,,,0,,,,,DC-East,Prod-Cluster,esx-prod03.corp.example,Prod,Microsoft Windows Server 2016 (64-bit),Microsoft Windows Server 2016 Standard,vm-1154,429b89e5d942644c248d31ec07f8d4f0,vcsa01.corp.example,5f3c9a8e-1b2d-4c7e-9a10-2f6b8d4e7c31
PRD-FS-155,poweredOn,False,False,Hard disk 2,2001,6000C296ceb893648e242b1dc5736b1c,[prod-vmfs-04] PRD-FS-155/PRD-FS-155_1.vmdk,51200,False,persistent,sharingNone,False,False,False,False,normal,1000,0,-1,LSI Logic SAS,Hard disk 2,0:1,1,noSharing,[prod-vmfs-04] PRD-FS-155/PRD-FS-155_1.vmdk,,,1,Owner: app-team,,,,DC-East,Prod-Cluster,esx-prod03.corp.example,Prod,Microsoft Windows Server 2016 (64-bit),Microsoft Windows Server 2016 Standard,vm-1154,429b89e5d942644c248d31ec07f8d4f0,vcsa01.corp.example,5f3c9a8e-1b2d-4c7e-9a10-2f6b8d4e7c31
PRD-APP-156,poweredOn,False,False,Hard disk 1,2000,6000C2940c0575ab2dce3207400e4540,[prod-vmfs-04] PRD-APP-156/PRD-APP-156.vmdk,81920,False,persistent,sharingNone,True,False,False,False,normal,1000,0,-1,LSI Logic SAS,Hard disk 1,0:0,0,noSharing,[prod-vmfs-04] PRD-APP-156/PRD-APP-156.vmdk,,,0,,,,,DC-East,Prod-Cluster,esx-prod02.corp.example,Prod,Red Hat Enterprise Linux 8 (64-bit),Red Hat Enterprise Linux 8.8 (Ootpa),vm-1155,422747b99ae77eab084a67809136f1f8,vcsa01.corp.example,5f3c9a8e-1b2d-4c7e-9a10-2f6b8d4e7c31
PRD-APP-156,poweredOn,False,False,Hard disk 2,2001,6000C29daeb251526002ed7bffa6df21,[prod-vmfs-04] PRD-APP-156/PRD-APP-156_1.vmdk,51200,False,persistent,sharingNone,True,False,False,False,normal,1000,0,-1,LSI Logic SAS,Hard disk 2,0:1,1,noSharing,[prod-vmfs-04] PRD-APP-156/PRD-APP-156_1.vmdk,,,1,Owner: app-team,,,,DC-East,Prod-Cluster,esx-prod02.corp.example,Prod,Red Hat Enterprise Linux 8 (64-bit),Red Hat Enterprise Linux 8.8 (Ootpa),vm-1155,422747b99ae77eab084a67809136f1f8,vcsa01.corp.example,5f3c9a8e-1b2d-4c7e-9a10-2f6b8d4e7c31
PRD-APP-157,poweredOn,False,False,Hard disk 1,2000,6000C293f6fa5eb651a58b4ec49c0042,[prod-vmfs-03] PRD-APP-157/PRD-APP-157.vmdk,61440,False,persistent,sharingNone,True,False,False,False,normal,1000,0,-1,LSI Logic SAS,Hard disk 1,0:0,0,noSharing,[prod-vmfs-03] PRD-APP-157/PRD-APP-157.vmdk,,,0,Owner: app-team,,,,DC-East,Prod-Cluster,esx-prod05.corp.example,Prod,Microsoft Windows Server 2019 (64-bit),Microsoft Windows Server 2019 Standard,vm-1156,421d0af7f5e4a4713fe68c9c4758367b,vcsa01.corp.example,5f3c9a8e-1b2d-4c7e-9a10-2f6b8d4e7c31
PRD-APP-157,poweredOn,False,False,Hard disk 2,2001,6000C2909bcde988ce25d28181a4dce0,[prod-vmfs-03] PRD-APP-157/PRD-APP-157_1.vmdk,768000,False,persistent,sharingNone,False,False,False,False,normal,1000,0,-1,LSI Logic SAS,Hard disk 2,0:1,1,noSharing,[prod-vmfs-03] PRD-APP-157/PRD-APP-157_1.vmdk,,,1,,,,,DC-East,Prod-Cluster,esx-prod05.corp.example,Prod,Microsoft Windows Server 2019 (64-bit),Microsoft Windows Server 2019 Standard,vm-1156,421d0af7f5e4a4713fe68c9c4758367b,vcsa01.corp.example,5f3c9a8e-1b2d-4c7e-9a10-2f6b8d4e7c31
PRD-APP-157,poweredOn,False,False,Hard disk 3,2002,6000C295c84042f9db66cc533e1591ee,[prod-vmfs-03] PRD-APP-157/PRD-APP-157_2.vmdk,204800,False,persistent,sharingNone,True,False,False,False,normal,1000,0,-1,LSI Logic SAS,Hard disk 3,0:2,2,noSharing,[prod-vmfs-03] PRD-APP-157/PRD-APP-157_2.vmdk,,,2,Owner: app-team,,,,DC-East,Prod-Cluster,esx-prod05.corp.example,Prod,Microsoft Windows Server 2019 (64-bit),Microsoft Windows Server 2019 Standard,vm-1156,421d0af7f5e4a4713fe68c9c4758367b,vcsa01.corp.example,5f3c9a8e-1b2d-4c7e-9a10-2f6b8d4e7c31
PRD-FS-158,poweredOn,False,False,Hard disk 1,2000,6000C2912fce10aedb06fec229071205,[prod-vmfs-02] PRD-FS-158/PRD-FS-158.vmdk,61440,False,persistent,sharingNone,True,False,False,False,normal,1000,0,-1,LSI Logic SAS,Hard disk 1,0:0,0,noSharing,[prod-vmfs-02] PRD-FS-158/PRD-FS-158.vmdk,,,0,Owner: app-team,,,,DC-East,Prod-Cluster,esx-prod05.corp.example,Prod,Microsoft Windows Server 2019 (64-bit),Microsoft Windows Server 2019 Standard,vm-1157,42ea9e5cb1a8b71f491b90e99ca3fbb3,vcsa01.corp.example,5f3c9a8e-1b2d-4c7e-9a10-2f6b8d4e7c31
PRD-FS-158,poweredOn,False,False,Hard disk 2,2001,6000C29cf699734e2e58e57a4b4af20d,[prod-vmfs-04] PRD-FS-158/PRD-FS-158_1.vmdk,768000,False,persistent,sharingNone,True,False,False,False,normal,1000,0,-1,LSI Logic SAS,Hard disk 2,0:1,1,noSharing,[prod-vmfs-04] PRD-FS-158/PRD-FS-158_1.vmdk,,,1,,,,,DC-East,Prod-Cluster,esx-prod05.corp.example,Prod,Microsoft Windows Server 2019 (64-bit),Microsoft Windows Server 2019 Standard,vm-1157,42ea9e5cb1a8b71f491b90e99ca3fbb3,vcsa01.corp.example,5f3c9a8e-1b2d-4c7e-9a10-2f6b8d4e7c31
PRD-FS-158,poweredOn,False,False,Hard disk 3,2002,6000C297e1a06de2f6de974a6d9d5598,[prod-vmfs-02] PRD-FS-158/PRD-FS-158_2.vmdk,51200,False,persistent,sharingNone,True,False,False,False,normal,1000,0,-1,LSI Logic SAS,Hard disk 3,0:2,2,noSharing,[prod-vmfs-02] PRD-FS-158/PRD-FS-158_2.vmdk,,,2,,,,,DC-East,Prod-Cluster,esx-prod05.corp.example,Prod,Microsoft Windows Server 2019 (64-bit),Microsoft Windows Server 2019 Standard,vm-1157,42ea9e5cb1a8b71f491b90e99ca3fbb3,vcsa01.corp.example,5f3c9a8e-1b2d-4c7e-9a10-2f6b8d4e7c31
PRD-APP-159,suspended,False,False,Hard disk 1,2000,6000C29d80dc3ba1da0eb3c3f8f001ae,[prod-vmfs-02] PRD-APP-159/PRD-APP-159.vmdk,81920,False,persistent,sharingNone,True,False,False,False,normal,1000,0,-1,VMware paravirtual SCSI,Hard disk 1,0:0,0,noSharing,[prod-vmfs-02] PRD-APP-159/PRD-APP-159.vmdk,,,0,,,,,DC-East,Prod-Cluster,esx-prod04.corp.example,Prod,Microsoft Windows Server 2019 (64-bit),,vm-1158,42d87414f7b217c7ae92ea71cf7dcb43,vcsa01.corp.example,5f3c9a8e-1b2d-4c7e-9a10-2f6b8d4e7c31
PRD-APP-160,poweredOn,False,False,Hard disk 1,2000,6000C29214420114dfe704a4322570ff,[prod-vmfs-02] PRD-APP-160/PRD-APP-160.vmdk,81920,False,persistent,sharingNone,True,False,False,False,normal,1000,0,-1,LSI Logic SAS,Hard disk 1,0:0,0,noSharing,[prod-vmfs-02] PRD-APP-160/PRD-APP-160.vmdk,,,0,,,,,DC-East,Prod-Cluster,esx-prod05.corp.example,Prod,Microsoft Windows Server 2016 (64-bit),Microsoft Windows Server 2016 Standard,vm-1159,422c913aa3404f08b34191b8ed6522b4,vcsa01.corp.example,5f3c9a8e-1b2d-4c7e-9a10-2f6b8d4e7c31
PRD-APP-160,poweredOn,False,False,Hard disk 2,2001,6000C2975bbdcdb6f117bec0e1ea1d2e,[prod-vmfs-05] PRD-APP-160/PRD-APP-160_1.vmdk,256000,False,persistent,sharingNone,True,False,False,False,normal,1000,0,-1,LSI Logic SAS,Hard disk 2,0:1,1,noSharing,[prod-vmfs-05] PRD-APP-160/PRD-APP-160_1.vmdk,,,1,,,,,DC-East,Prod-Cluster,esx-prod05.corp.example,Prod,Microsoft Windows Server 2016 (64-bit),Microsoft Windows Server 2016 Standard,vm-1159,422c913aa3404f08b34191b8ed6522b4,vcsa01.corp.example,5f3c9a8e-1b2d-4c7e-9a10-2f6b8d4e7c31
PRD-APP-160,poweredOn,False,False,Hard disk 3,2002,6000C29cee550e96037c9932e5b32f0b,[prod-vmfs-03] PRD-APP-160/PRD-APP-160_2.vmdk,512000,False,persistent,sharingNone,True,False,False,False,normal,1000,0,-1,LSI Logic SAS,Hard disk 3,0:2,2,noSharing,[prod-vmfs-03] PRD-APP-160/PRD-APP-160_2.vmdk,,,2,Owner: app-team,,,,DC-East,Prod-Cluster,esx-prod05.corp.example,Prod,Microsoft Windows Server 2016 (64-bit),Microsoft Windows Server 2016 Standard,vm-1159,422c913aa3404f08b34191b8ed6522b4,vcsa01.corp.example,5f3c9a8e-1b2d-4c7e-9a10-2f6b8d4e7c31
PRD-WEB-161,poweredOn,False,False,Hard disk 1,2000,6000C29b96b7cf15b249848c58810e2d,[prod-vmfs-04] PRD-WEB-161/PRD-WEB-161.vmdk,40960,False,persistent,sharingNone,True,False,False,False,normal,1000,0,-1,LSI Logic SAS,Hard disk 1,0:0,0,noSharing,[prod-vmfs-04] PRD-WEB-161/PRD-WEB-161.vmdk,,,0,,,,,DC-East,Prod-Cluster,esx-prod02.corp.example,Prod,Microsoft Windows Server 2019 (64-bit),Microsoft Windows Server 2019 Standard,vm-1160,42cdbcc677a7e8b75e70f65f9280c5aa,vcsa01.corp.example,5f3c9a8e-1b2d-4c7e-9a10-2f6b8d4e7c31
PRD-APP-162,poweredOn,False,False,Hard disk 1,2000,6000C29044b2e5aaf334bf9bfadde398,[prod-vmfs-02] PRD-APP-162/PRD-APP-162.vmdk,81920,False,persistent,sharingNone,True,False,False,False,normal,1000,0,-1,LSI Logic SAS,Hard disk 1,0:0,0,noSharing,[prod-vmfs-02] PRD-APP-162/PRD-APP-162.vmdk,,,0,Owner: app-team,,,,DC-East,Prod-Cluster,esx-prod01.corp.example,Prod,Microsoft Windows Server 2016 or later (64-bit),Microsoft Windows Server 2022 Datacenter,vm-1161,42932caed2c65ee468d0a2a8c4e7f7dd,vcsa01.corp.example,5f3c9a8e-1b2d-4c7e-9a10-2f6b8d4e7c31
PRD-APP-162,poweredOn,False,False,Hard disk 2,2001,6000C294412498f96de27e22f1cf851b,[prod-vmfs-02] PRD-APP-162/PRD-APP-162_1.vmdk,1024000,False,persistent,sharingNone,True,False,False,False,normal,1000,0,-1,LSI Logic SAS,Hard disk 2,0:1,1,noSharing,[prod-vmfs-02] PRD-APP-162/PRD-APP-162_1.vmdk,,,1,,,,,DC-East,Prod-Cluster,esx-prod01.corp.example,Prod,Microsoft Windows Server 2016 or later (64-bit),Microsoft Windows Server 2022 Datacenter,vm-1161,42932caed2c65ee468d0a2a8c4e7f7dd,vcsa01.corp.example,5f3c9a8e-1b2d-4c7e-9a10-2f6b8d4e7c31
PRD-RDS-163,poweredOn,False,False,Hard disk 1,2000,6000C291fbb8d9fed0cb16e9bbc2b67c,[prod-vmfs-03] PRD-RDS-163/PRD-RDS-163.vmdk,81920,False,persistent,sharingNone,True,False,False,False,normal,1000,0,-1,LSI Logic SAS,Hard disk 1,0:0,0,noSharing,[prod-vmfs-03] PRD-RDS-163/PRD-RDS-163.vmdk,,,0,,,,,DC-East,Prod-Cluster,esx-prod04.corp.example,Prod,Microsoft Windows Server 2012 (64-bit),Microsoft Windows Server 2012 R2 Standard,vm-1162,42967924a3c988e48d2238e6c7bf4fbc,vcsa01.corp.example,5f3c9a8e-1b2d-4c7e-9a10-2f6b8d4e7c31
PRD-APP-164,poweredOn,False,False,Hard disk 1,2000,6000C297e5d23d4112a1720bd1d46f58,[prod-vmfs-01] PRD-APP-164/PRD-APP-164.vmdk,61440,False,persistent,sharingNone,False,False,False,False,normal,1000,0,-1,LSI Logic SAS,Hard disk 1,0:0,0,noSharing,[prod-vmfs-01] PRD-APP-164/PRD-APP-164.vmdk,,,0,,,,,DC-East,Prod-Cluster,esx-prod01.corp.example,Prod,Microsoft Windows Server 2016 (64-bit),Microsoft Windows Server 2016 Standard,vm-1163,425894f739b86bb2b596ca7cef4afa88,vcsa01.corp.example,5f3c9a8e-1b2d-4c7e-9a10-2f6b8d4e7c31
PRD-APP-164,poweredOn,False,False,Hard disk 2,2001,6000C2908afb9ff3a7b1abcd033ac676,[prod-vmfs-01] PRD-APP-164/PRD-APP-164_1.vmdk,256000,False,persistent,sharingNone,True,False,False,False,normal,1000,0,-1,LSI Logic SAS,Hard disk 2,0:1,1,noSharing,[prod-vmfs-01] PRD-APP-164/PRD-APP-164_1.vmdk,,,1,,,,,DC-East,Prod-Cluster,esx-prod01.corp.example,Prod,Microsoft Windows Server 2016 (64-bit),Microsoft Windows Server 2016 Standard,vm-1163,425894f739b86bb2b596ca7cef4afa88,vcsa01.corp.example,5f3c9a8e-1b2d-4c7e-9a10-2f6b8d4e7c31
PRD-APP-165,poweredOn,False,False,Hard disk 1,2000,6000C29d54bdfe613abc666ce4cfb2f3,[prod-vmfs-03] PRD-APP-165/PRD-APP-165.vmdk,102400,False,persistent,sharingNone,False,True,False,False,normal,1000,0,-1,VMware paravirtual SCSI,Hard disk 1,0:0,0,noSharing,[prod-vmfs-03] PRD-APP-165/PRD-APP-165.vmdk,,,0,Owner: app-team,,,,DC-East,Prod-Cluster,esx-prod03.corp.example,Prod,Microsoft Windows Server 2019 (64-bit),Microsoft Windows Server 2019 Standard,vm-1164,4217eaec8892042f9d4b2bf94d85e9c7,vcsa01.corp.example,5f3c9a8e-1b2d-4c7e-9a10-2f6b8d4e7c31
PRD-APP-165,poweredOn,False,False,Hard disk 2,2001,6000C29d0927d2fc030653e04e3abb8a,[prod-vmfs-03] PRD-APP-165/PRD-APP-165_1.vmdk,51200,False,persistent,sharingNone,True,False,False,False,normal,1000,0,-1,VMware paravirtual SCSI,Hard disk 2,0:1,1,noSharing,[prod-vmfs-03] PRD-APP-165/PRD-APP-165_1.vmdk,,,1,,,,,DC-East,Prod-Cluster,esx-prod03.corp.example,Prod,Microsoft Windows Server 2019 (64-bit),Microsoft Windows Server 2019 Standard,vm-1164,4217eaec8892042f9d4b2bf94d85e9c7,vcsa01.corp.example,5f3c9a8e-1b2d-4c7e-9a10-2f6b8d4e7c31
PRD-APP-166,poweredOn,False,False,Hard disk 1,2000,6000C29442fbacf15c05dceef49c66f4,[prod-vmfs-01] PRD-APP-166/PRD-APP-166.vmdk,102400,False,persistent,sharingNone,True,False,False,False,normal,1000,0,-1,VMware paravirtual SCSI,Hard disk 1,0:0,0,noSharing,[prod-vmfs-01] PRD-APP-166/PRD-APP-166.vmdk,,,0,,,,,DC-East,Prod-Cluster,esx-prod02.corp.example,Prod,Microsoft Windows Server 2012 (64-bit),Microsoft Windows Server 2012 R2 Standard,vm-1165,42d342af0a8bb5b490494583ec86a890,vcsa01.corp.example,5f3c9a8e-1b2d-4c7e-9a10-2f6b8d4e7c31
PRD-CTX-167,poweredOn,False,False,Hard disk 1,2000,6000C2921f92bdc998837e3ea4c634ce,[prod-vmfs-01] PRD-CTX-167/PRD-CTX-167.vmdk,40960,False,persistent,sharingNone,True,False,False,False,normal,1000,0,-1,VMware paravirtual SCSI,Hard disk 1,0:0,0,noSharing,[prod-vmfs-01] PRD-CTX-167/PRD-CTX-167.vmdk,,,0,,,,,DC-East,Prod-Cluster,esx-prod03.corp.example,Prod,Microsoft Windows Server 2012 (64-bit),Microsoft Windows Server 2012 R2 Standard,vm-1166,42a08dd2e3954cb17f7f6c0a07c0d116,vcsa01.corp.example,5f3c9a8e-1b2d-4c7e-9a10-2f6b8d4e7c31
PRD-WEB-168,poweredOn,False,False,Hard disk 1,2000,6000C2997b3299df50833557fc3b8f4d,[prod-vmfs-01] PRD-WEB-168/PRD-WEB-168.vmdk,102400,False,persistent,sharingNone,True,False,False,False,normal,1000,0,-1,LSI Logic SAS,Hard disk 1,0:0,0,noSharing,[prod-vmfs-01] PRD-WEB-168/PRD-WEB-168.vmdk,,,0,,,,,DC-East,Prod-Cluster,esx-prod06.corp.example,Prod,Microsoft Windows Server 2016 or later (64-bit),Microsoft Windows Server 2022 Datacenter,vm-1167,427bf7e16a662fce7089fc6d2877f5d9,vcsa01.corp.example,5f3c9a8e-1b2d-4c7e-9a10-2f6b8d4e7c31
PRD-SQL-169,poweredOn,False,False,Hard disk 1,2000,6000C29d3427fb9ee791267321d7ef88,[prod-vmfs-05] PRD-SQL-169/PRD-SQL-169.vmdk,102400,False,persistent,sharingNone,True,False,False,False,normal,1000,0,-1,LSI Logic SAS,Hard disk 1,0:0,0,noSharing,[prod-vmfs-05] PRD-SQL-169/PRD-SQL-169.vmdk,,,0,,,,,DC-East,Prod-Cluster,esx-prod06.corp.example,Prod,Microsoft Windows Server 2016 or later (64-bit),Microsoft Windows Server 2022 Datacenter,vm-1168,421b2ede8fc85fc083d5bceb5edbb8ee,vcsa01.corp.example,5f3c9a8e-1b2d-4c7e-9a10-2f6b8d4e7c31
PRD-RDS-170,poweredOff,False,False,Hard disk 1,2000,6000C29deb81e22464535f7207b38e70,[prod-vmfs-01] PRD-RDS-170/PRD-RDS-170.vmdk,61440,False,persistent,sharingNone,False,False,False,False,normal,1000,0,-1,LSI Logic SAS,Hard disk 1,0:0,0,noSharing,[prod-vmfs-01] PRD-RDS-170/PRD-RDS-170.vmdk,,,0,Owner: app-team,,,,DC-East,Prod-Cluster,esx-prod02.corp.example,Prod,Microsoft Windows Server 2019 (64-bit),,vm-1169,423f8ea46b0ae0e39d896047dd39d793,vcsa01.corp.example,5f3c9a8e-1b2d-4c7e-9a10-2f6b8d4e7c31
PRD-CTX-171,suspended,False,False,Hard disk 1,2000,6000C29e2cfc95d73ae28de82f63a62d,[prod-vmfs-04] PRD-CTX-171/PRD-CTX-171.vmdk,40960,False,persistent,sharingNone,True,False,False,False,normal,1000,0,-1,VMware paravirtual SCSI,Hard disk 1,0:0,0,noSharing,[prod-vmfs-04] PRD-CTX-171/PRD-CTX-171.vmdk,,,0,Owner: app-team,,,,DC-East,Prod-Cluster,esx-prod06.corp.example,Prod,Microsoft Windows Server 2016 or later (64-bit),,vm-1170,424efc82e10b1a477faeb7487781321e,vcsa01.corp.example,5f3c9a8e-1b2d-4c7e-9a10-2f6b8d4e7c31
PRD-RDS-172,poweredOn,False,False,Hard disk 1,2000,6000C294d15d4c4315678e9b8c38c18b,[esx-prod02-local] PRD-RDS-172/PRD-RDS-172.vmdk,61440,False,persistent,sharingNone,True,False,False,False,normal,1000,0,-1,VMware paravirtual SCSI,Hard disk 1,0:0,0,noSharing,[esx-prod02-local] PRD-RDS-172/PRD-RDS-172.vmdk,,,0,Owner: app-team,,,,DC-East,Prod-Cluster,esx-prod02.corp.example,Prod,Microsoft Windows Server 2019 (64-bit),Microsoft Windows Server 2019 Standard,vm-1171,42d7c4fee1e0fffc98f6fd7f7eb162f1,vcsa01.corp.example,5f3c9a8e-1b2d-4c7e-9a10-2f6b8d4e7c31
PRD-APP-173,poweredOn,False,False,Hard disk 1,2000,6000C292a43a4bdd8ce285dbdb30e078,[prod-vmfs-05] PRD-APP-173/PRD-APP-173.vmdk,40960,False,persistent,sharingNone,True,False,False,False,normal,1000,0,-1,VMware paravirtual SCSI,Hard disk 1,0:0,0,noSharing,[prod-vmfs-05] PRD-APP-173/PRD-APP-173.vmdk,,,0,Owner: app-team,,,,DC-East,Prod-Cluster,esx-prod01.corp.example,Prod,Microsoft Windows Server 2016 or later (64-bit),Microsoft Windows Server 2022 Datacenter,vm-1172,420d18ab668c84770b95017c5dae1201,vcsa01.corp.example,5f3c9a8e-1b2d-4c7e-9a10-2f6b8d4e7c31
PRD-WEB-174,poweredOn,False,False,Hard disk 1,2000,6000C299be007552f3d6d5c75455213b,[prod-vmfs-03] PRD-WEB-174/PRD-WEB-174.vmdk,40960,False,persistent,sharingNone,False,False,False,False,normal,1000,0,-1,LSI Logic SAS,Hard disk 1,0:0,0,noSharing,[prod-vmfs-03] PRD-WEB-174/PRD-WEB-174.vmdk,,,0,,,,,DC-East,Prod-Cluster,esx-prod01.corp.example,Prod,Microsoft Windows Server 2016 or later (64-bit),Microsoft Windows Server 2022 Datacenter,vm-1173,429c6d52ae2e9af99f8cc29ffd350c5f,vcsa01.corp.example,5f3c9a8e-1b2d-4c7e-9a10-2f6b8d4e7c31
PRD-WEB-174,poweredOn,False,False,Hard disk 2,2001,6000C29054d71e4a13149627d586ff50,[prod-vmfs-02] PRD-WEB-174/PRD-WEB-174_1.vmdk,768000,False,persistent,sharingNone,True,False,False,False,normal,1000,0,-1,LSI Logic SAS,Hard disk 2,0:1,1,noSharing,[prod-vmfs-02] PRD-WEB-174/PRD-WEB-174_1.vmdk,,,1,,,,,DC-East,Prod-Cluster,esx-prod01.corp.example,Prod,Microsoft Windows Server 2016 or later (64-bit),Microsoft Windows Server 2022 Datacenter,vm-1173,429c6d52ae2e9af99f8cc29ffd350c5f,vcsa01.corp.example,5f3c9a8e-1b2d-4c7e-9a10-2f6b8d4e7c31
PRD-SQL-175,poweredOn,False,False,Hard disk 1,2000,6000C2958aa9d39a726ff6fdcec98bf1,[prod-vmfs-04] PRD-SQL-175/PRD-SQL-175.vmdk,61440,False,persistent,sharingNone,True,False,False,False,normal,1000,0,-1,VMware paravirtual SCSI,Hard disk 1,0:0,0,noSharing,[prod-vmfs-04] PRD-SQL-175/PRD-SQL-175.vmdk,,,0,Owner: app-team,,,,DC-East,Prod-Cluster,esx-prod05.corp.example,Prod,Ubuntu Linux (64-bit),Ubuntu 18.04.6 LTS,vm-1174,420b99000a4e255280051b1066c14dca,vcsa01.corp.example,5f3c9a8e-1b2d-4c7e-9a10-2f6b8d4e7c31
PRD-SQL-175,poweredOn,False,False,Hard disk 2,2001,6000C29eec221123d164d6519d36dea0,[prod-vmfs-04] PRD-SQL-175/PRD-SQL-175_1.vmdk,51200,False,persistent,sharingNone,True,False,False,False,normal,1000,0,-1,VMware paravirtual SCSI,Hard disk 2,0:1,1,noSharing,[prod-vmfs-04] PRD-SQL-175/PRD-SQL-175_1.vmdk,,,1,,,,,DC-East,Prod-Cluster,esx-prod05.corp.example,Prod,Ubuntu Linux (64-bit),Ubuntu 18.04.6 LTS,vm-1174,420b99000a4e255280051b1066c14dca,vcsa01.corp.example,5f3c9a8e-1b2d-4c7e-9a10-2f6b8d4e7c31
PRD-SQL-175,poweredOn,False,False,Hard disk 3,2002,6000C290782ccfec9e5d78a1c5bdb495,[prod-vmfs-04] PRD-SQL-175/PRD-SQL-175_2.vmdk,2048000,False,persistent,sharingNone,True,False,False,False,normal,1000,0,-1,VMware paravirtual SCSI,Hard disk 3,0:2,2,noSharing,[prod-vmfs-04] PRD-SQL-175/PRD-SQL-175_2.vmdk,,,2,,,,,DC-East,Prod-Cluster,esx-prod05.corp.example,Prod,Ubuntu Linux (64-bit),Ubuntu 18.04.6 LTS,vm-1174,420b99000a4e255280051b1066c14dca,vcsa01.corp.example,5f3c9a8e-1b2d-4c7e-9a10-2f6b8d4e7c31
PRD-SQL-175,poweredOn,False,False,Hard disk 4,2003,6000C298c5e3b1865e06573203d9f317,[prod-vmfs-04] PRD-SQL-175/PRD-SQL-175_3.vmdk,768000,False,persistent,sharingNone,False,False,False,False,normal,1000,0,-1,VMware paravirtual SCSI,Hard disk 4,0:3,3,noSharing,[prod-vmfs-04] PRD-SQL-175/PRD-SQL-175_3.vmdk,,,3,,,,,DC-East,Prod-Cluster,esx-prod05.corp.example,Prod,Ubuntu Linux (64-bit),Ubuntu 18.04.6 LTS,vm-1174,420b99000a4e255280051b1066c14dca,vcsa01.corp.example,5f3c9a8e-1b2d-4c7e-9a10-2f6b8d4e7c31
PRD-RDS-176,poweredOn,False,False,Hard disk 1,2000,6000C29512990cb39d470a35c8163c27,[prod-vmfs-01] PRD-RDS-176/PRD-RDS-176.vmdk,61440,False,persistent,sharingNone,True,False,False,False,normal,1000,0,-1,LSI Logic SAS,Hard disk 1,0:0,0,noSharing,[prod-vmfs-01] PRD-RDS-176/PRD-RDS-176.vmdk,,,0,Owner: app-team,,,,DC-East,Prod-Cluster,esx-prod05.corp.example,Prod,Microsoft Windows Server 2016 or later (64-bit),Microsoft Windows Server 2022 Datacenter,vm-1175,422999bb518b2f219cf20859ee6e2e72,vcsa01.corp.example,5f3c9a8e-1b2d-4c7e-9a10-2f6b8d4e7c31
PRD-RDS-176,poweredOn,False,False,Hard disk 2,2001,6000C2926dc2d7db97637e6ccd87a06a,[prod-vmfs-01] PRD-RDS-176/PRD-RDS-176_1.vmdk,768000,False,persistent,sharingNone,True,False,False,False,normal,1000,0,-1,LSI Logic SAS,Hard disk 2,0:1,1,noSharing,[prod-vmfs-01] PRD-RDS-176/PRD-RDS-176_1.vmdk,,,1,,,,,DC-East,Prod-Cluster,esx-prod05.corp.example,Prod,Microsoft Windows Server 2016 or later (64-bit),Microsoft Windows Server 2022 Datacenter,vm-1175,422999bb518b2f219cf20859ee6e2e72,vcsa01.corp.example,5f3c9a8e-1b2d-4c7e-9a10-2f6b8d4e7c31
PRD-RDS-176,poweredOn,False,False,Hard disk 3,2002,6000C29791c0e6c013d94ad0d8095e6d,[prod-vmfs-01] PRD-RDS-176/PRD-RDS-176_2.vmdk,51200,False,persistent,sharingNone,False,False,False,False,normal,1000,0,-1,LSI Logic SAS,Hard disk 3,0:2,2,noSharing,[prod-vmfs-01] PRD-RDS-176/PRD-RDS-176_2.vmdk,,,2,,,,,DC-East,Prod-Cluster,esx-prod05.corp.example,Prod,Microsoft Windows Server 2016 or later (64-bit),Microsoft Windows Server 2022 Datacenter,vm-1175,422999bb518b2f219cf20859ee6e2e72,vcsa01.corp.example,5f3c9a8e-1b2d-4c7e-9a10-2f6b8d4e7c31
PRD-WEB-177,poweredOn,False,False,Hard disk 1,2000,6000C29e5e58e27a9256fa39e5b6ead0,[prod-vmfs-01] PRD-WEB-177/PRD-WEB-177.vmdk,61440,False,persistent,sharingNone,False,True,False,False,normal,1000,0,-1,VMware paravirtual SCSI,Hard disk 1,0:0,0,noSharing,[prod-vmfs-01] PRD-WEB-177/PRD-WEB-177.vmdk,,,0,Owner: app-team,,,,DC-East,Prod-Cluster,esx-prod05.corp.example,Prod,Microsoft Windows Server 2016 or later (64-bit),Microsoft Windows Server 2022 Datacenter,vm-1176,42d0d4ea79928faa4cbf131d901bcdef,vcsa01.corp.example,5f3c9a8e-1b2d-4c7e-9a10-2f6b8d4e7c31
PRD-WEB-177,poweredOn,False,False,Hard disk 2,2001,6000C29576032584c8b1ef8c12a59eaf,[prod-vmfs-01] PRD-WEB-177/PRD-WEB-177_1.vmdk,256000,False,persistent,sharingNone,True,False,False,False,normal,1000,0,-1,VMware paravirtual SCSI,Hard disk 2,0:1,1,noSharing,[prod-vmfs-01] PRD-WEB-177/PRD-WEB-177_1.vmdk,,,1,,,,,DC-East,Prod-Cluster,esx-prod05.corp.example,Prod,Microsoft Windows Server 2016 or later (64-bit),Microsoft Windows Server 2022 Datacenter,vm-1176,42d0d4ea79928faa4cbf131d901bcdef,vcsa01.corp.example,5f3c9a8e-1b2d-4c7e-9a10-2f6b8d4e7c31
PRD-WEB-177,poweredOn,False,False,Hard disk 3,2002,6000C291f514083ef8b53c1650798aac,[prod-vmfs-01] PRD-WEB-177/PRD-WEB-177_2.vmdk,512000,False,persistent,sharingNone,True,False,False,False,normal,1000,0,-1,VMware paravirtual SCSI,Hard disk 3,0:2,2,noSharing,[prod-vmfs-01] PRD-WEB-177/PRD-WEB-177_2.vmdk,,,2,,,,,DC-East,Prod-Cluster,esx-prod05.corp.example,Prod,Microsoft Windows Server 2016 or later (64-bit),Microsoft Windows Server 2022 Datacenter,vm-1176,42d0d4ea79928faa4cbf131d901bcdef,vcsa01.corp.example,5f3c9a8e-1b2d-4c7e-9a10-2f6b8d4e7c31
PRD-FS-178,poweredOn,False,False,Hard disk 1,2000,6000C29bcfa85cc80dab44287303f483,[prod-vmfs-02] PRD-FS-178/PRD-FS-178.vmdk,102400,False,persistent,sharingNone,True,False,False,False,normal,1000,0,-1,LSI Logic SAS,Hard disk 1,0:0,0,noSharing,[prod-vmfs-02] PRD-FS-178/PRD-FS-178.vmdk,,,0,,,,,DC-East,Prod-Cluster,esx-prod05.corp.example,Prod,Microsoft Windows Server 2016 or later (64-bit),Microsoft Windows Server 2022 Datacenter,vm-1177,42a7d4cff791f1e543f9cd6b797ebe87,vcsa01.corp.example,5f3c9a8e-1b2d-4c7e-9a10-2f6b8d4e7c31
PRD-FS-178,poweredOn,False,False,Hard disk 2,2001,6000C29b43ab6168e245ed74e9d56e55,[prod-vmfs-02] PRD-FS-178/PRD-FS-178_1.vmdk,2048000,False,persistent,sharingNone,True,False,False,False,normal,1000,0,-1,LSI Logic SAS,Hard disk 2,0:1,1,noSharing,[prod-vmfs-02] PRD-FS-178/PRD-FS-178_1.vmdk,,,1,,,,,DC-East,Prod-Cluster,esx-prod05.corp.example,Prod,Microsoft Windows Server 2016 or later (64-bit),Microsoft Windows Server 2022 Datacenter,vm-1177,42a7d4cff791f1e543f9cd6b797ebe87,vcsa01.corp.example,5f3c9a8e-1b2d-4c7e-9a10-2f6b8d4e7c31
PRD-WEB-179,poweredOn,False,False,Hard disk 1,2000,6000C29f049fb2fd9313ea0fb5d6a793,[prod-vmfs-05] PRD-WEB-179/PRD-WEB-179.vmdk,81920,False,persistent,sharingNone,False,False,False,False,normal,1000,0,-1,LSI Logic SAS,Hard disk 1,0:0,0,noSharing,[prod-vmfs-05] PRD-WEB-179/PRD-WEB-179.vmdk,,,0,,,,,DC-East,Prod-Cluster,esx-prod06.corp.example,Prod,Microsoft Windows Server 2019 (64-bit),Microsoft Windows Server 2019 Standard,vm-1178,42d756bac64c96479ea7017cb89f7039,vcsa01.corp.example,5f3c9a8e-1b2d-4c7e-9a10-2f6b8d4e7c31
PRD-APP-180,poweredOn,False,False,Hard disk 1,2000,6000C29ce2aebd53b89b4995e32e3ac4,[prod-vmfs-02] PRD-APP-180/PRD-APP-180.vmdk,61440,False,persistent,sharingNone,True,False,False,False,normal,1000,0,-1,LSI Logic SAS,Hard disk 1,0:0,0,noSharing,[prod-vmfs-02] PRD-APP-180/PRD-APP-180.vmdk,,,0,Owner: app-team,,,,DC-East,Prod-Cluster,esx-prod05.corp.example,Prod,Ubuntu Linux (64-bit),Ubuntu 18.04.6 LTS,vm-1179,4269b7c026c432f66b352f85504e2687,vcsa01.corp.example,5f3c9a8e-1b2d-4c7e-9a10-2f6b8d4e7c31
PRD-APP-180,poweredOn,False,False,Hard disk 2,2001,6000C2987c4813d916c60b3d0ef40214,[prod-vmfs-02] PRD-APP-180/PRD-APP-180_1.vmdk,204800,False,persistent,sharingNone,False,False,False,False,normal,1000,0,-1,LSI Logic SAS,Hard disk 2,0:1,1,noSharing,[prod-vmfs-02] PRD-APP-180/PRD-APP-180_1.vmdk,,,1,,,,,DC-East,Prod-Cluster,esx-prod05.corp.example,Prod,Ubuntu Linux (64-bit),Ubuntu 18.04.6 LTS,vm-1179,4269b7c026c432f66b352f85504e2687,vcsa01.corp.example,5f3c9a8e-1b2d-4c7e-9a10-2f6b8d4e7c31
PRD-CTX-181,poweredOn,False,False,Hard disk 1,2000,6000C29a8ffd43cff1668e8959f7771a,[prod-vmfs-05] PRD-CTX-181/PRD-CTX-181.vmdk,61440,False,persistent,sharingNone,True,False,False,False,normal,1000,0,-1,VMware paravirtual SCSI,Hard disk 1,0:0,0,noSharing,[prod-vmfs-05] PRD-CTX-181/PRD-CTX-181.vmdk,,,0,,,,,DC-East,Prod-Cluster,esx-prod04.corp.example,Prod,CentOS 7 (64-bit),CentOS Linux 7 (Core),vm-1180,425336728f9646853514589084c86c46,vcsa01.corp.example,5f3c9a8e-1b2d-4c7e-9a10-2f6b8d4e7c31
PRD-SQL-182,poweredOn,False,False,Hard disk 1,2000,6000C29291cb87c7d220f7040da124c5,[prod-vmfs-02] PRD-SQL-182/PRD-SQL-182.vmdk,40960,False,persistent,sharingNone,True,False,False,False,normal,1000,0,-1,VMware paravirtual SCSI,Hard disk 1,0:0,0,noSharing,[prod-vmfs-02] PRD-SQL-182/PRD-SQL-182.vmdk,,,0,Owner: app-team,,,,DC-East,Prod-Cluster,esx-prod02.corp.example,Prod,Microsoft Windows Server 2016 or later (64-bit),Microsoft Windows Server 2022 Datacenter,vm-1181,42b88e83de1e994ac5a11f5cad05b912,vcsa01.corp.example,5f3c9a8e-1b2d-4c7e-9a10-2f6b8d4e7c31
PRD-SQL-182,poweredOn,False,False,Hard disk 2,2001,6000C29c122533fd765e3ce808676b2a,[prod-vmfs-02] PRD-SQL-182/PRD-SQL-182_1.vmdk,204800,False,persistent,sharingNone,False,True,False,False,normal,1000,0,-1,VMware paravirtual SCSI,Hard disk 2,0:1,1,noSharing,[prod-vmfs-02] PRD-SQL-182/PRD-SQL-182_1.vmdk,,,1,,,,,DC-East,Prod-Cluster,esx-prod02.corp.example,Prod,Microsoft Windows Server 2016 or later (64-bit),Microsoft Windows Server 2022 Datacenter,vm-1181,42b88e83de1e994ac5a11f5cad05b912,vcsa01.corp.example,5f3c9a8e-1b2d-4c7e-9a10-2f6b8d4e7c31
PRD-CTX-183,poweredOn,False,False,Hard disk 1,2000,6000C29ddd7e0ae6369d5ad492b5a7e3,[prod-vmfs-01] PRD-CTX-183/PRD-CTX-183.vmdk,40960,False,persistent,sharingNone,True,False,False,False,normal,1000,0,-1,LSI Logic SAS,Hard disk 1,0:0,0,noSharing,[prod-vmfs-01] PRD-CTX-183/PRD-CTX-183.vmdk,,,0,,,,,DC-East,Prod-Cluster,esx-prod04.corp.example,Prod,Microsoft Windows Server 2019 (64-bit),Microsoft Windows Server 2019 Standard,vm-1182,42fb7569f910abb3f10532523990e2c9,vcsa01.corp.example,5f3c9a8e-1b2d-4c7e-9a10-2f6b8d4e7c31
PRD-CTX-183,poweredOn,False,False,Hard disk 2,2001,6000C29441d0b488985d94c021aa50dd,[prod-vmfs-01] PRD-CTX-183/PRD-CTX-183_1.vmdk,51200,False,persistent,sharingNone,True,False,False,False,normal,1000,0,-1,LSI Logic SAS,Hard disk 2,0:1,1,noSharing,[prod-vmfs-01] PRD-CTX-183/PRD-CTX-183_1.vmdk,,,1,,,,,DC-East,Prod-Cluster,esx-prod04.corp.example,Prod,Microsoft Windows Server 2019 (64-bit),Microsoft Windows Server 2019 Standard,vm-1182,42fb7569f910abb3f10532523990e2c9,vcsa01.corp.example,5f3c9a8e-1b2d-4c7e-9a10-2f6b8d4e7c31
PRD-CTX-183,poweredOn,False,False,Hard disk 3,2002,6000C29d69d5ddf51d95cdeac417fe56,[prod-vmfs-04] PRD-CTX-183/PRD-CTX-183_2.vmdk,512000,False,persistent,sharingNone,False,False,False,False,normal,1000,0,-1,LSI Logic SAS,Hard disk 3,0:2,2,noSharing,[prod-vmfs-04] PRD-CTX-183/PRD-CTX-183_2.vmdk,,,2,,,,,DC-East,Prod-Cluster,esx-prod04.corp.example,Prod,Microsoft Windows Server 2019 (64-bit),Microsoft Windows Server 2019 Standard,vm-1182,42fb7569f910abb3f10532523990e2c9,vcsa01.corp.example,5f3c9a8e-1b2d-4c7e-9a10-2f6b8d4e7c31
PRD-RDS-184,poweredOn,False,False,Hard disk 1,2000,6000C29e77e0ad891197aeb02ee49d62,[prod-vmfs-05] PRD-RDS-184/PRD-RDS-184.vmdk,102400,False,independent_persistent,sharingNone,True,False,False,False,normal,1000,0,-1,LSI Logic SAS,Hard disk 1,0:0,0,noSharing,[prod-vmfs-05] PRD-RDS-184/PRD-RDS-184.vmdk,,,0,Owner: app-team,,,,DC-East,Prod-Cluster,esx-prod03.corp.example,Prod,Microsoft Windows Server 2016 (64-bit),Microsoft Windows Server 2016 Standard,vm-1183,426133a38b0e8eb1ad371d9e92cf6021,vcsa01.corp.example,5f3c9a8e-1b2d-4c7e-9a10-2f6b8d4e7c31
PRD-RDS-184,poweredOn,False,False,Hard disk 2,2001,6000C29cc89eb2f2e1b3b9d1f887ac21,[prod-vmfs-05] PRD-RDS-184/PRD-RDS-184_1.vmdk,768000,False,persistent,sharingNone,True,False,False,False,normal,1000,0,-1,LSI Logic SAS,Hard disk 2,0:1,1,noSharing,[prod-vmfs-05] PRD-RDS-184/PRD-RDS-184_1.vmdk,,,1,,,,,DC-East,Prod-Cluster,esx-prod03.corp.example,Prod,Microsoft Windows Server 2016 (64-bit),Microsoft Windows Server 2016 Standard,vm-1183,426133a38b0e8eb1ad371d9e92cf6021,vcsa01.corp.example,5f3c9a8e-1b2d-4c7e-9a10-2f6b8d4e7c31
PRD-APP-185,poweredOn,False,False,Hard disk 1,2000,6000C29380dd80058abcb652ee52ab7b,[prod-vmfs-05] PRD-APP-185/PRD-APP-185.vmdk,40960,False,persistent,sharingNone,True,False,False,False,normal,1000,0,-1,LSI Logic SAS,Hard disk 1,0:0,0,noSharing,[prod-vmfs-05] PRD-APP-185/PRD-APP-185.vmdk,,,0,,,,,DC-East,Prod-Cluster,esx-prod03.corp.example,Prod,Microsoft Windows Server 2019 (64-bit),Microsoft Windows Server 2019 Standard,vm-1184,42bf519341a64feda7edc8d8713f8f8c,vcsa01.corp.example,5f3c9a8e-1b2d-4c7e-9a10-2f6b8d4e7c31
PRD-APP-185,poweredOn,False,False,Hard disk 2,2001,6000C29c51632bff2d47cb5af7b96b0d,[prod-vmfs-05] PRD-APP-185/PRD-APP-185_1.vmdk,2048000,False,persistent,sharingNone,True,False,False,False,normal,1000,0,-1,LSI Logic SAS,Hard disk 2,0:1,1,noSharing,[prod-vmfs-05] PRD-APP-185/PRD-APP-185_1.vmdk,,,1,Owner: app-team,,,,DC-East,Prod-Cluster,esx-prod03.corp.example,Prod,Microsoft Windows Server 2019 (64-bit),Microsoft Windows Server 2019 Standard,vm-1184,42bf519341a64feda7edc8d8713f8f8c,vcsa01.corp.example,5f3c9a8e-1b2d-4c7e-9a10-2f6b8d4e7c31
PRD-APP-185,poweredOn,False,False,Hard disk 3,2002,6000C29ecc3c33f5fb3cd9c8ebcfa81a,[prod-vmfs-05] PRD-APP-185/PRD-APP-185_2.vmdk,256000,False,persistent,sharingNone,True,False,False,False,normal,1000,0,-1,LSI Logic SAS,Hard disk 3,0:2,2,noSharing,[prod-vmfs-05] PRD-APP-185/PRD-APP-185_2.vmdk,,,2,,,,,DC-East,Prod-Cluster,esx-prod03.corp.example,Prod,Microsoft Windows Server 2019 (64-bit),Microsoft Windows Server 2019 Standard,vm-1184,42bf519341a64feda7edc8d8713f8f8c,vcsa01.corp.example,5f3c9a8e-1b2d-4c7e-9a10-2f6b8d4e7c31
PRD-SVC-186,poweredOn,False,False,Hard disk 1,2000,6000C290d31c63fbbaabf7ec2eca29b7,[prod-vmfs-03] PRD-SVC-186/PRD-SVC-186.vmdk,102400,False,persistent,sharingNone,True,False,False,False,normal,1000,0,-1,LSI Logic SAS,Hard disk 1,0:0,0,noSharing,[prod-vmfs-03] PRD-SVC-186/PRD-SVC-186.vmdk,,,0,,,,,DC-East,Prod-Cluster,esx-prod06.corp.example,Prod,Microsoft Windows Server 2019 (64-bit),Microsoft Windows Server 2019 Standard,vm-1185,42ab7a3d0cfef6833e11bafe3d4196fe,vcsa01.corp.example,5f3c9a8e-1b2d-4c7e-9a10-2f6b8d4e7c31
PRD-APP-187,poweredOn,False,False,Hard disk 1,2000,6000C2991841d873634d6e09f0ffd6b0,[prod-vmfs-03] PRD-APP-187/PRD-APP-187.vmdk,40960,False,persistent,sharingNone,True,False,False,False,normal,1000,0,-1,LSI Logic SAS,Hard disk 1,0:0,0,noSharing,[prod-vmfs-03] PRD-APP-187/PRD-APP-187.vmdk,,,0,,,,,DC-East,Prod-Cluster,esx-prod01.corp.example,Prod,Microsoft Windows Server 2016 or later (64-bit),Microsoft Windows Server 2022 Datacenter,vm-1186,42f6eab30153922123310a28c550eca8,vcsa01.corp.example,5f3c9a8e-1b2d-4c7e-9a10-2f6b8d4e7c31
PRD-APP-187,poweredOn,False,False,Hard disk 2,2001,6000C29c541acd27246f5c1d04e383eb,[prod-vmfs-04] PRD-APP-187/PRD-APP-187_1.vmdk,256000,False,persistent,sharingNone,True,False,False,False,normal,1000,0,-1,LSI Logic SAS,Hard disk 2,0:1,1,noSharing,[prod-vmfs-04] PRD-APP-187/PRD-APP-187_1.vmdk,,,1,Owner: app-team,,,,DC-East,Prod-Cluster,esx-prod01.corp.example,Prod,Microsoft Windows Server 2016 or later (64-bit),Microsoft Windows Server 2022 Datacenter,vm-1186,42f6eab30153922123310a28c550eca8,vcsa01.corp.example,5f3c9a8e-1b2d-4c7e-9a10-2f6b8d4e7c31
PRD-RDS-188,poweredOn,False,False,Hard disk 1,2000,6000C292aab76dd1152b5e5fe4999ab5,[prod-vmfs-01] PRD-RDS-188/PRD-RDS-188.vmdk,40960,False,persistent,sharingNone,True,False,False,False,normal,1000,0,-1,VMware paravirtual SCSI,Hard disk 1,0:0,0,noSharing,[prod-vmfs-01] PRD-RDS-188/PRD-RDS-188.vmdk,,,0,Owner: app-team,,,,DC-East,Prod-Cluster,esx-prod04.corp.example,Prod,Microsoft Windows Server 2012 (64-bit),Microsoft Windows Server 2012 R2 Standard,vm-1187,4216e6e5c4cb294fe86e8e630f25477d,vcsa01.corp.example,5f3c9a8e-1b2d-4c7e-9a10-2f6b8d4e7c31
PRD-RDS-188,poweredOn,False,False,Hard disk 2,2001,6000C29cc8f168095051b949e6af993c,[prod-vmfs-01] PRD-RDS-188/PRD-RDS-188_1.vmdk,2048000,False,persistent,sharingNone,True,False,False,False,normal,1000,0,-1,VMware paravirtual SCSI,Hard disk 2,0:1,1,noSharing,[prod-vmfs-01] PRD-RDS-188/PRD-RDS-188_1.vmdk,,,1,,,,,DC-East,Prod-Cluster,esx-prod04.corp.example,Prod,Microsoft Windows Server 2012 (64-bit),Microsoft Windows Server 2012 R2 Standard,vm-1187,4216e6e5c4cb294fe86e8e630f25477d,vcsa01.corp.example,5f3c9a8e-1b2d-4c7e-9a10-2f6b8d4e7c31
PRD-RDS-188,poweredOn,False,False,Hard disk 3,2002,6000C290f644404ddf3657645b7aec04,[prod-vmfs-01] PRD-RDS-188/PRD-RDS-188_2.vmdk,1024000,False,persistent,sharingNone,False,False,False,False,normal,1000,0,-1,VMware paravirtual SCSI,Hard disk 3,0:2,2,noSharing,[prod-vmfs-01] PRD-RDS-188/PRD-RDS-188_2.vmdk,,,2,Owner: app-team,,,,DC-East,Prod-Cluster,esx-prod04.corp.example,Prod,Microsoft Windows Server 2012 (64-bit),Microsoft Windows Server 2012 R2 Standard,vm-1187,4216e6e5c4cb294fe86e8e630f25477d,vcsa01.corp.example,5f3c9a8e-1b2d-4c7e-9a10-2f6b8d4e7c31
PRD-APP-189,suspended,False,False,Hard disk 1,2000,6000C29aafb6f3c9a798debacc464bb8,[prod-vmfs-02] PRD-APP-189/PRD-APP-189.vmdk,40960,False,persistent,sharingNone,True,False,False,False,normal,1000,0,-1,LSI Logic SAS,Hard disk 1,0:0,0,noSharing,[prod-vmfs-02] PRD-APP-189/PRD-APP-189.vmdk,,,0,,,,,DC-East,Prod-Cluster,esx-prod02.corp.example,Prod,Microsoft Windows Server 2016 or later (64-bit),,vm-1188,422fb21e7ed17aabc9b7c9bc65a16fa9,vcsa01.corp.example,5f3c9a8e-1b2d-4c7e-9a10-2f6b8d4e7c31
PRD-APP-189,suspended,False,False,Hard disk 2,2001,6000C299e3fe266ba23b3ed770adf7ed,[prod-vmfs-03] PRD-APP-189/PRD-APP-189_1.vmdk,51200,False,persistent,sharingNone,True,False,False,False,normal,1000,0,-1,LSI Logic SAS,Hard disk 2,0:1,1,noSharing,[prod-vmfs-03] PRD-APP-189/PRD-APP-189_1.vmdk,,,1,,,,,DC-East,Prod-Cluster,esx-prod02.corp.example,Prod,Microsoft Windows Server 2016 or later (64-bit),,vm-1188,422fb21e7ed17aabc9b7c9bc65a16fa9,vcsa01.corp.example,5f3c9a8e-1b2d-4c7e-9a10-2f6b8d4e7c31
PRD-WEB-190,poweredOn,False,False,Hard disk 1,2000,6000C29a3b089388e9d834b6072e4e7a,[prod-vmfs-02] PRD-WEB-190/PRD-WEB-190.vmdk,40960,False,persistent,sharingNone,True,False,False,False,normal,1000,0,-1,VMware paravirtual SCSI,Hard disk 1,0:0,0,noSharing,[prod-vmfs-02] PRD-WEB-190/PRD-WEB-190.vmdk,,,0,,,,,DC-East,Prod-Cluster,esx-prod05.corp.example,Prod,Microsoft Windows Server 2016 (64-bit),Microsoft Windows Server 2016 Standard,vm-1189,427e710b8639bd418b15bd94a42d0cd7,vcsa01.corp.example,5f3c9a8e-1b2d-4c7e-9a10-2f6b8d4e7c31
PRD-WEB-190,poweredOn,False,False,Hard disk 2,2001,6000C29f027d30940c5332b310d5d5b8,[prod-vmfs-02] PRD-WEB-190/PRD-WEB-190_1.vmdk,204800,False,persistent,sharingNone,False,True,False,False,normal,1000,0,-1,VMware paravirtual SCSI,Hard disk 2,0:1,1,noSharing,[prod-vmfs-02] PRD-WEB-190/PRD-WEB-190_1.vmdk,,,1,,,,,DC-East,Prod-Cluster,esx-prod05.corp.example,Prod,Microsoft Windows Server 2016 (64-bit),Microsoft Windows Server 2016 Standard,vm-1189,427e710b8639bd418b15bd94a42d0cd7,vcsa01.corp.example,5f3c9a8e-1b2d-4c7e-9a10-2f6b8d4e7c31
PRD-WEB-190,poweredOn,False,False,Hard disk 3,2002,6000C2939f3e0f38ad73286bf517aed0,[prod-vmfs-02] PRD-WEB-190/PRD-WEB-190_2.vmdk,51200,False,persistent,sharingNone,False,True,False,False,normal,1000,0,-1,VMware paravirtual SCSI,Hard disk 3,0:2,2,noSharing,[prod-vmfs-02] PRD-WEB-190/PRD-WEB-190_2.vmdk,,,2,,,,,DC-East,Prod-Cluster,esx-prod05.corp.example,Prod,Microsoft Windows Server 2016 (64-bit),Microsoft Windows Server 2016 Standard,vm-1189,427e710b8639bd418b15bd94a42d0cd7,vcsa01.corp.example,5f3c9a8e-1b2d-4c7e-9a10-2f6b8d4e7c31
PRD-WEB-191,poweredOn,False,False,Hard disk 1,2000,6000C29f38ac7355f495dd711802f730,[prod-vmfs-01] PRD-WEB-191/PRD-WEB-191.vmdk,61440,False,persistent,sharingNone,True,False,False,False,normal,1000,0,-1,VMware paravirtual SCSI,Hard disk 1,0:0,0,noSharing,[prod-vmfs-01] PRD-WEB-191/PRD-WEB-191.vmdk,,,0,,,,,DC-East,Prod-Cluster,esx-prod02.corp.example,Prod,Red Hat Enterprise Linux 9 (64-bit),Red Hat Enterprise Linux 9.2 (Plow),vm-1190,422faabeb7f60cdf41dc1c60a5f60735,vcsa01.corp.example,5f3c9a8e-1b2d-4c7e-9a10-2f6b8d4e7c31
PRD-WEB-191,poweredOn,False,False,Hard disk 2,2001,6000C29e9dd976469d892032e16874df,[prod-vmfs-01] PRD-WEB-191/PRD-WEB-191_1.vmdk,2048000,False,persistent,sharingNone,False,True,False,False,normal,1000,0,-1,VMware paravirtual SCSI,Hard disk 2,0:1,1,noSharing,[prod-vmfs-01] PRD-WEB-191/PRD-WEB-191_1.vmdk,,,1,Owner: app-team,,,,DC-East,Prod-Cluster,esx-prod02.corp.example,Prod,Red Hat Enterprise Linux 9 (64-bit),Red Hat Enterprise Linux 9.2 (Plow),vm-1190,422faabeb7f60cdf41dc1c60a5f60735,vcsa01.corp.example,5f3c9a8e-1b2d-4c7e-9a10-2f6b8d4e7c31
PRD-WEB-192,poweredOn,False,False,Hard disk 1,2000,6000C2908c28d4a4d301e76fe8a94b68,[prod-vmfs-01] PRD-WEB-192/PRD-WEB-192.vmdk,40960,False,persistent,sharingNone,True,False,False,False,normal,1000,0,-1,VMware paravirtual SCSI,Hard disk 1,0:0,0,noSharing,[prod-vmfs-01] PRD-WEB-192/PRD-WEB-192.vmdk,,,0,Owner: app-team,,,,DC-East,Prod-Cluster,esx-prod02.corp.example,Prod,Microsoft Windows Server 2012 (64-bit),Microsoft Windows Server 2012 R2 Standard,vm-1191,42669d011634725b53f3007383e96ef4,vcsa01.corp.example,5f3c9a8e-1b2d-4c7e-9a10-2f6b8d4e7c31
PRD-WEB-192,poweredOn,False,False,Hard disk 2,2001,6000C2977071878cb795c127630915e1,[prod-vmfs-01] PRD-WEB-192/PRD-WEB-192_1.vmdk,204800,False,persistent,sharingNone,True,False,False,False,normal,1000,0,-1,VMware paravirtual SCSI,Hard disk 2,0:1,1,noSharing,[prod-vmfs-01] PRD-WEB-192/PRD-WEB-192_1.vmdk,,,1,Owner: app-team,,,,DC-East,Prod-Cluster,esx-prod02.corp.example,Prod,Microsoft Windows Server 2012 (64-bit),Microsoft Windows Server 2012 R2 Standard,vm-1191,42669d011634725b53f3007383e96ef4,vcsa01.corp.example,5f3c9a8e-1b2d-4c7e-9a10-2f6b8d4e7c31
PRD-SQL-193,poweredOn,False,False,Hard disk 1,2000,6000C29dc23e471a60818fb2755eb364,[prod-vmfs-05] PRD-SQL-193/PRD-SQL-193.vmdk,81920,False,persistent,sharingNone,True,False,False,False,normal,1000,0,-1,LSI Logic SAS,Hard disk 1,0:0,0,noSharing,[prod-vmfs-05] PRD-SQL-193/PRD-SQL-193.vmdk,,,0,,,,,DC-East,Prod-Cluster,esx-prod02.corp.example,Prod,Microsoft Windows Server 2019 (64-bit),Microsoft Windows Server 2019 Standard,vm-1192,424d4c52546252e7f43ba0524459bd6e,vcsa01.corp.example,5f3c9a8e-1b2d-4c7e-9a10-2f6b8d4e7c31
PRD-SQL-193,poweredOn,False,False,Hard disk 2,2001,6000C293020f8fa553fdd1f7558c7208,[prod-vmfs-05] PRD-SQL-193/PRD-SQL-193_1.vmdk,768000,False,persistent,sharingNone,True,False,False,False,normal,1000,0,-1,LSI Logic SAS,Hard disk 2,0:1,1,noSharing,[prod-vmfs-05] PRD-SQL-193/PRD-SQL-193_1.vmdk,,,1,Owner: app-team,,,,DC-East,Prod-Cluster,esx-prod02.corp.example,Prod,Microsoft Windows Server 2019 (64-bit),Microsoft Windows Server 2019 Standard,vm-1192,424d4c52546252e7f43ba0524459bd6e,vcsa01.corp.example,5f3c9a8e-1b2d-4c7e-9a10-2f6b8d4e7c31
PRD-SQL-193,poweredOn,False,False,Hard disk 3,2002,6000C29102d4729dd414cafe5912853e,[prod-vmfs-05] PRD-SQL-193/PRD-SQL-193_2.vmdk,51200,False,persistent,sharingNone,True,False,False,False,normal,1000,0,-1,LSI Logic SAS,Hard disk 3,0:2,2,noSharing,[prod-vmfs-05] PRD-SQL-193/PRD-SQL-193_2.vmdk,,,2,,,,,DC-East,Prod-Cluster,esx-prod02.corp.example,Prod,Microsoft Windows Server 2019 (64-bit),Microsoft Windows Server 2019 Standard,vm-1192,424d4c52546252e7f43ba0524459bd6e,vcsa01.corp.example,5f3c9a8e-1b2d-4c7e-9a10-2f6b8d4e7c31
PRD-SQL-194,poweredOn,False,False,Hard disk 1,2000,6000C29011dabe5e18623b8cdb23915e,[prod-vmfs-03] PRD-SQL-194/PRD-SQL-194.vmdk,61440,False,persistent,sharingNone,True,False,False,False,normal,1000,0,-1,LSI Logic SAS,Hard disk 1,0:0,0,noSharing,[prod-vmfs-03] PRD-SQL-194/PRD-SQL-194.vmdk,,,0,,,,,DC-East,Prod-Cluster,esx-prod06.corp.example,Prod,Microsoft Windows Server 2019 (64-bit),Microsoft Windows Server 2019 Standard,vm-1193,4280a52eafa2855967c9620428e333b6,vcsa01.corp.example,5f3c9a8e-1b2d-4c7e-9a10-2f6b8d4e7c31
PRD-SQL-194,poweredOn,False,False,Hard disk 2,2001,6000C29a0a328c889241e029082dc372,[prod-vmfs-03] PRD-SQL-194/PRD-SQL-194_1.vmdk,1024000,False,persistent,sharingNone,False,True,False,False,normal,1000,0,-1,LSI Logic SAS,Hard disk 2,0:1,1,noSharing,[prod-vmfs-03] PRD-SQL-194/PRD-SQL-194_1.vmdk,,,1,,,,,DC-East,Prod-Cluster,esx-prod06.corp.example,Prod,Microsoft Windows Server 2019 (64-bit),Microsoft Windows Server 2019 Standard,vm-1193,4280a52eafa2855967c9620428e333b6,vcsa01.corp.example,5f3c9a8e-1b2d-4c7e-9a10-2f6b8d4e7c31
PRD-APP-195,poweredOn,False,False,Hard disk 1,2000,6000C29eec6c6fccf9abb350f52b0682,[prod-vmfs-03] PRD-APP-195/PRD-APP-195.vmdk,40960,False,persistent,sharingNone,True,False,False,False,normal,1000,0,-1,LSI Logic SAS,Hard disk 1,0:0,0,noSharing,[prod-vmfs-03] PRD-APP-195/PRD-APP-195.vmdk,,,0,,,,,DC-East,Prod-Cluster,esx-prod06.corp.example,Prod,Ubuntu Linux (64-bit),Ubuntu 22.04.4 LTS,vm-1194,427a6a2122319050f51594943818cfd3,vcsa01.corp.example,5f3c9a8e-1b2d-4c7e-9a10-2f6b8d4e7c31
PRD-APP-195,poweredOn,False,False,Hard disk 2,2001,6000C299fefb5480e05f8184c115ae8e,[prod-vmfs-03] PRD-APP-195/PRD-APP-195_1.vmdk,512000,False,persistent,sharingNone,True,False,False,False,normal,1000,0,-1,LSI Logic SAS,Hard disk 2,0:1,1,noSharing,[prod-vmfs-03] PRD-APP-195/PRD-APP-195_1.vmdk,,,1,,,,,DC-East,Prod-Cluster,esx-prod06.corp.example,Prod,Ubuntu Linux (64-bit),Ubuntu 22.04.4 LTS,vm-1194,427a6a2122319050f51594943818cfd3,vcsa01.corp.example,5f3c9a8e-1b2d-4c7e-9a10-2f6b8d4e7c31
PRD-FS-196,poweredOn,False,False,Hard disk 1,2000,6000C2912fc0fe9c854a05f95a8d9931,[prod-vmfs-03] PRD-FS-196/PRD-FS-196.vmdk,102400,False,persistent,sharingNone,True,False,False,False,normal,1000,0,-1,VMware paravirtual SCSI,Hard disk 1,0:0,0,noSharing,[prod-vmfs-03] PRD-FS-196/PRD-FS-196.vmdk,,,0,Owner: app-team,,,,DC-East,Prod-Cluster,esx-prod06.corp.example,Prod,Microsoft Windows Server 2016 (64-bit),Microsoft Windows Server 2016 Standard,vm-1195,423f59e4c3093b6e37e9d2e2d35ac07a,vcsa01.corp.example,5f3c9a8e-1b2d-4c7e-9a10-2f6b8d4e7c31
PRD-RDS-197,poweredOn,False,False,Hard disk 1,2000,6000C2951149544e2bc133fba9065b41,[prod-vmfs-01] PRD-RDS-197/PRD-RDS-197.vmdk,102400,False,persistent,sharingNone,False,False,False,False,normal,1000,0,-1,BusLogic,Hard disk 1,0:0,0,noSharing,[prod-vmfs-01] PRD-RDS-197/PRD-RDS-197.vmdk,,,0,,,,,DC-East,Prod-Cluster,esx-prod05.corp.example,Prod,Microsoft Windows Server 2008 R2 (64-bit),Microsoft Windows Server 2008 R2 Enterprise,vm-1196,42816799e723ada38c32bdb2d42a895e,vcsa01.corp.example,5f3c9a8e-1b2d-4c7e-9a10-2f6b8d4e7c31
PRD-RDS-197,poweredOn,False,False,Hard disk 2,2001,6000C2981fdec4f3c92215cd86413c79,[prod-vmfs-01] PRD-RDS-197/PRD-RDS-197_1.vmdk,204800,False,persistent,sharingNone,True,False,False,False,normal,1000,0,-1,BusLogic,Hard disk 2,0:1,1,noSharing,[prod-vmfs-01] PRD-RDS-197/PRD-RDS-197_1.vmdk,,,1,,,,,DC-East,Prod-Cluster,esx-prod05.corp.example,Prod,Microsoft Windows Server 2008 R2 (64-bit),Microsoft Windows Server 2008 R2 Enterprise,vm-1196,42816799e723ada38c32bdb2d42a895e,vcsa01.corp.example,5f3c9a8e-1b2d-4c7e-9a10-2f6b8d4e7c31
PRD-SQL-198,poweredOn,False,False,Hard disk 1,2000,6000C296181d40f9b0d3ce6fb437e204,[prod-vmfs-05] PRD-SQL-198/PRD-SQL-198.vmdk,81920,False,persistent,sharingNone,False,False,False,False,normal,1000,0,-1,VMware paravirtual SCSI,Hard disk 1,0:0,0,noSharing,[prod-vmfs-05] PRD-SQL-198/PRD-SQL-198.vmdk,,,0,,,,,DC-East,Prod-Cluster,esx-prod05.corp.example,Prod,Microsoft Windows Server 2016 or later (64-bit),Microsoft Windows Server 2022 Datacenter,vm-1197,4282a7f5e61d9cde1747f3877d23d479,vcsa01.corp.example,5f3c9a8e-1b2d-4c7e-9a10-2f6b8d4e7c31
PRD-SQL-198,poweredOn,False,False,Hard disk 2,2001,6000C29c0ce356eab575dd690b6189c4,[prod-vmfs-05] PRD-SQL-198/PRD-SQL-198_1.vmdk,1024000,False,persistent,sharingNone,True,False,False,False,normal,1000,0,-1,VMware paravirtual SCSI,Hard disk 2,0:1,1,noSharing,[prod-vmfs-05] PRD-SQL-198/PRD-SQL-198_1.vmdk,,,1,,,,,DC-East,Prod-Cluster,esx-prod05.corp.example,Prod,Microsoft Windows Server 2016 or later (64-bit),Microsoft Windows Server 2022 Datacenter,vm-1197,4282a7f5e61d9cde1747f3877d23d479,vcsa01.corp.example,5f3c9a8e-1b2d-4c7e-9a10-2f6b8d4e7c31
PRD-SQL-198,poweredOn,False,False,Hard disk 3,2002,6000C2973c8054cdeacb832956f4927f,[prod-vmfs-02] PRD-SQL-198/PRD-SQL-198_2.vmdk,768000,False,persistent,sharingNone,False,False,False,False,normal,1000,0,-1,VMware paravirtual SCSI,Hard disk 3,0:2,2,noSharing,[prod-vmfs-02] PRD-SQL-198/PRD-SQL-198_2.vmdk,,,2,,,,,DC-East,Prod-Cluster,esx-prod05.corp.example,Prod,Microsoft Windows Server 2016 or later (64-bit),Microsoft Windows Server 2022 Datacenter,vm-1197,4282a7f5e61d9cde1747f3877d23d479,vcsa01.corp.example,5f3c9a8e-1b2d-4c7e-9a10-2f6b8d4e7c31
PRD-SQL-198,poweredOn,False,False,Hard disk 4,2003,6000C29d9a977a80b309887dceec79d5,[prod-vmfs-05] PRD-SQL-198/PRD-SQL-198_3.vmdk,512000,False,persistent,sharingNone,True,False,False,False,normal,1000,0,-1,VMware paravirtual SCSI,Hard disk 4,0:3,3,noSharing,[prod-vmfs-05] PRD-SQL-198/PRD-SQL-198_3.vmdk,,,3,Owner: app-team,,,,DC-East,Prod-Cluster,esx-prod05.corp.example,Prod,Microsoft Windows Server 2016 or later (64-bit),Microsoft Windows Server 2022 Datacenter,vm-1197,4282a7f5e61d9cde1747f3877d23d479,vcsa01.corp.example,5f3c9a8e-1b2d-4c7e-9a10-2f6b8d4e7c31
PRD-SVC-199,poweredOn,False,False,Hard disk 1,2000,6000C2923a880cecfab8cd39d6b3e81a,[prod-vmfs-03] PRD-SVC-199/PRD-SVC-199.vmdk,81920,False,persistent,sharingNone,True,False,False,False,normal,1000,0,-1,VMware paravirtual SCSI,Hard disk 1,0:0,0,noSharing,[prod-vmfs-03] PRD-SVC-199/PRD-SVC-199.vmdk,,,0,,,,,DC-East,Prod-Cluster,esx-prod04.corp.example,Prod,Microsoft Windows Server 2016 or later (64-bit),Microsoft Windows Server 2022 Datacenter,vm-1198,420592bfb928e23f4ee4334ece920136,vcsa01.corp.example,5f3c9a8e-1b2d-4c7e-9a10-2f6b8d4e7c31
PRD-WEB-200,poweredOn,False,False,Hard disk 1,2000,6000C29b2064774fac5200b5029cfbda,[prod-vmfs-01] PRD-WEB-200/PRD-WEB-200.vmdk,81920,False,persistent,sharingNone,False,True,False,False,normal,1000,0,-1,LSI Logic SAS,Hard disk 1,0:0,0,noSharing,[prod-vmfs-01] PRD-WEB-200/PRD-WEB-200.vmdk,,,0,,,,,DC-East,Prod-Cluster,esx-prod05.corp.example,Prod,Microsoft Windows Server 2019 (64-bit),Microsoft Windows Server 2019 Standard,vm-1199,42ef40d10f6ce9bffe7ee3628a89b0f0,vcsa01.corp.example,5f3c9a8e-1b2d-4c7e-9a10-2f6b8d4e7c31
PRD-FS-201,poweredOff,False,False,Hard disk 1,2000,6000C29b208fa98cee2c92b2d9b97b79,[prod-vmfs-04] PRD-FS-201/PRD-FS-201.vmdk,40960,False,persistent,sharingNone,True,False,False,False,normal,1000,0,-1,LSI Logic,Hard disk 1,0:0,0,noSharing,[prod-vmfs-04] PRD-FS-201/PRD-FS-201.vmdk,,,0,,,,,DC-East,Prod-Cluster,esx-prod02.corp.example,Prod,Red Hat Enterprise Linux 8 (64-bit),,vm-1200,4261ea2fe42e707afe2bd9875fdcabbf,vcsa01.corp.example,5f3c9a8e-1b2d-4c7e-9a10-2f6b8d4e7c31
PRD-FS-201,poweredOff,False,False,Hard disk 2,2001,6000C293b7c52ba75f7863183e63131e,[prod-vmfs-02] PRD-FS-201/PRD-FS-201_1.vmdk,51200,False,persistent,sharingNone,True,False,False,False,normal,1000,0,-1,LSI Logic,Hard disk 2,0:1,1,noSharing,[prod-vmfs-02] PRD-FS-201/PRD-FS-201_1.vmdk,,,1,Owner: app-team,,,,DC-East,Prod-Cluster,esx-prod02.corp.example,Prod,Red Hat Enterprise Linux 8 (64-bit),,vm-1200,4261ea2fe42e707afe2bd9875fdcabbf,vcsa01.corp.example,5f3c9a8e-1b2d-4c7e-9a10-2f6b8d4e7c31
PRD-SVC-202,poweredOn,False,False,Hard disk 1,2000,6000C2965b19920775a8457d74f894e2,[prod-vmfs-04] PRD-SVC-202/PRD-SVC-202.vmdk,61440,False,persistent,sharingNone,True,False,False,False,normal,1000,0,-1,VMware paravirtual SCSI,Hard disk 1,0:0,0,noSharing,[prod-vmfs-04] PRD-SVC-202/PRD-SVC-202.vmdk,,,0,,,,,DC-East,Prod-Cluster,esx-prod02.corp.example,Prod,Microsoft Windows Server 2012 (64-bit),Microsoft Windows Server 2012 R2 Standard,vm-1201,422099d187623997649f7d888989c5ab,vcsa01.corp.example,5f3c9a8e-1b2d-4c7e-9a10-2f6b8d4e7c31
PRD-SVC-202,poweredOn,False,False,Hard disk 2,2001,6000C293898a77529c7164a818906db4,[prod-vmfs-02] PRD-SVC-202/PRD-SVC-202_1.vmdk,512000,False,persistent,sharingNone,True,False,False,False,normal,1000,0,-1,VMware paravirtual SCSI,Hard disk 2,0:1,1,noSharing,[prod-vmfs-02] PRD-SVC-202/PRD-SVC-202_1.vmdk,,,1,Owner: app-team,,,,DC-East,Prod-Cluster,esx-prod02.corp.example,Prod,Microsoft Windows Server 2012 (64-bit),Microsoft Windows Server 2012 R2 Standard,vm-1201,422099d187623997649f7d888989c5ab,vcsa01.corp.example,5f3c9a8e-1b2d-4c7e-9a10-2f6b8d4e7c31
PRD-APP-203,poweredOn,False,False,Hard disk 1,2000,6000C29d8a8ce2d7bdeb7527f721e45e,[prod-vmfs-01] PRD-APP-203/PRD-APP-203.vmdk,61440,False,persistent,sharingNone,True,False,False,False,normal,1000,0,-1,LSI Logic SAS,Hard disk 1,0:0,0,noSharing,[prod-vmfs-01] PRD-APP-203/PRD-APP-203.vmdk,,,0,Owner: app-team,,,,DC-East,Prod-Cluster,esx-prod03.corp.example,Prod,Microsoft Windows Server 2016 or later (64-bit),Microsoft Windows Server 2022 Datacenter,vm-1202,423f5cf23acb43a3d2c7bffb6118433b,vcsa01.corp.example,5f3c9a8e-1b2d-4c7e-9a10-2f6b8d4e7c31
PRD-APP-204,poweredOn,False,False,Hard disk 1,2000,6000C29ee083ebb5c0cdf96df43c67ba,[prod-vmfs-03] PRD-APP-204/PRD-APP-204.vmdk,61440,False,persistent,sharingNone,True,False,False,False,normal,1000,0,-1,VMware paravirtual SCSI,Hard disk 1,0:0,0,noSharing,[prod-vmfs-03] PRD-APP-204/PRD-APP-204.vmdk,,,0,Owner: app-team,,,,DC-East,Prod-Cluster,esx-prod01.corp.example,Prod,Red Hat Enterprise Linux 9 (64-bit),Red Hat Enterprise Linux 9.2 (Plow),vm-1203,423d9c4e04015cede39836bbe23ddfaa,vcsa01.corp.example,5f3c9a8e-1b2d-4c7e-9a10-2f6b8d4e7c31
PRD-RDS-205,poweredOn,False,False,Hard disk 1,2000,6000C296914b254e39873b7fb79fa51d,[prod-vmfs-05] PRD-RDS-205/PRD-RDS-205.vmdk,61440,False,persistent,sharingNone,True,False,False,False,normal,1000,0,-1,LSI Logic SAS,Hard disk 1,0:0,0,noSharing,[prod-vmfs-05] PRD-RDS-205/PRD-RDS-205.vmdk,,,0,,,,,DC-East,Prod-Cluster,esx-prod05.corp.example,Prod,Microsoft Windows Server 2012 (64-bit),Microsoft Windows Server 2012 R2 Standard,vm-1204,428a2db23bfda8a6705fddf566fadca0,vcsa01.corp.example,5f3c9a8e-1b2d-4c7e-9a10-2f6b8d4e7c31
PRD-SVC-206,poweredOn,False,False,Hard disk 1,2000,6000C29af0dac80a57f119fbbd24e118,[prod-vmfs-02] PRD-SVC-206/PRD-SVC-206.vmdk,61440,False,persistent,sharingNone,True,False,False,False,normal,1000,0,-1,VMware paravirtual SCSI,Hard disk 1,0:0,0,noSharing,[prod-vmfs-02] PRD-SVC-206/PRD-SVC-206.vmdk,,,0,,,,,DC-East,Prod-Cluster,esx-prod03.corp.example,Prod,Microsoft Windows Server 2019 (64-bit),Microsoft Windows Server 2019 Standard,vm-1205,42d18183ac2b0cfcc5c51060991121e7,vcsa01.corp.example,5f3c9a8e-1b2d-4c7e-9a10-2f6b8d4e7c31
PRD-SVC-206,poweredOn,False,False,Hard disk 2,2001,6000C292ac6ae5e1443cf3a152105009,[prod-vmfs-05] PRD-SVC-206/PRD-SVC-206_1.vmdk,512000,False,persistent,sharingNone,False,False,False,False,normal,1000,0,-1,VMware paravirtual SCSI,Hard disk 2,0:1,1,noSharing,[prod-vmfs-05] PRD-SVC-206/PRD-SVC-206_1.vmdk,,,1,Owner: app-team,,,,DC-East,Prod-Cluster,esx-prod03.corp.example,Prod,Microsoft Windows Server 2019 (64-bit),Microsoft Windows Server 2019 Standard,vm-1205,42d18183ac2b0cfcc5c51060991121e7,vcsa01.corp.example,5f3c9a8e-1b2d-4c7e-9a10-2f6b8d4e7c31
PRD-SVC-206,poweredOn,False,False,Hard disk 3,2002,6000C29a836392b7d9a3742a83c28870,[prod-vmfs-01] PRD-SVC-206/PRD-SVC-206_2.vmdk,102400,False,persistent,sharingNone,True,False,False,False,normal,1000,0,-1,VMware paravirtual SCSI,Hard disk 3,0:2,2,noSharing,[prod-vmfs-01] PRD-SVC-206/PRD-SVC-206_2.vmdk,,,2,,,,,DC-East,Prod-Cluster,esx-prod03.corp.example,Prod,Microsoft Windows Server 2019 (64-bit),Microsoft Windows Server 2019 Standard,vm-1205,42d18183ac2b0cfcc5c51060991121e7,vcsa01.corp.example,5f3c9a8e-1b2d-4c7e-9a10-2f6b8d4e7c31
PRD-SVC-206,poweredOn,False,False,Hard disk 4,2003,6000C297bc25d3bd88a72da10a0ef615,[prod-vmfs-02] PRD-SVC-206/PRD-SVC-206_3.vmdk,51200,False,persistent,sharingNone,True,False,False,False,normal,1000,0,-1,VMware paravirtual SCSI,Hard disk 4,0:3,3,noSharing,[prod-vmfs-02] PRD-SVC-206/PRD-SVC-206_3.vmdk,,,3,,,,,DC-East,Prod-Cluster,esx-prod03.corp.example,Prod,Microsoft Windows Server 2019 (64-bit),Microsoft Windows Server 2019 Standard,vm-1205,42d18183ac2b0cfcc5c51060991121e7,vcsa01.corp.example,5f3c9a8e-1b2d-4c7e-9a10-2f6b8d4e7c31
PRD-SVC-207,poweredOn,False,False,Hard disk 1,2000,6000C292f53f38c0f95f299a75ffb57f,[prod-vmfs-02] PRD-SVC-207/PRD-SVC-207.vmdk,40960,False,persistent,sharingNone,True,False,False,False,normal,1000,0,-1,VMware paravirtual SCSI,Hard disk 1,0:0,0,noSharing,[prod-vmfs-02] PRD-SVC-207/PRD-SVC-207.vmdk,,,0,,,,,DC-East,Prod-Cluster,esx-prod02.corp.example,Prod,Microsoft Windows Server 2016 or later (64-bit),Microsoft Windows Server 2022 Datacenter,vm-1206,42e95d27bc36dc59e134edfc97777f10,vcsa01.corp.example,5f3c9a8e-1b2d-4c7e-9a10-2f6b8d4e7c31
PRD-RDS-208,poweredOn,False,False,Hard disk 1,2000,6000C29c77870d52dd12bbc65eaae175,[prod-vmfs-03] PRD-RDS-208/PRD-RDS-208.vmdk,81920,False,persistent,sharingNone,True,False,False,False,normal,1000,0,-1,VMware paravirtual SCSI,Hard disk 1,0:0,0,noSharing,[prod-vmfs-03] PRD-RDS-208/PRD-RDS-208.vmdk,,,0,,,,,DC-East,Prod-Cluster,esx-prod01.corp.example,Prod,Microsoft Windows 10 (64-bit),Microsoft Windows 10 Enterprise,vm-1207,426a9440b2414482519894d886433603,vcsa01.corp.example,5f3c9a8e-1b2d-4c7e-9a10-2f6b8d4e7c31
PRD-RDS-208,poweredOn,False,False,Hard disk 2,2001,6000C29a904fa87ab098a176ea87fe7d,[prod-vmfs-02] PRD-RDS-208/PRD-RDS-208_1.vmdk,51200,False,persistent,sharingNone,False,True,False,False,normal,1000,0,-1,VMware paravirtual SCSI,Hard disk 2,0:1,1,noSharing,[prod-vmfs-02] PRD-RDS-208/PRD-RDS-208_1.vmdk,,,1,Owner: app-team,,,,DC-East,Prod-Cluster,esx-prod01.corp.example,Prod,Microsoft Windows 10 (64-bit),Microsoft Windows 10 Enterprise,vm-1207,426a9440b2414482519894d886433603,vcsa01.corp.example,5f3c9a8e-1b2d-4c7e-9a10-2f6b8d4e7c31
PRD-RDS-208,poweredOn,False,False,Hard disk 3,2002,6000C296741aa26dcbcafbdb54b0f552,[prod-vmfs-03] PRD-RDS-208/PRD-RDS-208_2.vmdk,51200,False,persistent,sharingNone,False,False,False,False,normal,1000,0,-1,VMware paravirtual SCSI,Hard disk 3,0:2,2,noSharing,[prod-vmfs-03] PRD-RDS-208/PRD-RDS-208_2.vmdk,,,2,,,,,DC-East,Prod-Cluster,esx-prod01.corp.example,Prod,Microsoft Windows 10 (64-bit),Microsoft Windows 10 Enterprise,vm-1207,426a9440b2414482519894d886433603,vcsa01.corp.example,5f3c9a8e-1b2d-4c7e-9a10-2f6b8d4e7c31
PRD-SVC-209,poweredOn,False,False,Hard disk 1,2000,6000C291ce908ee8f657a9b261deebef,[prod-vmfs-02] PRD-SVC-209/PRD-SVC-209.vmdk,61440,False,persistent,sharingNone,True,False,False,False,normal,1000,0,-1,LSI Logic SAS,Hard disk 1,0:0,0,noSharing,[prod-vmfs-02] PRD-SVC-209/PRD-SVC-209.vmdk,,,0,,,,,DC-East,Prod-Cluster,esx-prod04.corp.example,Prod,Microsoft Windows Server 2019 (64-bit),Microsoft Windows Server 2019 Standard,vm-1208,42ea2c7a7688d11fce4758be24f43c62,vcsa01.corp.example,5f3c9a8e-1b2d-4c7e-9a10-2f6b8d4e7c31
PRD-SVC-209,poweredOn,False,False,Hard disk 2,2001,6000C29120608b8d47c57d53e7ebff3f,[prod-vmfs-04] PRD-SVC-209/PRD-SVC-209_1.vmdk,204800,False,persistent,sharingNone,True,False,False,False,normal,1000,0,-1,LSI Logic SAS,Hard disk 2,0:1,1,noSharing,[prod-vmfs-04] PRD-SVC-209/PRD-SVC-209_1.vmdk,,,1,Owner: app-team,,,,DC-East,Prod-Cluster,esx-prod04.corp.example,Prod,Microsoft Windows Server 2019 (64-bit),Microsoft Windows Server 2019 Standard,vm-1208,42ea2c7a7688d11fce4758be24f43c62,vcsa01.corp.example,5f3c9a8e-1b2d-4c7e-9a10-2f6b8d4e7c31
PRD-SVC-209,poweredOn,False,False,Hard disk 3,2002,6000C29805aa0cd35eb454064919d9ff,[prod-vmfs-02] PRD-SVC-209/PRD-SVC-209_2.vmdk,204800,False,persistent,sharingNone,True,False,False,False,normal,1000,0,-1,LSI Logic SAS,Hard disk 3,0:2,2,noSharing,[prod-vmfs-02] PRD-SVC-209/PRD-SVC-209_2.vmdk,,,2,,,,,DC-East,Prod-Cluster,esx-prod04.corp.example,Prod,Microsoft Windows Server 2019 (64-bit),Microsoft Windows Server 2019 Standard,vm-1208,42ea2c7a7688d11fce4758be24f43c62,vcsa01.corp.example,5f3c9a8e-1b2d-4c7e-9a10-2f6b8d4e7c31
PRD-SVC-210,poweredOn,False,False,Hard disk 1,2000,6000C2903d51c7fcec32006dda7b9adb,[prod-vmfs-01] PRD-SVC-210/PRD-SVC-210.vmdk,102400,False,persistent,sharingNone,False,False,False,False,normal,1000,0,-1,LSI Logic SAS,Hard disk 1,0:0,0,noSharing,[prod-vmfs-01] PRD-SVC-210/PRD-SVC-210.vmdk,,,0,,,,,DC-East,Prod-Cluster,esx-prod02.corp.example,Prod,Microsoft Windows Server 2016 or later (64-bit),Microsoft Windows Server 2022 Datacenter,vm-1209,42d8ddbb73253aa3ec170298143df5b3,vcsa01.corp.example,5f3c9a8e-1b2d-4c7e-9a10-2f6b8d4e7c31
PRD-SVC-210,poweredOn,False,False,Hard disk 2,2001,6000C29322ff5a3046b3fcbffb18291f,[prod-vmfs-01] PRD-SVC-210/PRD-SVC-210_1.vmdk,256000,False,persistent,sharingNone,True,False,False,False,normal,1000,0,-1,LSI Logic SAS,Hard disk 2,0:1,1,noSharing,[prod-vmfs-01] PRD-SVC-210/PRD-SVC-210_1.vmdk,,,1,,,,,DC-East,Prod-Cluster,esx-prod02.corp.example,Prod,Microsoft Windows Server 2016 or later (64-bit),Microsoft Windows Server 2022 Datacenter,vm-1209,42d8ddbb73253aa3ec170298143df5b3,vcsa01.corp.example,5f3c9a8e-1b2d-4c7e-9a10-2f6b8d4e7c31
PRD-SVC-210,poweredOn,False,False,Hard disk 3,2002,6000C291fcbfa2ca96a805bbb7a7d1ba,[prod-vmfs-01] PRD-SVC-210/PRD-SVC-210_2.vmdk,102400,False,persistent,sharingNone,True,False,False,False,normal,1000,0,-1,LSI Logic SAS,Hard disk 3,0:2,2,noSharing,[prod-vmfs-01] PRD-SVC-210/PRD-SVC-210_2.vmdk,,,2,Owner: app-team,,,,DC-East,Prod-Cluster,esx-prod02.corp.example,Prod,Microsoft Windows Server 2016 or later (64-bit),Microsoft Windows Server 2022 Datacenter,vm-1209,42d8ddbb73253aa3ec170298143df5b3,vcsa01.corp.example,5f3c9a8e-1b2d-4c7e-9a10-2f6b8d4e7c31
PRD-WEB-211,poweredOn,False,False,Hard disk 1,2000,6000C29139db7ebb7538c985c533af2d,[prod-vmfs-05] PRD-WEB-211/PRD-WEB-211.vmdk,81920,False,persistent,sharingNone,True,False,False,False,normal,1000,0,-1,LSI Logic SAS,Hard disk 1,0:0,0,noSharing,[prod-vmfs-05] PRD-WEB-211/PRD-WEB-211.vmdk,,,0,,,,,DC-East,Prod-Cluster,esx-prod01.corp.example,Prod,Microsoft Windows Server 2019 (64-bit),Microsoft Windows Server 2019 Standard,vm-1210,42cdfd95302b783112a1fe7ddfa59722,vcsa01.corp.example,5f3c9a8e-1b2d-4c7e-9a10-2f6b8d4e7c31
PRD-WEB-211,poweredOn,False,False,Hard disk 2,2001,6000C29004a05d77e756b705ae405d26,[prod-vmfs-03] PRD-WEB-211/PRD-WEB-211_1.vmdk,204800,False,persistent,sharingNone,True,False,False,False,normal,1000,0,-1,LSI Logic SAS,Hard disk 2,0:1,1,noSharing,[prod-vmfs-03] PRD-WEB-211/PRD-WEB-211_1.vmdk,,,1,,,,,DC-East,Prod-Cluster,esx-prod01.corp.example,Prod,Microsoft Windows Server 2019 (64-bit),Microsoft Windows Server 2019 Standard,vm-1210,42cdfd95302b783112a1fe7ddfa59722,vcsa01.corp.example,5f3c9a8e-1b2d-4c7e-9a10-2f6b8d4e7c31
PRD-WEB-211,poweredOn,False,False,Hard disk 3,2002,6000C2971f3a3502bb1a56bdafaea21d,[prod-vmfs-05] PRD-WEB-211/PRD-WEB-211_2.vmdk,102400,False,persistent,sharingNone,True,False,False,False,normal,1000,0,-1,LSI Logic SAS,Hard disk 3,0:2,2,noSharing,[prod-vmfs-05] PRD-WEB-211/PRD-WEB-211_2.vmdk,,,2,,,,,DC-East,Prod-Cluster,esx-prod01.corp.example,Prod,Microsoft Windows Server 2019 (64-bit),Microsoft Windows Server 2019 Standard,vm-1210,42cdfd95302b783112a1fe7ddfa59722,vcsa01.corp.example,5f3c9a8e-1b2d-4c7e-9a10-2f6b8d4e7c31
PRD-WEB-212,poweredOff,False,False,Hard disk 1,2000,6000C29af82e98dcd0ce24575cdd0f45,[prod-vmfs-04] PRD-WEB-212/PRD-WEB-212.vmdk,81920,False,persistent,sharingNone,True,False,False,False,normal,1000,0,-1,LSI Logic,Hard disk 1,0:0,0,noSharing,[prod-vmfs-04] PRD-WEB-212/PRD-WEB-212.vmdk,,,0,Owner: app-team,,,,DC-East,Prod-Cluster,esx-prod04.corp.example,Prod,Microsoft Windows Server 2019 (64-bit),,vm-1211,4230a564efe9b3d0363908bf03ece8ff,vcsa01.corp.example,5f3c9a8e-1b2d-4c7e-9a10-2f6b8d4e7c31
PRD-RDS-213,poweredOn,False,False,Hard disk 1,2000,6000C29c6932317a876ef409b1063540,[prod-vmfs-01] PRD-RDS-213/PRD-RDS-213.vmdk,40960,False,independent_persistent,sharingNone,True,False,False,False,normal,1000,0,-1,LSI Logic SAS,Hard disk 1,0:0,0,noSharing,[prod-vmfs-01] PRD-RDS-213/PRD-RDS-213.vmdk,,,0,,,,,DC-East,Prod-Cluster,esx-prod02.corp.example,Prod,Microsoft Windows Server 2008 R2 (64-bit),Microsoft Windows Server 2008 R2 Enterprise,vm-1212,42c6881352555c758d55119e3d44cb2c,vcsa01.corp.example,5f3c9a8e-1b2d-4c7e-9a10-2f6b8d4e7c31
PRD-SQL-214,poweredOn,False,False,Hard disk 1,2000,6000C29d5b6b8e34b344a147a119ca40,[prod-vmfs-05] PRD-SQL-214/PRD-SQL-214.vmdk,61440,False,persistent,sharingNone,True,False,False,False,normal,1000,0,-1,LSI Logic SAS,Hard disk 1,0:0,0,noSharing,[prod-vmfs-05] PRD-SQL-214/PRD-SQL-214.vmdk,,,0,Owner: app-team,,,,DC-East,Prod-Cluster,esx-prod03.corp.example,Prod,Microsoft Windows Server 2019 (64-bit),Microsoft Windows Server 2019 Standard,vm-1213,42783086b8f0188efb37afaecd8563ca,vcsa01.corp.example,5f3c9a8e-1b2d-4c7e-9a10-2f6b8d4e7c31
PRD-SQL-214,poweredOn,False,False,Hard disk 2,2001,6000C29189797b17eeb3ab227077d33e,[prod-vmfs-05] PRD-SQL-214/PRD-SQL-214_1.vmdk,204800,False,persistent,sharingNone,True,False,False,False,normal,1000,0,-1,LSI Logic SAS,Hard disk 2,0:1,1,noSharing,[prod-vmfs-05] PRD-SQL-214/PRD-SQL-214_1.vmdk,,,1,Owner: app-team,,,,DC-East,Prod-Cluster,esx-prod03.corp.example,Prod,Microsoft Windows Server 2019 (64-bit),Microsoft Windows Server 2019 Standard,vm-1213,42783086b8f0188efb37afaecd8563ca,vcsa01.corp.example,5f3c9a8e-1b2d-4c7e-9a10-2f6b8d4e7c31
PRD-SQL-215,poweredOn,False,False,Hard disk 1,2000,6000C299f7b8895a3a099c804d167503,[prod-vmfs-02] PRD-SQL-215/PRD-SQL-215.vmdk,81920,False,persistent,sharingNone,True,False,False,False,normal,1000,0,-1,LSI Logic SAS,Hard disk 1,0:0,0,noSharing,[prod-vmfs-02] PRD-SQL-215/PRD-SQL-215.vmdk,,,0,,,,,DC-East,Prod-Cluster,esx-prod04.corp.example,Prod,Microsoft Windows Server 2019 (64-bit),Microsoft Windows Server 2019 Standard,vm-1214,429442b595831d58ef4c51198da5d39b,vcsa01.corp.example,5f3c9a8e-1b2d-4c7e-9a10-2f6b8d4e7c31
PRD-SQL-216,poweredOn,False,False,Hard disk 1,2000,6000C2992fbd9d23a5168cda99d6bf85,[prod-vmfs-04] PRD-SQL-216/PRD-SQL-216.vmdk,81920,False,persistent,sharingNone,True,False,False,False,normal,1000,0,-1,LSI Logic SAS,Hard disk 1,0:0,0,noSharing,[prod-vmfs-04] PRD-SQL-216/PRD-SQL-216.vmdk,,,0,,,,,DC-East,Prod-Cluster,esx-prod02.corp.example,Prod,Microsoft Windows Server 2016 or later (64-bit),Microsoft Windows Server 2022 Datacenter,vm-1215,4241e02a566a9ce7af521b94f186e47a,vcsa01.corp.example,5f3c9a8e-1b2d-4c7e-9a10-2f6b8d4e7c31
PRD-SQL-216,poweredOn,False,False,Hard disk 2,2001,6000C293c8ba52267c115895db1f3973,[prod-vmfs-04] PRD-SQL-216/PRD-SQL-216_1.vmdk,204800,False,persistent,sharingNone,True,False,False,False,normal,1000,0,-1,LSI Logic SAS,Hard disk 2,0:1,1,noSharing,[prod-vmfs-04] PRD-SQL-216/PRD-SQL-216_1.vmdk,,,1,,,,,DC-East,Prod-Cluster,esx-prod02.corp.example,Prod,Microsoft Windows Server 2016 or later (64-bit),Microsoft Windows Server 2022 Datacenter,vm-1215,4241e02a566a9ce7af521b94f186e47a,vcsa01.corp.example,5f3c9a8e-1b2d-4c7e-9a10-2f6b8d4e7c31
PRD-RDS-217,poweredOn,False,False,Hard disk 1,2000,6000C2902c9f57059ba0e3999a77c01f,[prod-vmfs-02] PRD-RDS-217/PRD-RDS-217.vmdk,81920,False,persistent,sharingNone,True,False,False,False,normal,1000,0,-1,VMware paravirtual SCSI,Hard disk 1,0:0,0,noSharing,[prod-vmfs-02] PRD-RDS-217/PRD-RDS-217.vmdk,,,0,Owner: app-team,,,,DC-East,Prod-Cluster,esx-prod04.corp.example,Prod,Microsoft Windows Server 2019 (64-bit),Microsoft Windows Server 2019 Standard,vm-1216,42eab9eb2f1dc1217d024c6d8bea75c1,vcsa01.corp.example,5f3c9a8e-1b2d-4c7e-9a10-2f6b8d4e7c31
PRD-RDS-217,poweredOn,False,False,Hard disk 2,2001,6000C29bb0f1d20979432f6fda554d25,[prod-vmfs-02] PRD-RDS-217/PRD-RDS-217_1.vmdk,51200,False,persistent,sharingNone,True,False,False,False,normal,1000,0,-1,VMware paravirtual SCSI,Hard disk 2,0:1,1,noSharing,[prod-vmfs-02] PRD-RDS-217/PRD-RDS-217_1.vmdk,,,1,,,,,DC-East,Prod-Cluster,esx-prod04.corp.example,Prod,Microsoft Windows Server 2019 (64-bit),Microsoft Windows Server 2019 Standard,vm-1216,42eab9eb2f1dc1217d024c6d8bea75c1,vcsa01.corp.example,5f3c9a8e-1b2d-4c7e-9a10-2f6b8d4e7c31
PRD-APP-218,poweredOn,False,False,Hard disk 1,2000,6000C29dd46b78f3288c91ccce92b021,[prod-vmfs-03] PRD-APP-218/PRD-APP-218.vmdk,61440,False,persistent,sharingNone,True,False,False,False,normal,1000,0,-1,LSI Logic SAS,Hard disk 1,0:0,0,noSharing,[prod-vmfs-03] PRD-APP-218/PRD-APP-218.vmdk,,,0,Owner: app-team,,,,DC-East,Prod-Cluster,esx-prod01.corp.example,Prod,Ubuntu Linux (64-bit),Ubuntu 18.04.6 LTS,vm-1217,42a175a9d7b102a92332a50e6992896e,vcsa01.corp.example,5f3c9a8e-1b2d-4c7e-9a10-2f6b8d4e7c31
PRD-APP-218,poweredOn,False,False,Hard disk 2,2001,6000C297039ff46b194274cf09e002f0,[prod-vmfs-05] PRD-APP-218/PRD-APP-218_1.vmdk,1024000,False,persistent,sharingNone,True,False,False,False,normal,1000,0,-1,LSI Logic SAS,Hard disk 2,0:1,1,noSharing,[prod-vmfs-05] PRD-APP-218/PRD-APP-218_1.vmdk,,,1,Owner: app-team,,,,DC-East,Prod-Cluster,esx-prod01.corp.example,Prod,Ubuntu Linux (64-bit),Ubuntu 18.04.6 LTS,vm-1217,42a175a9d7b102a92332a50e6992896e,vcsa01.corp.example,5f3c9a8e-1b2d-4c7e-9a10-2f6b8d4e7c31
PRD-WEB-219,poweredOn,False,False,Hard disk 1,2000,6000C294c0f5de46714f4be5530619e4,[prod-vmfs-03] PRD-WEB-219/PRD-WEB-219.vmdk,81920,False,persistent,sharingNone,True,False,False,False,normal,1000,0,-1,VMware paravirtual SCSI,Hard disk 1,0:0,0,noSharing,[prod-vmfs-03] PRD-WEB-219/PRD-WEB-219.vmdk,,,0,Owner: app-team,,,,DC-East,Prod-Cluster,esx-prod05.corp.example,Prod,Microsoft Windows Server 2016 or later (64-bit),Microsoft Windows Server 2022 Datacenter,vm-1218,427bb344e9aa144b9dd43675ef145064,vcsa01.corp.example,5f3c9a8e-1b2d-4c7e-9a10-2f6b8d4e7c31
PRD-WEB-219,poweredOn,False,False,Hard disk 2,2001,6000C29ff8490b53facc2e3535b6c692,[prod-vmfs-03] PRD-WEB-219/PRD-WEB-219_1.vmdk,1024000,False,persistent,sharingNone,True,False,False,False,normal,1000,0,-1,VMware paravirtual SCSI,Hard disk 2,0:1,1,noSharing,[prod-vmfs-03] PRD-WEB-219/PRD-WEB-219_1.vmdk,,,1,Owner: app-team,,,,DC-East,Prod-Cluster,esx-prod05.corp.example,Prod,Microsoft Windows Server 2016 or later (64-bit),Microsoft Windows Server 2022 Datacenter,vm-1218,427bb344e9aa144b9dd43675ef145064,vcsa01.corp.example,5f3c9a8e-1b2d-4c7e-9a10-2f6b8d4e7c31
PRD-WEB-219,poweredOn,False,False,Hard disk 3,2002,6000C292271bb0acfb834299b0dba7b4,[prod-vmfs-03] PRD-WEB-219/PRD-WEB-219_2.vmdk,256000,False,persistent,sharingNone,True,False,False,False,normal,1000,0,-1,VMware paravirtual SCSI,Hard disk 3,0:2,2,noSharing,[prod-vmfs-03] PRD-WEB-219/PRD-WEB-219_2.vmdk,,,2,,,,,DC-East,Prod-Cluster,esx-prod05.corp.example,Prod,Microsoft Windows Server 2016 or later (64-bit),Microsoft Windows Server 2022 Datacenter,vm-1218,427bb344e9aa144b9dd43675ef145064,vcsa01.corp.example,5f3c9a8e-1b2d-4c7e-9a10-2f6b8d4e7c31
PRD-WEB-219,poweredOn,False,False,Hard disk 4,2003,6000C2908223c495b64a46f5eb6db35f,[prod-vmfs-03] PRD-WEB-219/PRD-WEB-219_3.vmdk,204800,False,persistent,sharingNone,False,True,False,False,normal,1000,0,-1,VMware paravirtual SCSI,Hard disk 4,0:3,3,noSharing,[prod-vmfs-03] PRD-WEB-219/PRD-WEB-219_3.vmdk,,,3,,,,,DC-East,Prod-Cluster,esx-prod05.corp.example,Prod,Microsoft Windows Server 2016 or later (64-bit),Microsoft Windows Server 2022 Datacenter,vm-1218,427bb344e9aa144b9dd43675ef145064,vcsa01.corp.example,5f3c9a8e-1b2d-4c7e-9a10-2f6b8d4e7c31
PRD-SVC-220,poweredOn,False,False,Hard disk 1,2000,6000C29ed54719323e03a5ea63bd916b,[prod-vmfs-05] PRD-SVC-220/PRD-SVC-220.vmdk,102400,False,persistent,sharingNone,True,False,False,False,normal,1000,0,-1,VMware paravirtual SCSI,Hard disk 1,0:0,0,noSharing,[prod-vmfs-05] PRD-SVC-220/PRD-SVC-220.vmdk,,,0,,,,,DC-East,Prod-Cluster,esx-prod04.corp.example,Prod,Microsoft Windows Server 2019 (64-bit),Microsoft Windows Server 2019 Standard,vm-1219,42d02b1280913ac10463750e49646b96,vcsa01.corp.example,5f3c9a8e-1b2d-4c7e-9a10-2f6b8d4e7c31
PRD-SVC-220,poweredOn,False,False,Hard disk 2,2001,6000C29cdd4f6de87a91e144b8d8e96c,[prod-vmfs-05] PRD-SVC-220/PRD-SVC-220_1.vmdk,51200,False,persistent,sharingNone,True,False,False,False,normal,1000,0,-1,VMware paravirtual SCSI,Hard disk 2,0:1,1,noSharing,[prod-vmfs-05] PRD-SVC-220/PRD-SVC-220_1.vmdk,,,1,Owner: app-team,,,,DC-East,Prod-Cluster,esx-prod04.corp.example,Prod,Microsoft Windows Server 2019 (64-bit),Microsoft Windows Server 2019 Standard,vm-1219,42d02b1280913ac10463750e49646b96,vcsa01.corp.example,5f3c9a8e-1b2d-4c7e-9a10-2f6b8d4e7c31
DEV-APP-001,poweredOn,False,False,Hard disk 1,2000,6000C291a8f5314fe37355f3037825ba,[dev-nfs-01] DEV-APP-001/DEV-APP-001.vmdk,102400,False,persistent,sharingNone,False,False,False,False,normal,1000,0,-1,LSI Logic SAS,Hard disk 1,0:0,0,noSharing,[dev-nfs-01] DEV-APP-001/DEV-APP-001.vmdk,,,0,Owner: app-team,,,,DC-East,Dev-Cluster,esx-dev03.corp.example,Dev,Microsoft Windows Server 2019 (64-bit),Microsoft Windows Server 2019 Standard,vm-1220,42cb80f2446f64dd5abca6e5d0b1e3eb,vcsa01.corp.example,5f3c9a8e-1b2d-4c7e-9a10-2f6b8d4e7c31
DEV-CTX-002,poweredOn,False,False,Hard disk 1,2000,6000C292cc9dc19c129ddfde9194d072,[dev-nfs-02] DEV-CTX-002/DEV-CTX-002.vmdk,81920,False,persistent,sharingNone,False,True,False,False,normal,1000,0,-1,VMware paravirtual SCSI,Hard disk 1,0:0,0,noSharing,[dev-nfs-02] DEV-CTX-002/DEV-CTX-002.vmdk,,,0,,,,,DC-East,Dev-Cluster,esx-dev01.corp.example,Dev,Other 3.x or later Linux (64-bit),,vm-1221,42fdde64a75b395a14a34f7fd90dd19b,vcsa01.corp.example,5f3c9a8e-1b2d-4c7e-9a10-2f6b8d4e7c31
DEV-CTX-002,poweredOn,False,False,Hard disk 2,2001,6000C2915e4815f7113a19a0a8e15405,[dev-nfs-02] DEV-CTX-002/DEV-CTX-002_1.vmdk,256000,False,persistent,sharingNone,True,False,False,False,normal,1000,0,-1,VMware paravirtual SCSI,Hard disk 2,0:1,1,noSharing,[dev-nfs-02] DEV-CTX-002/DEV-CTX-002_1.vmdk,,,1,,,,,DC-East,Dev-Cluster,esx-dev01.corp.example,Dev,Other 3.x or later Linux (64-bit),,vm-1221,42fdde64a75b395a14a34f7fd90dd19b,vcsa01.corp.example,5f3c9a8e-1b2d-4c7e-9a10-2f6b8d4e7c31
DEV-FS-003,poweredOn,False,False,Hard disk 1,2000,6000C290231830a3cfab07f40022994c,[dev-nfs-02] DEV-FS-003/DEV-FS-003.vmdk,102400,False,persistent,sharingNone,False,False,False,False,normal,1000,0,-1,LSI Logic SAS,Hard disk 1,0:0,0,noSharing,[dev-nfs-02] DEV-FS-003/DEV-FS-003.vmdk,,,0,Owner: app-team,,,,DC-East,Dev-Cluster,esx-dev02.corp.example,Dev,Microsoft Windows Server 2016 or later (64-bit),Microsoft Windows Server 2022 Datacenter,vm-1222,427ff6b8152aeaec2bdfcb41b3eda8f1,vcsa01.corp.example,5f3c9a8e-1b2d-4c7e-9a10-2f6b8d4e7c31
DEV-FS-003,poweredOn,False,False,Hard disk 2,2001,6000C29a2886115ff9f4fbcd6f41bc23,[dev-nfs-02] DEV-FS-003/DEV-FS-003_1.vmdk,256000,False,persistent,sharingNone,True,False,False,False,normal,1000,0,-1,LSI Logic SAS,Hard disk 2,0:1,1,noSharing,[dev-nfs-02] DEV-FS-003/DEV-FS-003_1.vmdk,,,1,Owner: app-team,,,,DC-East,Dev-Cluster,esx-dev02.corp.example,Dev,Microsoft Windows Server 2016 or later (64-bit),Microsoft Windows Server 2022 Datacenter,vm-1222,427ff6b8152aeaec2bdfcb41b3eda8f1,vcsa01.corp.example,5f3c9a8e-1b2d-4c7e-9a10-2f6b8d4e7c31
DEV-APP-004,poweredOff,False,False,Hard disk 1,2000,6000C297674dfb859ecc4181f256aa65,[dev-nfs-01] DEV-APP-004/DEV-APP-004.vmdk,61440,False,persistent,sharingNone,True,False,False,False,normal,1000,0,-1,VMware paravirtual SCSI,Hard disk 1,0:0,0,noSharing,[dev-nfs-01] DEV-APP-004/DEV-APP-004.vmdk,,,0,,,,,DC-East,Dev-Cluster,esx-dev03.corp.example,Dev,Ubuntu Linux (64-bit),,vm-1223,4279ba639118c400e336c243b139c476,vcsa01.corp.example,5f3c9a8e-1b2d-4c7e-9a10-2f6b8d4e7c31
DEV-APP-004,poweredOff,False,False,Hard disk 2,2001,6000C29067ee87f27433005aa5b33e2e,[dev-nfs-01] DEV-APP-004/DEV-APP-004_1.vmdk,204800,False,persistent,sharingNone,True,False,False,False,normal,1000,0,-1,VMware paravirtual SCSI,Hard disk 2,0:1,1,noSharing,[dev-nfs-01] DEV-APP-004/DEV-APP-004_1.vmdk,,,1,,,,,DC-East,Dev-Cluster,esx-dev03.corp.example,Dev,Ubuntu Linux (64-bit),,vm-1223,4279ba639118c400e336c243b139c476,vcsa01.corp.example,5f3c9a8e-1b2d-4c7e-9a10-2f6b8d4e7c31
DEV-WEB-005,poweredOff,False,False,Hard disk 1,2000,6000C29cacc9874d63aff1a4a6ebb88c,[dev-nfs-01] DEV-WEB-005/DEV-WEB-005.vmdk,102400,False,persistent,sharingNone,True,False,False,False,normal,1000,0,-1,LSI Logic SAS,Hard disk 1,0:0,0,noSharing,[dev-nfs-01] DEV-WEB-005/DEV-WEB-005.vmdk,,,0,Owner: app-team,,,,DC-East,Dev-Cluster,esx-dev03.corp.example,Dev,Microsoft Windows Server 2016 (64-bit),,vm-1224,42350850f622d84204022b3c508211a5,vcsa01.corp.example,5f3c9a8e-1b2d-4c7e-9a10-2f6b8d4e7c31
DEV-FS-006,poweredOn,False,False,Hard disk 1,2000,6000C29a17795b669a452aca1d8385f3,[dev-nfs-01] DEV-FS-006/DEV-FS-006.vmdk,61440,False,persistent,sharingNone,True,False,False,False,normal,1000,0,-1,LSI Logic SAS,Hard disk 1,0:0,0,noSharing,[dev-nfs-01] DEV-FS-006/DEV-FS-006.vmdk,,,0,,,,,DC-East,Dev-Cluster,esx-dev01.corp.example,Dev,Microsoft Windows Server 2016 or later (64-bit),Microsoft Windows Server 2022 Datacenter,vm-1225,42e582b6ad5229dd639fc471d9750f00,vcsa01.corp.example,5f3c9a8e-1b2d-4c7e-9a10-2f6b8d4e7c31
DEV-FS-006,poweredOn,False,False,Hard disk 2,2001,6000C29030396a9f4f0b5593542d4393,[dev-nfs-01] DEV-FS-006/DEV-FS-006_1.vmdk,1024000,False,persistent,sharingNone,True,False,False,False,normal,1000,0,-1,LSI Logic SAS,Hard disk 2,0:1,1,noSharing,[dev-nfs-01] DEV-FS-006/DEV-FS-006_1.vmdk,,,1,,,,,DC-East,Dev-Cluster,esx-dev01.corp.example,Dev,Microsoft Windows Server 2016 or later (64-bit),Microsoft Windows Server 2022 Datacenter,vm-1225,42e582b6ad5229dd639fc471d9750f00,vcsa01.corp.example,5f3c9a8e-1b2d-4c7e-9a10-2f6b8d4e7c31
DEV-APP-007,poweredOn,False,False,Hard disk 1,2000,6000C294ebf1f6a4ccaeb64c74c2a11d,[dev-nfs-02] DEV-APP-007/DEV-APP-007.vmdk,102400,False,persistent,sharingNone,False,False,False,False,normal,1000,0,-1,VMware paravirtual SCSI,Hard disk 1,0:0,0,noSharing,[dev-nfs-02] DEV-APP-007/DEV-APP-007.vmdk,,,0,,,,,DC-East,Dev-Cluster,esx-dev03.corp.example,Dev,Red Hat Enterprise Linux 8 (64-bit),Red Hat Enterprise Linux 8.8 (Ootpa),vm-1226,425731161375ee90d6b361e43b6dca0d,vcsa01.corp.example,5f3c9a8e-1b2d-4c7e-9a10-2f6b8d4e7c31
DEV-APP-007,poweredOn,False,False,Hard disk 2,2001,6000C292004e07210cc8fa21b601e5b2,[dev-nfs-02] DEV-APP-007/DEV-APP-007_1.vmdk,2048000,False,persistent,sharingNone,False,False,False,False,normal,1000,0,-1,VMware paravirtual SCSI,Hard disk 2,0:1,1,noSharing,[dev-nfs-02] DEV-APP-007/DEV-APP-007_1.vmdk,,,1,,,,,DC-East,Dev-Cluster,esx-dev03.corp.example,Dev,Red Hat Enterprise Linux 8 (64-bit),Red Hat Enterprise Linux 8.8 (Ootpa),vm-1226,425731161375ee90d6b361e43b6dca0d,vcsa01.corp.example,5f3c9a8e-1b2d-4c7e-9a10-2f6b8d4e7c31
DEV-APP-007,poweredOn,False,False,Hard disk 3,2002,6000C2946548dfc876da37478faee492,[dev-nfs-01] DEV-APP-007/DEV-APP-007_2.vmdk,51200,False,persistent,sharingNone,True,False,False,False,normal,1000,0,-1,VMware paravirtual SCSI,Hard disk 3,0:2,2,noSharing,[dev-nfs-01] DEV-APP-007/DEV-APP-007_2.vmdk,,,2,,,,,DC-East,Dev-Cluster,esx-dev03.corp.example,Dev,Red Hat Enterprise Linux 8 (64-bit),Red Hat Enterprise Linux 8.8 (Ootpa),vm-1226,425731161375ee90d6b361e43b6dca0d,vcsa01.corp.example,5f3c9a8e-1b2d-4c7e-9a10-2f6b8d4e7c31
DEV-SQL-008,poweredOn,False,False,Hard disk 1,2000,6000C29b96bfbee009a2737332fd7344,[dev-nfs-02] DEV-SQL-008/DEV-SQL-008.vmdk,61440,False,persistent,sharingNone,True,False,False,False,normal,1000,0,-1,LSI Logic,Hard disk 1,0:0,0,noSharing,[dev-nfs-02] DEV-SQL-008/DEV-SQL-008.vmdk,,,0,,,,,DC-East,Dev-Cluster,esx-dev01.corp.example,Dev,Microsoft Windows Server 2012 (64-bit),Microsoft Windows Server 2012 R2 Standard,vm-1227,426e8d96601bfbcbf0eebcce8d93e14a,vcsa01.corp.example,5f3c9a8e-1b2d-4c7e-9a10-2f6b8d4e7c31
DEV-APP-009,poweredOn,False,False,Hard disk 1,2000,6000C291598a2bd15e35b2472de3153d,[dev-nfs-01] DEV-APP-009/DEV-APP-009.vmdk,40960,False,persistent,sharingNone,True,False,False,False,normal,1000,0,-1,VMware paravirtual SCSI,Hard disk 1,0:0,0,noSharing,[dev-nfs-01] DEV-APP-009/DEV-APP-009.vmdk,,,0,Owner: app-team,,,,DC-East,Dev-Cluster,esx-dev03.corp.example,Dev,Microsoft Windows Server 2016 or later (64-bit),Microsoft Windows Server 2022 Datacenter,vm-1228,42c8ad08b630794d6147adeb277b0667,vcsa01.corp.example,5f3c9a8e-1b2d-4c7e-9a10-2f6b8d4e7c31
DEV-SQL-010,poweredOn,False,False,Hard disk 1,2000,6000C29f4c6ced6d3f7dd3136f438da3,[dev-nfs-01] DEV-SQL-010/DEV-SQL-010.vmdk,61440,False,persistent,sharingNone,False,False,False,False,normal,1000,0,-1,VMware paravirtual SCSI,Hard disk 1,0:0,0,noSharing,[dev-nfs-01] DEV-SQL-010/DEV-SQL-010.vmdk,,,0,,,,,DC-East,Dev-Cluster,esx-dev01.corp.example,Dev,Microsoft Windows Server 2019 (64-bit),Microsoft Windows Server 2019 Standard,vm-1229,4216591c21ebfaa91a2bd69c450f69ee,vcsa01.corp.example,5f3c9a8e-1b2d-4c7e-9a10-2f6b8d4e7c31
DEV-SQL-010,poweredOn,False,False,Hard disk 2,2001,6000C29fe6b03b0ddfe9a6ee43006c97,[dev-nfs-01] DEV-SQL-010/DEV-SQL-010_1.vmdk,512000,False,persistent,sharingNone,True,False,False,False,normal,1000,0,-1,VMware paravirtual SCSI,Hard disk 2,0:1,1,noSharing,[dev-nfs-01] DEV-SQL-010/DEV-SQL-010_1.vmdk,,,1,,,,,DC-East,Dev-Cluster,esx-dev01.corp.example,Dev,Microsoft Windows Server 2019 (64-bit),Microsoft Windows Server 2019 Standard,vm-1229,4216591c21ebfaa91a2bd69c450f69ee,vcsa01.corp.example,5f3c9a8e-1b2d-4c7e-9a10-2f6b8d4e7c31
DEV-SVC-011,poweredOn,False,False,Hard disk 1,2000,6000C294e183cfa3932df38139f6549b,[dev-nfs-01] DEV-SVC-011/DEV-SVC-011.vmdk,102400,False,persistent,sharingNone,True,False,False,False,normal,1000,0,-1,VMware paravirtual SCSI,Hard disk 1,0:0,0,noSharing,[dev-nfs-01] DEV-SVC-011/DEV-SVC-011.vmdk,,,0,,,,,DC-East,Dev-Cluster,esx-dev02.corp.example,Dev,Microsoft Windows Server 2019 (64-bit),Microsoft Windows Server 2019 Standard,vm-1230,42530dddc8d0f9e5991965ea98d00c2c,vcsa01.corp.example,5f3c9a8e-1b2d-4c7e-9a10-2f6b8d4e7c31
DEV-SVC-011,poweredOn,False,False,Hard disk 2,2001,6000C29c869c6fdd0465a8d7438806fe,[dev-nfs-01] DEV-SVC-011/DEV-SVC-011_1.vmdk,2048000,False,persistent,sharingNone,True,False,False,False,normal,1000,0,-1,VMware paravirtual SCSI,Hard disk 2,0:1,1,noSharing,[dev-nfs-01] DEV-SVC-011/DEV-SVC-011_1.vmdk,,,1,,,,,DC-East,Dev-Cluster,esx-dev02.corp.example,Dev,Microsoft Windows Server 2019 (64-bit),Microsoft Windows Server 2019 Standard,vm-1230,42530dddc8d0f9e5991965ea98d00c2c,vcsa01.corp.example,5f3c9a8e-1b2d-4c7e-9a10-2f6b8d4e7c31
DEV-FS-012,poweredOn,False,False,Hard disk 1,2000,6000C29eff69af1c020ab8a8f7a37987,[dev-nfs-02] DEV-FS-012/DEV-FS-012.vmdk,61440,False,persistent,sharingNone,True,False,False,False,normal,1000,0,-1,VMware paravirtual SCSI,Hard disk 1,0:0,0,noSharing,[dev-nfs-02] DEV-FS-012/DEV-FS-012.vmdk,,,0,,,,,DC-East,Dev-Cluster,esx-dev01.corp.example,Dev,Red Hat Enterprise Linux 8 (64-bit),Red Hat Enterprise Linux 8.8 (Ootpa),vm-1231,422b64776177a771af70de702b69c95e,vcsa01.corp.example,5f3c9a8e-1b2d-4c7e-9a10-2f6b8d4e7c31
DEV-APP-013,poweredOn,False,False,Hard disk 1,2000,6000C290202b50d1c71a5cecdbf0d42a,[dev-nfs-01] DEV-APP-013/DEV-APP-013.vmdk,81920,False,persistent,sharingNone,False,False,False,False,normal,1000,0,-1,LSI Logic SAS,Hard disk 1,0:0,0,noSharing,[dev-nfs-01] DEV-APP-013/DEV-APP-013.vmdk,,,0,Owner: app-team,,,,DC-East,Dev-Cluster,esx-dev01.corp.example,Dev,Microsoft Windows Server 2019 (64-bit),Microsoft Windows Server 2019 Standard,vm-1232,42406f645c72aebd13b11e59c85cd714,vcsa01.corp.example,5f3c9a8e-1b2d-4c7e-9a10-2f6b8d4e7c31
DEV-CTX-014,poweredOn,False,False,Hard disk 1,2000,6000C29dbbdcdd1f343bf9ce1d63734c,[dev-nfs-01] DEV-CTX-014/DEV-CTX-014.vmdk,40960,False,persistent,sharingNone,False,False,False,False,normal,1000,0,-1,LSI Logic SAS,Hard disk 1,0:0,0,noSharing,[dev-nfs-01] DEV-CTX-014/DEV-CTX-014.vmdk,,,0,,,,,DC-East,Dev-Cluster,esx-dev03.corp.example,Dev,Microsoft Windows Server 2019 (64-bit),Microsoft Windows Server 2019 Standard,vm-1233,42d773f9550c2fe9654c11d9f2e61828,vcsa01.corp.example,5f3c9a8e-1b2d-4c7e-9a10-2f6b8d4e7c31
DEV-CTX-014,poweredOn,False,False,Hard disk 2,2001,6000C295dd44051b64bb419ddbc4ccdd,[dev-nfs-01] DEV-CTX-014/DEV-CTX-014_1.vmdk,768000,False,persistent,sharingNone,True,False,False,False,normal,1000,0,-1,LSI Logic SAS,Hard disk 2,0:1,1,noSharing,[dev-nfs-01] DEV-CTX-014/DEV-CTX-014_1.vmdk,,,1,,,,,DC-East,Dev-Cluster,esx-dev03.corp.example,Dev,Microsoft Windows Server 2019 (64-bit),Microsoft Windows Server 2019 Standard,vm-1233,42d773f9550c2fe9654c11d9f2e61828,vcsa01.corp.example,5f3c9a8e-1b2d-4c7e-9a10-2f6b8d4e7c31
DEV-SQL-015,poweredOn,False,False,Hard disk 1,2000,6000C293634c842f6584387553c70de6,[dev-nfs-02] DEV-SQL-015/DEV-SQL-015.vmdk,40960,False,persistent,sharingNone,True,False,False,False,normal,1000,0,-1,LSI Logic SAS,Hard disk 1,0:0,0,noSharing,[dev-nfs-02] DEV-SQL-015/DEV-SQL-015.vmdk,,,0,Owner: app-team,,,,DC-East,Dev-Cluster,esx-dev02.corp.example,Dev,Red Hat Enterprise Linux 9 (64-bit),Red Hat Enterprise Linux 9.2 (Plow),vm-1234,42b1feadf280df1d9a6c0db952171c88,vcsa01.corp.example,5f3c9a8e-1b2d-4c7e-9a10-2f6b8d4e7c31
DEV-SQL-016,poweredOff,False,False,Hard disk 1,2000,6000C2924af1ff74751ffc034f5df423,[dev-nfs-02] DEV-SQL-016/DEV-SQL-016.vmdk,40960,False,persistent,sharingNone,False,False,False,False,normal,1000,0,-1,VMware paravirtual SCSI,Hard disk 1,0:0,0,noSharing,[dev-nfs-02] DEV-SQL-016/DEV-SQL-016.vmdk,,,0,Owner: app-team,,,,DC-East,Dev-Cluster,esx-dev02.corp.example,Dev,Red Hat Enterprise Linux 8 (64-bit),,vm-1235,42604529536d47d73e0f84cec82f78fd,vcsa01.corp.example,5f3c9a8e-1b2d-4c7e-9a10-2f6b8d4e7c31
DEV-SQL-016,poweredOff,False,False,Hard disk 2,2001,6000C2901b979060a7f124563539bd22,[dev-nfs-02] DEV-SQL-016/DEV-SQL-016_1.vmdk,1024000,False,persistent,sharingNone,True,False,False,False,normal,1000,0,-1,VMware paravirtual SCSI,Hard disk 2,0:1,1,noSharing,[dev-nfs-02] DEV-SQL-016/DEV-SQL-016_1.vmdk,,,1,,,,,DC-East,Dev-Cluster,esx-dev02.corp.example,Dev,Red Hat Enterprise Linux 8 (64-bit),,vm-1235,42604529536d47d73e0f84cec82f78fd,vcsa01.corp.example,5f3c9a8e-1b2d-4c7e-9a10-2f6b8d4e7c31
DEV-APP-017,poweredOn,False,False,Hard disk 1,2000,6000C299c0d5dc1761a5564247d41385,[dev-nfs-02] DEV-APP-017/DEV-APP-017.vmdk,81920,False,persistent,sharingNone,True,False,False,False,normal,1000,0,-1,VMware paravirtual SCSI,Hard disk 1,0:0,0,noSharing,[dev-nfs-02] DEV-APP-017/DEV-APP-017.vmdk,,,0,,,,,DC-East,Dev-Cluster,esx-dev03.corp.example,Dev,Microsoft Windows Server 2019 (64-bit),Microsoft Windows Server 2019 Standard,vm-1236,42ba2aa7f3f81c3106e3f9498cd34c62,vcsa01.corp.example,5f3c9a8e-1b2d-4c7e-9a10-2f6b8d4e7c31
DEV-APP-017,poweredOn,False,False,Hard disk 2,2001,6000C29ace01fa3fe2d8d2e6272a64fa,[dev-nfs-02] DEV-APP-017/DEV-APP-017_1.vmdk,768000,False,persistent,sharingNone,True,False,False,False,normal,1000,0,-1,VMware paravirtual SCSI,Hard disk 2,0:1,1,noSharing,[dev-nfs-02] DEV-APP-017/DEV-APP-017_1.vmdk,,,1,Owner: app-team,,,,DC-East,Dev-Cluster,esx-dev03.corp.example,Dev,Microsoft Windows Server 2019 (64-bit),Microsoft Windows Server 2019 Standard,vm-1236,42ba2aa7f3f81c3106e3f9498cd34c62,vcsa01.corp.example,5f3c9a8e-1b2d-4c7e-9a10-2f6b8d4e7c31
DEV-WEB-018,poweredOn,False,False,Hard disk 1,2000,6000C2966c1056b347c3c463f1bef588,[dev-nfs-01] DEV-WEB-018/DEV-WEB-018.vmdk,40960,False,persistent,sharingNone,True,False,False,False,normal,1000,0,-1,LSI Logic,Hard disk 1,0:0,0,noSharing,[dev-nfs-01] DEV-WEB-018/DEV-WEB-018.vmdk,,,0,,,,,DC-East,Dev-Cluster,esx-dev03.corp.example,Dev,Microsoft Windows Server 2019 (64-bit),Microsoft Windows Server 2019 Standard,vm-1237,4240afbf3df519674d8670bda2224f96,vcsa01.corp.example,5f3c9a8e-1b2d-4c7e-9a10-2f6b8d4e7c31
DEV-FS-019,poweredOn,False,False,Hard disk 1,2000,6000C293028ccae1e0b8773134544a6a,[dev-nfs-01] DEV-FS-019/DEV-FS-019.vmdk,61440,False,persistent,sharingNone,True,False,False,False,normal,1000,0,-1,LSI Logic SAS,Hard disk 1,0:0,0,noSharing,[dev-nfs-01] DEV-FS-019/DEV-FS-019.vmdk,,,0,Owner: app-team,,,,DC-East,Dev-Cluster,esx-dev01.corp.example,Dev,Microsoft Windows Server 2016 or later (64-bit),Microsoft Windows Server 2022 Datacenter,vm-1238,42eb9ed2ec6a37ad81b15db988cc4d49,vcsa01.corp.example,5f3c9a8e-1b2d-4c7e-9a10-2f6b8d4e7c31
DEV-FS-019,poweredOn,False,False,Hard disk 2,2001,6000C2976885ca4740ee7a6e32803153,[dev-nfs-01] DEV-FS-019/DEV-FS-019_1.vmdk,512000,False,persistent,sharingNone,False,True,False,False,normal,1000,0,-1,LSI Logic SAS,Hard disk 2,0:1,1,noSharing,[dev-nfs-01] DEV-FS-019/DEV-FS-019_1.vmdk,,,1,,,,,DC-East,Dev-Cluster,esx-dev01.corp.example,Dev,Microsoft Windows Server 2016 or later (64-bit),Microsoft Windows Server 2022 Datacenter,vm-1238,42eb9ed2ec6a37ad81b15db988cc4d49,vcsa01.corp.example,5f3c9a8e-1b2d-4c7e-9a10-2f6b8d4e7c31
DEV-SQL-020,poweredOn,False,False,Hard disk 1,2000,6000C29f1407a94b0e594ba435ea7f1e,[dev-nfs-02] DEV-SQL-020/DEV-SQL-020.vmdk,81920,False,persistent,sharingNone,True,False,False,False,normal,1000,0,-1,LSI Logic SAS,Hard disk 1,0:0,0,noSharing,[dev-nfs-02] DEV-SQL-020/DEV-SQL-020.vmdk,,,0,,,,,DC-East,Dev-Cluster,esx-dev03.corp.example,Dev,Ubuntu Linux (64-bit),Ubuntu 22.04.4 LTS,vm-1239,423f8c10c4da2c2e1bffa27915c1604f,vcsa01.corp.example,5f3c9a8e-1b2d-4c7e-9a10-2f6b8d4e7c31
DEV-SQL-020,poweredOn,False,False,Hard disk 2,2001,6000C299bc165b0e3b17b288e9052c4b,[dev-nfs-01] DEV-SQL-020/DEV-SQL-020_1.vmdk,102400,False,persistent,sharingNone,False,False,False,False,normal,1000,0,-1,LSI Logic SAS,Hard disk 2,0:1,1,noSharing,[dev-nfs-01] DEV-SQL-020/DEV-SQL-020_1.vmdk,,,1,,,,,DC-East,Dev-Cluster,esx-dev03.corp.example,Dev,Ubuntu Linux (64-bit),Ubuntu 22.04.4 LTS,vm-1239,423f8c10c4da2c2e1bffa27915c1604f,vcsa01.corp.example,5f3c9a8e-1b2d-4c7e-9a10-2f6b8d4e7c31
DEV-SQL-020,poweredOn,False,False,Hard disk 3,2002,6000C2927cd5babed0e99e5d4220f0b6,[dev-nfs-01] DEV-SQL-020/DEV-SQL-020_2.vmdk,256000,False,persistent,sharingNone,True,False,False,False,normal,1000,0,-1,LSI Logic SAS,Hard disk 3,0:2,2,noSharing,[dev-nfs-01] DEV-SQL-020/DEV-SQL-020_2.vmdk,,,2,Owner: app-team,,,,DC-East,Dev-Cluster,esx-dev03.corp.example,Dev,Ubuntu Linux (64-bit),Ubuntu 22.04.4 LTS,vm-1239,423f8c10c4da2c2e1bffa27915c1604f,vcsa01.corp.example,5f3c9a8e-1b2d-4c7e-9a10-2f6b8d4e7c31
DEV-CTX-021,poweredOn,False,False,Hard disk 1,2000,6000C29a424a1f16d4d1bf15ea9219d4,[dev-nfs-02] DEV-CTX-021/DEV-CTX-021.vmdk,61440,False,persistent,sharingNone,True,False,False,False,normal,1000,0,-1,VMware paravirtual SCSI,Hard disk 1,0:0,0,noSharing,[dev-nfs-02] DEV-CTX-021/DEV-CTX-021.vmdk,,,0,,,,,DC-East,Dev-Cluster,esx-dev01.corp.example,Dev,Microsoft Windows Server 2016 (64-bit),Microsoft Windows Server 2016 Standard,vm-1240,42f7393654e38579c0afd193f780ef2f,vcsa01.corp.example,5f3c9a8e-1b2d-4c7e-9a10-2f6b8d4e7c31
DEV-CTX-021,poweredOn,False,False,Hard disk 2,2001,6000C29fc6b44036baca2a87766afbe7,[dev-nfs-02] DEV-CTX-021/DEV-CTX-021_1.vmdk,2048000,False,persistent,sharingNone,True,False,False,False,normal,1000,0,-1,VMware paravirtual SCSI,Hard disk 2,0:1,1,noSharing,[dev-nfs-02] DEV-CTX-021/DEV-CTX-021_1.vmdk,,,1,Owner: app-team,,,,DC-East,Dev-Cluster,esx-dev01.corp.example,Dev,Microsoft Windows Server 2016 (64-bit),Microsoft Windows Server 2016 Standard,vm-1240,42f7393654e38579c0afd193f780ef2f,vcsa01.corp.example,5f3c9a8e-1b2d-4c7e-9a10-2f6b8d4e7c31
DEV-WEB-022,poweredOn,False,False,Hard disk 1,2000,6000C29856e80e7e25f979cda1010d68,[dev-nfs-02] DEV-WEB-022/DEV-WEB-022.vmdk,81920,False,persistent,sharingNone,False,False,False,False,normal,1000,0,-1,LSI Logic SAS,Hard disk 1,0:0,0,noSharing,[dev-nfs-02] DEV-WEB-022/DEV-WEB-022.vmdk,,,0,,,,,DC-East,Dev-Cluster,esx-dev01.corp.example,Dev,Microsoft Windows Server 2016 (64-bit),Microsoft Windows Server 2016 Standard,vm-1241,425fc64c721e8b1f389589399342a09f,vcsa01.corp.example,5f3c9a8e-1b2d-4c7e-9a10-2f6b8d4e7c31
DEV-WEB-022,poweredOn,False,False,Hard disk 2,2001,6000C29527d23eca2e0c881c10682337,[dev-nfs-01] DEV-WEB-022/DEV-WEB-022_1.vmdk,2048000,False,persistent,sharingNone,True,False,False,False,normal,1000,0,-1,LSI Logic SAS,Hard disk 2,0:1,1,noSharing,[dev-nfs-01] DEV-WEB-022/DEV-WEB-022_1.vmdk,,,1,,,,,DC-East,Dev-Cluster,esx-dev01.corp.example,Dev,Microsoft Windows Server 2016 (64-bit),Microsoft Windows Server 2016 Standard,vm-1241,425fc64c721e8b1f389589399342a09f,vcsa01.corp.example,5f3c9a8e-1b2d-4c7e-9a10-2f6b8d4e7c31
DEV-WEB-022,poweredOn,False,False,Hard disk 3,2002,6000C29c95be2ff6f4ae5a44cd7b6acd,[dev-nfs-02] DEV-WEB-022/DEV-WEB-022_2.vmdk,204800,False,persistent,sharingNone,False,True,False,False,normal,1000,0,-1,LSI Logic SAS,Hard disk 3,0:2,2,noSharing,[dev-nfs-02] DEV-WEB-022/DEV-WEB-022_2.vmdk,,,2,,,,,DC-East,Dev-Cluster,esx-dev01.corp.example,Dev,Microsoft Windows Server 2016 (64-bit),Microsoft Windows Server 2016 Standard,vm-1241,425fc64c721e8b1f389589399342a09f,vcsa01.corp.example,5f3c9a8e-1b2d-4c7e-9a10-2f6b8d4e7c31
DEV-SVC-023,poweredOn,False,False,Hard disk 1,2000,6000C29f58be6c14b26752853c573da8,[dev-nfs-02] DEV-SVC-023/DEV-SVC-023.vmdk,81920,False,persistent,sharingNone,True,False,False,False,normal,1000,0,-1,LSI Logic,Hard disk 1,0:0,0,noSharing,[dev-nfs-02] DEV-SVC-023/DEV-SVC-023.vmdk,,,0,,,,,DC-East,Dev-Cluster,esx-dev01.corp.example,Dev,Microsoft Windows Server 2016 or later (64-bit),Microsoft Windows Server 2022 Datacenter,vm-1242,4215fa94f633cc2deba900e16a7d5d96,vcsa01.corp.example,5f3c9a8e-1b2d-4c7e-9a10-2f6b8d4e7c31
DEV-SVC-023,poweredOn,False,False,Hard disk 2,2001,6000C29beb10052aceadfe1b6a7a4ce6,[dev-nfs-02] DEV-SVC-023/DEV-SVC-023_1.vmdk,2048000,False,persistent,sharingNone,True,False,False,False,normal,1000,0,-1,LSI Logic,Hard disk 2,0:1,1,noSharing,[dev-nfs-02] DEV-SVC-023/DEV-SVC-023_1.vmdk,,,1,,,,,DC-East,Dev-Cluster,esx-dev01.corp.example,Dev,Microsoft Windows Server 2016 or later (64-bit),Microsoft Windows Server 2022 Datacenter,vm-1242,4215fa94f633cc2deba900e16a7d5d96,vcsa01.corp.example,5f3c9a8e-1b2d-4c7e-9a10-2f6b8d4e7c31
DEV-WEB-024,poweredOn,False,False,Hard disk 1,2000,6000C2971c011cb5c3aa59efe5bbffb9,[dev-nfs-02] DEV-WEB-024/DEV-WEB-024.vmdk,81920,False,persistent,sharingNone,False,False,False,False,normal,1000,0,-1,LSI Logic SAS,Hard disk 1,0:0,0,noSharing,[dev-nfs-02] DEV-WEB-024/DEV-WEB-024.vmdk,,,0,Owner: app-team,,,,DC-East,Dev-Cluster,esx-dev02.corp.example,Dev,Microsoft Windows Server 2016 or later (64-bit),Microsoft Windows Server 2022 Datacenter,vm-1243,42b8d498702ba49f18fdd2b979e5c9aa,vcsa01.corp.example,5f3c9a8e-1b2d-4c7e-9a10-2f6b8d4e7c31
DEV-APP-025,poweredOn,False,False,Hard disk 1,2000,6000C293f546f5eed9996d9d61eb8774,[dev-nfs-02] DEV-APP-025/DEV-APP-025.vmdk,40960,False,persistent,sharingNone,True,False,False,False,normal,1000,0,-1,VMware paravirtual SCSI,Hard disk 1,0:0,0,noSharing,[dev-nfs-02] DEV-APP-025/DEV-APP-025.vmdk,,,0,,,,,DC-East,Dev-Cluster,esx-dev03.corp.example,Dev,Microsoft Windows Server 2019 (64-bit),Microsoft Windows Server 2019 Standard,vm-1244,42fbe0e6ee0f65a82a131c1fccd015c1,vcsa01.corp.example,5f3c9a8e-1b2d-4c7e-9a10-2f6b8d4e7c31
DEV-APP-025,poweredOn,False,False,Hard disk 2,2001,6000C29b0062cf68bc6699ffbd731fcc,[dev-nfs-02] DEV-APP-025/DEV-APP-025_1.vmdk,2048000,False,persistent,sharingNone,True,False,False,False,normal,1000,0,-1,VMware paravirtual SCSI,Hard disk 2,0:1,1,noSharing,[dev-nfs-02] DEV-APP-025/DEV-APP-025_1.vmdk,,,1,,,,,DC-East,Dev-Cluster,esx-dev03.corp.example,Dev,Microsoft Windows Server 2019 (64-bit),Microsoft Windows Server 2019 Standard,vm-1244,42fbe0e6ee0f65a82a131c1fccd015c1,vcsa01.corp.example,5f3c9a8e-1b2d-4c7e-9a10-2f6b8d4e7c31
DEV-APP-026,poweredOn,False,False,Hard disk 1,2000,6000C29a81eaa853c415a46760a55b8e,[dev-nfs-01] DEV-APP-026/DEV-APP-026.vmdk,81920,False,persistent,sharingNone,True,False,False,False,normal,1000,0,-1,LSI Logic,Hard disk 1,0:0,0,noSharing,[dev-nfs-01] DEV-APP-026/DEV-APP-026.vmdk,,,0,,,,,DC-East,Dev-Cluster,esx-dev02.corp.example,Dev,Microsoft Windows Server 2016 (64-bit),Microsoft Windows Server 2016 Standard,vm-1245,42a3f66c2fb70dab2f383b43a137f8e4,vcsa01.corp.example,5f3c9a8e-1b2d-4c7e-9a10-2f6b8d4e7c31
DEV-APP-026,poweredOn,False,False,Hard disk 2,2001,6000C295dffd1d40c41e63d49cb11b59,[dev-nfs-01] DEV-APP-026/DEV-APP-026_1.vmdk,1024000,False,persistent,sharingNone,True,False,False,False,normal,1000,0,-1,LSI Logic,Hard disk 2,0:1,1,noSharing,[dev-nfs-01] DEV-APP-026/DEV-APP-026_1.vmdk,,,1,Owner: app-team,,,,DC-East,Dev-Cluster,esx-dev02.corp.example,Dev,Microsoft Windows Server 2016 (64-bit),Microsoft Windows Server 2016 Standard,vm-1245,42a3f66c2fb70dab2f383b43a137f8e4,vcsa01.corp.example,5f3c9a8e-1b2d-4c7e-9a10-2f6b8d4e7c31
DEV-APP-026,poweredOn,False,False,Hard disk 3,2002,6000C2947f30976172bce91aae8f191f,[dev-nfs-01] DEV-APP-026/DEV-APP-026_2.vmdk,2048000,False,persistent,sharingNone,False,False,False,False,normal,1000,0,-1,LSI Logic,Hard disk 3,0:2,2,noSharing,[dev-nfs-01] DEV-APP-026/DEV-APP-026_2.vmdk,,,2,,,,,DC-East,Dev-Cluster,esx-dev02.corp.example,Dev,Microsoft Windows Server 2016 (64-bit),Microsoft Windows Server 2016 Standard,vm-1245,42a3f66c2fb70dab2f383b43a137f8e4,vcsa01.corp.example,5f3c9a8e-1b2d-4c7e-9a10-2f6b8d4e7c31
DEV-CTX-027,poweredOn,False,False,Hard disk 1,2000,6000C298596b0c6f663cf258e2c53f4d,[dev-nfs-02] DEV-CTX-027/DEV-CTX-027.vmdk,81920,False,persistent,sharingNone,True,False,False,False,normal,1000,0,-1,LSI Logic SAS,Hard disk 1,0:0,0,noSharing,[dev-nfs-02] DEV-CTX-027/DEV-CTX-027.vmdk,,,0,Owner: app-team,,,,DC-East,Dev-Cluster,esx-dev01.corp.example,Dev,Microsoft Windows Server 2016 or later (64-bit),Microsoft Windows Server 2022 Datacenter,vm-1246,42c0986747419b4834ae4abd36fce0ac,vcsa01.corp.example,5f3c9a8e-1b2d-4c7e-9a10-2f6b8d4e7c31
DEV-CTX-027,poweredOn,False,False,Hard disk 2,2001,6000C29022421baa9ac62e25cf3cc829,[dev-nfs-02] DEV-CTX-027/DEV-CTX-027_1.vmdk,1024000,False,persistent,sharingNone,True,False,False,False,normal,1000,0,-1,LSI Logic SAS,Hard disk 2,0:1,1,noSharing,[dev-nfs-02] DEV-CTX-027/DEV-CTX-027_1.vmdk,,,1,,,,,DC-East,Dev-Cluster,esx-dev01.corp.example,Dev,Microsoft Windows Server 2016 or later (64-bit),Microsoft Windows Server 2022 Datacenter,vm-1246,42c0986747419b4834ae4abd36fce0ac,vcsa01.corp.example,5f3c9a8e-1b2d-4c7e-9a10-2f6b8d4e7c31
DEV-APP-028,poweredOn,False,False,Hard disk 1,2000,6000C296a5500af12777a40bcff716ad,[dev-nfs-01] DEV-APP-028/DEV-APP-028.vmdk,40960,False,persistent,sharingNone,True,False,False,False,normal,1000,0,-1,VMware paravirtual SCSI,Hard disk 1,0:0,0,noSharing,[dev-nfs-01] DEV-APP-028/DEV-APP-028.vmdk,,,0,Owner: app-team,,,,DC-East,Dev-Cluster,esx-dev03.corp.example,Dev,Microsoft Windows Server 2019 (64-bit),Microsoft Windows Server 2019 Standard,vm-1247,427d4ed2dcd5bfaeabb316a743299780,vcsa01.corp.example,5f3c9a8e-1b2d-4c7e-9a10-2f6b8d4e7c31
DEV-APP-028,poweredOn,False,False,Hard disk 2,2001,6000C29a4bf1d7a8b9042b4e9f571ce3,[dev-nfs-01] DEV-APP-028/DEV-APP-028_1.vmdk,512000,False,persistent,sharingNone,True,False,False,False,normal,1000,0,-1,VMware paravirtual SCSI,Hard disk 2,0:1,1,noSharing,[dev-nfs-01] DEV-APP-028/DEV-APP-028_1.vmdk,,,1,,,,,DC-East,Dev-Cluster,esx-dev03.corp.example,Dev,Microsoft Windows Server 2019 (64-bit),Microsoft Windows Server 2019 Standard,vm-1247,427d4ed2dcd5bfaeabb316a743299780,vcsa01.corp.example,5f3c9a8e-1b2d-4c7e-9a10-2f6b8d4e7c31
DEV-APP-028,poweredOn,False,False,Hard disk 3,2002,6000C2966e74745d0af15cc22e0cf801,[dev-nfs-01] DEV-APP-028/DEV-APP-028_2.vmdk,102400,False,persistent,sharingNone,True,False,False,False,normal,1000,0,-1,VMware paravirtual SCSI,Hard disk 3,0:2,2,noSharing,[dev-nfs-01] DEV-APP-028/DEV-APP-028_2.vmdk,,,2,Owner: app-team,,,,DC-East,Dev-Cluster,esx-dev03.corp.example,Dev,Microsoft Windows Server 2019 (64-bit),Microsoft Windows Server 2019 Standard,vm-1247,427d4ed2dcd5bfaeabb316a743299780,vcsa01.corp.example,5f3c9a8e-1b2d-4c7e-9a10-2f6b8d4e7c31
DEV-FS-029,poweredOn,False,False,Hard disk 1,2000,6000C29126defcafd9ba9cdb2d4177f0,[dev-nfs-01] DEV-FS-029/DEV-FS-029.vmdk,102400,False,persistent,sharingNone,False,False,False,False,normal,1000,0,-1,VMware paravirtual SCSI,Hard disk 1,0:0,0,noSharing,[dev-nfs-01] DEV-FS-029/DEV-FS-029.vmdk,,,0,,,,,DC-East,Dev-Cluster,esx-dev03.corp.example,Dev,Microsoft Windows Server 2016 or later (64-bit),Microsoft Windows Server 2022 Datacenter,vm-1248,42d051262c2ac34b9e0b7b01753659ef,vcsa01.corp.example,5f3c9a8e-1b2d-4c7e-9a10-2f6b8d4e7c31
DEV-CTX-030,poweredOn,False,False,Hard disk 1,2000,6000C2988e67d7d8431bdc7053a3b34e,[dev-nfs-01] DEV-CTX-030/DEV-CTX-030.vmdk,81920,False,persistent,sharingNone,True,False,False,False,normal,1000,0,-1,LSI Logic SAS,Hard disk 1,0:0,0,noSharing,[dev-nfs-01] DEV-CTX-030/DEV-CTX-030.vmdk,,,0,Owner: app-team,,,,DC-East,Dev-Cluster,esx-dev03.corp.example,Dev,Microsoft Windows Server 2019 (64-bit),Microsoft Windows Server 2019 Standard,vm-1249,425f90fc2edc017e1df05d184e2d6255,vcsa01.corp.example,5f3c9a8e-1b2d-4c7e-9a10-2f6b8d4e7c31
DEV-CTX-030,poweredOn,False,False,Hard disk 2,2001,6000C29c4e3b744ffd236d284f2e8a08,[dev-nfs-01] DEV-CTX-030/DEV-CTX-030_1.vmdk,2048000,False,persistent,sharingNone,True,False,False,False,normal,1000,0,-1,LSI Logic SAS,Hard disk 2,0:1,1,noSharing,[dev-nfs-01] DEV-CTX-030/DEV-CTX-030_1.vmdk,,,1,Owner: app-team,,,,DC-East,Dev-Cluster,esx-dev03.corp.example,Dev,Microsoft Windows Server 2019 (64-bit),Microsoft Windows Server 2019 Standard,vm-1249,425f90fc2edc017e1df05d184e2d6255,vcsa01.corp.example,5f3c9a8e-1b2d-4c7e-9a10-2f6b8d4e7c31
DEV-CTX-031,poweredOn,False,False,Hard disk 1,2000,6000C294bfba290b66383fa3dec67e8f,[dev-nfs-01] DEV-CTX-031/DEV-CTX-031.vmdk,61440,False,persistent,sharingNone,True,False,False,False,normal,1000,0,-1,VMware paravirtual SCSI,Hard disk 1,0:0,0,noSharing,[dev-nfs-01] DEV-CTX-031/DEV-CTX-031.vmdk,,,0,,,,,DC-East,Dev-Cluster,esx-dev01.corp.example,Dev,Microsoft Windows Server 2016 (64-bit),Microsoft Windows Server 2016 Standard,vm-1250,42a52fc3eb4e2281b184d1fc8991b01a,vcsa01.corp.example,5f3c9a8e-1b2d-4c7e-9a10-2f6b8d4e7c31
DEV-RDS-032,poweredOn,False,False,Hard disk 1,2000,6000C29c378a91e6882a6ff540c063fc,[dev-nfs-02] DEV-RDS-032/DEV-RDS-032.vmdk,102400,False,persistent,sharingNone,True,False,False,False,normal,1000,0,-1,VMware paravirtual SCSI,Hard disk 1,0:0,0,noSharing,[dev-nfs-02] DEV-RDS-032/DEV-RDS-032.vmdk,,,0,,,,,DC-East,Dev-Cluster,esx-dev02.corp.example,Dev,Microsoft Windows Server 2019 (64-bit),Microsoft Windows Server 2019 Standard,vm-1251,4202740ff3abea0d5be9fdb3dd92dd7c,vcsa01.corp.example,5f3c9a8e-1b2d-4c7e-9a10-2f6b8d4e7c31
DEV-RDS-032,poweredOn,False,False,Hard disk 2,2001,6000C29f7c501ef8bb94c73b480a202f,[dev-nfs-02] DEV-RDS-032/DEV-RDS-032_1.vmdk,512000,False,persistent,sharingNone,True,False,False,False,normal,1000,0,-1,VMware paravirtual SCSI,Hard disk 2,0:1,1,noSharing,[dev-nfs-02] DEV-RDS-032/DEV-RDS-032_1.vmdk,,,1,,,,,DC-East,Dev-Cluster,esx-dev02.corp.example,Dev,Microsoft Windows Server 2019 (64-bit),Microsoft Windows Server 2019 Standard,vm-1251,4202740ff3abea0d5be9fdb3dd92dd7c,vcsa01.corp.example,5f3c9a8e-1b2d-4c7e-9a10-2f6b8d4e7c31
DEV-RDS-032,poweredOn,False,False,Hard disk 3,2002,6000C29dc5c19ddb917f8389e14602b4,[dev-nfs-02] DEV-RDS-032/DEV-RDS-032_2.vmdk,768000,False,persistent,sharingNone,False,True,False,False,normal,1000,0,-1,VMware paravirtual SCSI,Hard disk 3,0:2,2,noSharing,[dev-nfs-02] DEV-RDS-032/DEV-RDS-032_2.vmdk,,,2,,,,,DC-East,Dev-Cluster,esx-dev02.corp.example,Dev,Microsoft Windows Server 2019 (64-bit),Microsoft Windows Server 2019 Standard,vm-1251,4202740ff3abea0d5be9fdb3dd92dd7c,vcsa01.corp.example,5f3c9a8e-1b2d-4c7e-9a10-2f6b8d4e7c31
DEV-SVC-033,poweredOn,False,False,Hard disk 1,2000,6000C292bec094b8b02d25b4bcccd4b3,[dev-nfs-01] DEV-SVC-033/DEV-SVC-033.vmdk,102400,False,persistent,sharingNone,True,False,False,False,normal,1000,0,-1,VMware paravirtual SCSI,Hard disk 1,0:0,0,noSharing,[dev-nfs-01] DEV-SVC-033/DEV-SVC-033.vmdk,,,0,,,,,DC-East,Dev-Cluster,esx-dev03.corp.example,Dev,Microsoft Windows Server 2016 (64-bit),Microsoft Windows Server 2016 Standard,vm-1252,422ad11f7d1b695e71a0449dd703262f,vcsa01.corp.example,5f3c9a8e-1b2d-4c7e-9a10-2f6b8d4e7c31
DEV-APP-034,poweredOn,False,False,Hard disk 1,2000,6000C295ef70f8b6007d3d37b5b46dcd,[dev-nfs-01] DEV-APP-034/DEV-APP-034.vmdk,61440,False,persistent,sharingNone,False,False,False,False,normal,1000,0,-1,VMware paravirtual SCSI,Hard disk 1,0:0,0,noSharing,[dev-nfs-01] DEV-APP-034/DEV-APP-034.vmdk,,,0,,,,,DC-East,Dev-Cluster,esx-dev02.corp.example,Dev,Microsoft Windows Server 2019 (64-bit),Microsoft Windows Server 2019 Standard,vm-1253,42c4134dc5c5ae8abe15ad1290ce77e9,vcsa01.corp.example,5f3c9a8e-1b2d-4c7e-9a10-2f6b8d4e7c31
DEV-APP-035,poweredOn,False,False,Hard disk 1,2000,6000C298df40ae0ae1cbad8534f17153,[dev-nfs-01] DEV-APP-035/DEV-APP-035.vmdk,102400,False,persistent,sharingNone,True,False,False,False,normal,1000,0,-1,LSI Logic SAS,Hard disk 1,0:0,0,noSharing,[dev-nfs-01] DEV-APP-035/DEV-APP-035.vmdk,,,0,,,,,DC-East,Dev-Cluster,esx-dev02.corp.example,Dev,Red Hat Enterprise Linux 8 (64-bit),Red Hat Enterprise Linux 8.8 (Ootpa),vm-1254,4270fd66b80f16c5c28fa16b0aa6fcb9,vcsa01.corp.example,5f3c9a8e-1b2d-4c7e-9a10-2f6b8d4e7c31
DEV-APP-035,poweredOn,False,False,Hard disk 2,2001,6000C29eca23792cac55317362a73ff5,[dev-nfs-01] DEV-APP-035/DEV-APP-035_1.vmdk,102400,False,persistent,sharingNone,True,False,False,False,normal,1000,0,-1,LSI Logic SAS,Hard disk 2,0:1,1,noSharing,[dev-nfs-01] DEV-APP-035/DEV-APP-035_1.vmdk,,,1,,,,,DC-East,Dev-Cluster,esx-dev02.corp.example,Dev,Red Hat Enterprise Linux 8 (64-bit),Red Hat Enterprise Linux 8.8 (Ootpa),vm-1254,4270fd66b80f16c5c28fa16b0aa6fcb9,vcsa01.corp.example,5f3c9a8e-1b2d-4c7e-9a10-2f6b8d4e7c31
DEV-APP-035,poweredOn,False,False,Hard disk 3,2002,6000C2967bd0a126d086d4d636e8d3bd,[dev-nfs-01] DEV-APP-035/DEV-APP-035_2.vmdk,102400,False,persistent,sharingNone,True,False,False,False,normal,1000,0,-1,LSI Logic SAS,Hard disk 3,0:2,2,noSharing,[dev-nfs-01] DEV-APP-035/DEV-APP-035_2.vmdk,,,2,,,,,DC-East,Dev-Cluster,esx-dev02.corp.example,Dev,Red Hat Enterprise Linux 8 (64-bit),Red Hat Enterprise Linux 8.8 (Ootpa),vm-1254,4270fd66b80f16c5c28fa16b0aa6fcb9,vcsa01.corp.example,5f3c9a8e-1b2d-4c7e-9a10-2f6b8d4e7c31
DEV-WEB-036,poweredOn,False,False,Hard disk 1,2000,6000C293282767c0ca85a82c817ed3f4,[dev-nfs-02] DEV-WEB-036/DEV-WEB-036.vmdk,81920,False,persistent,sharingNone,False,True,False,False,normal,1000,0,-1,VMware paravirtual SCSI,Hard disk 1,0:0,0,noSharing,[dev-nfs-02] DEV-WEB-036/DEV-WEB-036.vmdk,,,0,,,,,DC-East,Dev-Cluster,esx-dev02.corp.example,Dev,CentOS 7 (64-bit),CentOS Linux 7 (Core),vm-1255,427066e2164484a0d1151fffdcb91d5f,vcsa01.corp.example,5f3c9a8e-1b2d-4c7e-9a10-2f6b8d4e7c31
DEV-CTX-037,poweredOn,False,False,Hard disk 1,2000,6000C2977b769a50e54984aef3e205de,[dev-nfs-02] DEV-CTX-037/DEV-CTX-037.vmdk,81920,False,persistent,sharingNone,False,False,False,False,normal,1000,0,-1,LSI Logic,Hard disk 1,0:0,0,noSharing,[dev-nfs-02] DEV-CTX-037/DEV-CTX-037.vmdk,,,0,,,,,DC-East,Dev-Cluster,esx-dev03.corp.example,Dev,Microsoft Windows Server 2016 or later (64-bit),Microsoft Windows Server 2022 Datacenter,vm-1256,42c8ebe223a4e70e9dbc15c02a7dc57c,vcsa01.corp.example,5f3c9a8e-1b2d-4c7e-9a10-2f6b8d4e7c31
DEV-CTX-037,poweredOn,False,False,Hard disk 2,2001,6000C29c6c286e650b1f7526a69083d0,[dev-nfs-02] DEV-CTX-037/DEV-CTX-037_1.vmdk,256000,False,persistent,sharingNone,True,False,False,False,normal,1000,0,-1,LSI Logic,Hard disk 2,0:1,1,noSharing,[dev-nfs-02] DEV-CTX-037/DEV-CTX-037_1.vmdk,,,1,,,,,DC-East,Dev-Cluster,esx-dev03.corp.example,Dev,Microsoft Windows Server 2016 or later (64-bit),Microsoft Windows Server 2022 Datacenter,vm-1256,42c8ebe223a4e70e9dbc15c02a7dc57c,vcsa01.corp.example,5f3c9a8e-1b2d-4c7e-9a10-2f6b8d4e7c31
DEV-CTX-037,poweredOn,False,False,Hard disk 3,2002,6000C29294fe0779d355652e5ec7a8f6,[dev-nfs-02] DEV-CTX-037/DEV-CTX-037_2.vmdk,256000,False,persistent,sharingNone,True,False,False,False,normal,1000,0,-1,LSI Logic,Hard disk 3,0:2,2,noSharing,[dev-nfs-02] DEV-CTX-037/DEV-CTX-037_2.vmdk,,,2,Owner: app-team,,,,DC-East,Dev-Cluster,esx-dev03.corp.example,Dev,Microsoft Windows Server 2016 or later (64-bit),Microsoft Windows Server 2022 Datacenter,vm-1256,42c8ebe223a4e70e9dbc15c02a7dc57c,vcsa01.corp.example,5f3c9a8e-1b2d-4c7e-9a10-2f6b8d4e7c31
DEV-SQL-038,poweredOn,False,False,Hard disk 1,2000,6000C29a5995e5f44c8545c1b159f8a4,[dev-nfs-02] DEV-SQL-038/DEV-SQL-038.vmdk,40960,False,persistent,sharingNone,False,False,False,False,normal,1000,0,-1,LSI Logic SAS,Hard disk 1,0:0,0,noSharing,[dev-nfs-02] DEV-SQL-038/DEV-SQL-038.vmdk,,,0,,,,,DC-East,Dev-Cluster,esx-dev03.corp.example,Dev,Microsoft Windows Server 2016 or later (64-bit),Microsoft Windows Server 2022 Datacenter,vm-1257,42929ecc4a11be444aea1b8fb43cde0a,vcsa01.corp.example,5f3c9a8e-1b2d-4c7e-9a10-2f6b8d4e7c31
DEV-APP-039,suspended,False,False,Hard disk 1,2000,6000C292c3831cda626cc54d88ab7afd,[dev-nfs-01] DEV-APP-039/DEV-APP-039.vmdk,61440,False,persistent,sharingNone,True,False,False,False,normal,1000,0,-1,VMware paravirtual SCSI,Hard disk 1,0:0,0,noSharing,[dev-nfs-01] DEV-APP-039/DEV-APP-039.vmdk,,,0,,,,,DC-East,Dev-Cluster,esx-dev01.corp.example,Dev,SUSE Linux Enterprise 15 (64-bit),,vm-1258,42b390b0207bbe21a7e8d18eddf6d4ac,vcsa01.corp.example,5f3c9a8e-1b2d-4c7e-9a10-2f6b8d4e7c31
DEV-APP-039,suspended,False,False,Hard disk 2,2001,6000C291d455b87e932290235a995017,[dev-nfs-01] DEV-APP-039/DEV-APP-039_1.vmdk,768000,False,persistent,sharingNone,True,False,False,False,normal,1000,0,-1,VMware paravirtual SCSI,Hard disk 2,0:1,1,noSharing,[dev-nfs-01] DEV-APP-039/DEV-APP-039_1.vmdk,,,1,Owner: app-team,,,,DC-East,Dev-Cluster,esx-dev01.corp.example,Dev,SUSE Linux Enterprise 15 (64-bit),,vm-1258,42b390b0207bbe21a7e8d18eddf6d4ac,vcsa01.corp.example,5f3c9a8e-1b2d-4c7e-9a10-2f6b8d4e7c31
DEV-SQL-040,poweredOn,False,False,Hard disk 1,2000,6000C297a09d63de44a3521a71eeea51,[dev-nfs-01] DEV-SQL-040/DEV-SQL-040.vmdk,102400,False,persistent,sharingNone,True,False,False,False,normal,1000,0,-1,VMware paravirtual SCSI,Hard disk 1,0:0,0,noSharing,[dev-nfs-01] DEV-SQL-040/DEV-SQL-040.vmdk,,,0,Owner: app-team,,,,DC-East,Dev-Cluster,esx-dev01.corp.example,Dev,Red Hat Enterprise Linux 8 (64-bit),Red Hat Enterprise Linux 8.8 (Ootpa),vm-1259,42a0b85744caa5a2a1e518a293d228d4,vcsa01.corp.example,5f3c9a8e-1b2d-4c7e-9a10-2f6b8d4e7c31
DEV-SQL-040,poweredOn,False,False,Hard disk 2,2001,6000C2996c4d1810697935329e0a294e,[dev-nfs-01] DEV-SQL-040/DEV-SQL-040_1.vmdk,512000,False,persistent,sharingNone,False,False,False,False,normal,1000,0,-1,VMware paravirtual SCSI,Hard disk 2,0:1,1,noSharing,[dev-nfs-01] DEV-SQL-040/DEV-SQL-040_1.vmdk,,,1,,,,,DC-East,Dev-Cluster,esx-dev01.corp.example,Dev,Red Hat Enterprise Linux 8 (64-bit),Red Hat Enterprise Linux 8.8 (Ootpa),vm-1259,42a0b85744caa5a2a1e518a293d228d4,vcsa01.corp.example,5f3c9a8e-1b2d-4c7e-9a10-2f6b8d4e7c31
DEV-APP-041,poweredOn,False,False,Hard disk 1,2000,6000C299cd7f9010318beb4e8251afd9,[dev-nfs-02] DEV-APP-041/DEV-APP-041.vmdk,102400,False,persistent,sharingNone,True,False,False,False,normal,1000,0,-1,VMware paravirtual SCSI,Hard disk 1,0:0,0,noSharing,[dev-nfs-02] DEV-APP-041/DEV-APP-041.vmdk,,,0,,,,,DC-East,Dev-Cluster,esx-dev02.corp.example,Dev,Microsoft Windows Server 2016 (64-bit),Microsoft Windows Server 2016 Standard,vm-1260,4200a21394fb09f053c93ae77cf07bb3,vcsa01.corp.example,5f3c9a8e-1b2d-4c7e-9a10-2f6b8d4e7c31
DEV-APP-041,poweredOn,False,False,Hard disk 2,2001,6000C2961ccfb86d4d617ffbd8d3ac89,[dev-nfs-02] DEV-APP-041/DEV-APP-041_1.vmdk,256000,False,persistent,sharingNone,True,False,False,False,normal,1000,0,-1,VMware paravirtual SCSI,Hard disk 2,0:1,1,noSharing,[dev-nfs-02] DEV-APP-041/DEV-APP-041_1.vmdk,,,1,,,,,DC-East,Dev-Cluster,esx-dev02.corp.example,Dev,Microsoft Windows Server 2016 (64-bit),Microsoft Windows Server 2016 Standard,vm-1260,4200a21394fb09f053c93ae77cf07bb3,vcsa01.corp.example,5f3c9a8e-1b2d-4c7e-9a10-2f6b8d4e7c31
DEV-RDS-042,poweredOn,False,False,Hard disk 1,2000,6000C290e036f00d64fdda37ce635ae0,[dev-nfs-01] DEV-RDS-042/DEV-RDS-042.vmdk,102400,False,persistent,sharingNone,False,True,False,False,normal,1000,0,-1,LSI Logic SAS,Hard disk 1,0:0,0,noSharing,[dev-nfs-01] DEV-RDS-042/DEV-RDS-042.vmdk,,,0,,,,,DC-East,Dev-Cluster,esx-dev03.corp.example,Dev,Microsoft Windows Server 2012 (64-bit),Microsoft Windows Server 2012 R2 Standard,vm-1261,426dfd17f7d7465d37c3b3c965d0b517,vcsa01.corp.example,5f3c9a8e-1b2d-4c7e-9a10-2f6b8d4e7c31
DEV-RDS-042,poweredOn,False,False,Hard disk 2,2001,6000C29ed5f00f271e46c88e2bc030e4,[dev-nfs-01] DEV-RDS-042/DEV-RDS-042_1.vmdk,2048000,False,persistent,sharingNone,True,False,False,False,normal,1000,0,-1,LSI Logic SAS,Hard disk 2,0:1,1,noSharing,[dev-nfs-01] DEV-RDS-042/DEV-RDS-042_1.vmdk,,,1,,,,,DC-East,Dev-Cluster,esx-dev03.corp.example,Dev,Microsoft Windows Server 2012 (64-bit),Microsoft Windows Server 2012 R2 Standard,vm-1261,426dfd17f7d7465d37c3b3c965d0b517,vcsa01.corp.example,5f3c9a8e-1b2d-4c7e-9a10-2f6b8d4e7c31
DEV-WEB-043,poweredOn,False,False,Hard disk 1,2000,6000C290cdf392f9aa6cfab9dffbad37,[dev-nfs-01] DEV-WEB-043/DEV-WEB-043.vmdk,81920,False,persistent,sharingNone,False,False,False,False,normal,1000,0,-1,VMware paravirtual SCSI,Hard disk 1,0:0,0,noSharing,[dev-nfs-01] DEV-WEB-043/DEV-WEB-043.vmdk,,,0,,,,,DC-East,Dev-Cluster,esx-dev02.corp.example,Dev,Microsoft Windows Server 2016 (64-bit),Microsoft Windows Server 2016 Standard,vm-1262,42aebbb9e4e751de57ff51d9c9ce44bd,vcsa01.corp.example,5f3c9a8e-1b2d-4c7e-9a10-2f6b8d4e7c31
DEV-WEB-043,poweredOn,False,False,Hard disk 2,2001,6000C298d096f682aab09b084e1c6d6a,[dev-nfs-01] DEV-WEB-043/DEV-WEB-043_1.vmdk,51200,False,persistent,sharingNone,True,False,False,False,normal,1000,0,-1,VMware paravirtual SCSI,Hard disk 2,0:1,1,noSharing,[dev-nfs-01] DEV-WEB-043/DEV-WEB-043_1.vmdk,,,1,,,,,DC-East,Dev-Cluster,esx-dev02.corp.example,Dev,Microsoft Windows Server 2016 (64-bit),Microsoft Windows Server 2016 Standard,vm-1262,42aebbb9e4e751de57ff51d9c9ce44bd,vcsa01.corp.example,5f3c9a8e-1b2d-4c7e-9a10-2f6b8d4e7c31
DEV-WEB-043,poweredOn,False,False,Hard disk 3,2002,6000C297bca50ac2985235359e6d3d62,[dev-nfs-01] DEV-WEB-043/DEV-WEB-043_2.vmdk,2048000,False,persistent,sharingNone,True,False,False,False,normal,1000,0,-1,VMware paravirtual SCSI,Hard disk 3,0:2,2,noSharing,[dev-nfs-01] DEV-WEB-043/DEV-WEB-043_2.vmdk,,,2,Owner: app-team,,,,DC-East,Dev-Cluster,esx-dev02.corp.example,Dev,Microsoft Windows Server 2016 (64-bit),Microsoft Windows Server 2016 Standard,vm-1262,42aebbb9e4e751de57ff51d9c9ce44bd,vcsa01.corp.example,5f3c9a8e-1b2d-4c7e-9a10-2f6b8d4e7c31
DEV-RDS-044,poweredOn,False,False,Hard disk 1,2000,6000C29e9798b4e01a110a4f673e79fe,[dev-nfs-01] DEV-RDS-044/DEV-RDS-044.vmdk,81920,False,persistent,sharingNone,False,False,False,False,normal,1000,0,-1,LSI Logic,Hard disk 1,0:0,0,noSharing,[dev-nfs-01] DEV-RDS-044/DEV-RDS-044.vmdk,,,0,,,,,DC-East,Dev-Cluster,esx-dev01.corp.example,Dev,Microsoft Windows Server 2019 (64-bit),Microsoft Windows Server 2019 Standard,vm-1263,4233cb206d84414df54191eafde91c42,vcsa01.corp.example,5f3c9a8e-1b2d-4c7e-9a10-2f6b8d4e7c31
DEV-RDS-044,poweredOn,False,False,Hard disk 2,2001,6000C293a521f3ae5b1bab8d98b04e7a,[dev-nfs-01] DEV-RDS-044/DEV-RDS-044_1.vmdk,768000,False,persistent,sharingNone,True,False,False,False,normal,1000,0,-1,LSI Logic,Hard disk 2,0:1,1,noSharing,[dev-nfs-01] DEV-RDS-044/DEV-RDS-044_1.vmdk,,,1,Owner: app-team,,,,DC-East,Dev-Cluster,esx-dev01.corp.example,Dev,Microsoft Windows Server 2019 (64-bit),Microsoft Windows Server 2019 Standard,vm-1263,4233cb206d84414df54191eafde91c42,vcsa01.corp.example,5f3c9a8e-1b2d-4c7e-9a10-2f6b8d4e7c31
DEV-APP-045,poweredOn,False,False,Hard disk 1,2000,6000C29e6a1917c82978893378dbd04e,[dev-nfs-02] DEV-APP-045/DEV-APP-045.vmdk,81920,False,persistent,sharingNone,True,False,False,False,normal,1000,0,-1,LSI Logic,Hard disk 1,0:0,0,noSharing,[dev-nfs-02] DEV-APP-045/DEV-APP-045.vmdk,,,0,,,,,DC-East,Dev-Cluster,esx-dev02.corp.example,Dev,Microsoft Windows Server 2019 (64-bit),Microsoft Windows Server 2019 Standard,vm-1264,422a5fdaa61f0b96e75f745aaa1d3fc6,vcsa01.corp.example,5f3c9a8e-1b2d-4c7e-9a10-2f6b8d4e7c31
DEV-APP-045,poweredOn,False,False,Hard disk 2,2001,6000C29a1ced799107feb08e08f07b8a,[dev-nfs-02] DEV-APP-045/DEV-APP-045_1.vmdk,51200,False,persistent,sharingNone,True,False,False,False,normal,1000,0,-1,LSI Logic,Hard disk 2,0:1,1,noSharing,[dev-nfs-02] DEV-APP-045/DEV-APP-045_1.vmdk,,,1,,,,,DC-East,Dev-Cluster,esx-dev02.corp.example,Dev,Microsoft Windows Server 2019 (64-bit),Microsoft Windows Server 2019 Standard,vm-1264,422a5fdaa61f0b96e75f745aaa1d3fc6,vcsa01.corp.example,5f3c9a8e-1b2d-4c7e-9a10-2f6b8d4e7c31
DEV-WEB-046,poweredOn,False,False,Hard disk 1,2000,6000C2942a329b375fcd39c7eaa2c166,[dev-nfs-01] DEV-WEB-046/DEV-WEB-046.vmdk,102400,False,persistent,sharingNone,True,False,False,False,normal,1000,0,-1,LSI Logic SAS,Hard disk 1,0:0,0,noSharing,[dev-nfs-01] DEV-WEB-046/DEV-WEB-046.vmdk,,,0,,,,,DC-East,Dev-Cluster,esx-dev02.corp.example,Dev,Microsoft Windows Server 2012 (64-bit),Microsoft Windows Server 2012 R2 Standard,vm-1265,4297fb6121f89d0613f3cade7a10013f,vcsa01.corp.example,5f3c9a8e-1b2d-4c7e-9a10-2f6b8d4e7c31
DEV-WEB-046,poweredOn,False,False,Hard disk 2,2001,6000C29cc992e0cc244a9ac860b97459,[dev-nfs-01] DEV-WEB-046/DEV-WEB-046_1.vmdk,51200,False,persistent,sharingNone,True,False,False,False,normal,1000,0,-1,LSI Logic SAS,Hard disk 2,0:1,1,noSharing,[dev-nfs-01] DEV-WEB-046/DEV-WEB-046_1.vmdk,,,1,Owner: app-team,,,,DC-East,Dev-Cluster,esx-dev02.corp.example,Dev,Microsoft Windows Server 2012 (64-bit),Microsoft Windows Server 2012 R2 Standard,vm-1265,4297fb6121f89d0613f3cade7a10013f,vcsa01.corp.example,5f3c9a8e-1b2d-4c7e-9a10-2f6b8d4e7c31
DEV-WEB-046,poweredOn,False,False,Hard disk 3,2002,6000C299581d0820e90052ed52d7ed32,[dev-nfs-01] DEV-WEB-046/DEV-WEB-046_2.vmdk,768000,False,persistent,sharingNone,False,True,False,False,normal,1000,0,-1,LSI Logic SAS,Hard disk 3,0:2,2,noSharing,[dev-nfs-01] DEV-WEB-046/DEV-WEB-046_2.vmdk,,,2,,,,,DC-East,Dev-Cluster,esx-dev02.corp.example,Dev,Microsoft Windows Server 2012 (64-bit),Microsoft Windows Server 2012 R2 Standard,vm-1265,4297fb6121f89d0613f3cade7a10013f,vcsa01.corp.example,5f3c9a8e-1b2d-4c7e-9a10-2f6b8d4e7c31
DEV-WEB-046,poweredOn,False,False,Hard disk 4,2003,6000C295230da62a7a49ae9cdf4b4c19,[dev-nfs-02] DEV-WEB-046/DEV-WEB-046_3.vmdk,256000,False,persistent,sharingNone,True,False,False,False,normal,1000,0,-1,LSI Logic SAS,Hard disk 4,0:3,3,noSharing,[dev-nfs-02] DEV-WEB-046/DEV-WEB-046_3.vmdk,,,3,,,,,DC-East,Dev-Cluster,esx-dev02.corp.example,Dev,Microsoft Windows Server 2012 (64-bit),Microsoft Windows Server 2012 R2 Standard,vm-1265,4297fb6121f89d0613f3cade7a10013f,vcsa01.corp.example,5f3c9a8e-1b2d-4c7e-9a10-2f6b8d4e7c31
DEV-APP-047,poweredOn,False,False,Hard disk 1,2000,6000C29d18acf1732bb4778553859e02,[dev-nfs-01] DEV-APP-047/DEV-APP-047.vmdk,102400,False,persistent,sharingNone,True,False,False,False,normal,1000,0,-1,LSI Logic SAS,Hard disk 1,0:0,0,noSharing,[dev-nfs-01] DEV-APP-047/DEV-APP-047.vmdk,,,0,,,,,DC-East,Dev-Cluster,esx-dev03.corp.example,Dev,Microsoft Windows Server 2016 or later (64-bit),Microsoft Windows Server 2022 Datacenter,vm-1266,426210de3a9c43081221cddf7a4a902f,vcsa01.corp.example,5f3c9a8e-1b2d-4c7e-9a10-2f6b8d4e7c31
DEV-APP-047,poweredOn,False,False,Hard disk 2,2001,6000C29539a84a8388ccf7ad3b54a3f0,[dev-nfs-02] DEV-APP-047/DEV-APP-047_1.vmdk,512000,False,persistent,sharingNone,False,True,False,False,normal,1000,0,-1,LSI Logic SAS,Hard disk 2,0:1,1,noSharing,[dev-nfs-02] DEV-APP-047/DEV-APP-047_1.vmdk,,,1,Owner: app-team,,,,DC-East,Dev-Cluster,esx-dev03.corp.example,Dev,Microsoft Windows Server 2016 or later (64-bit),Microsoft Windows Server 2022 Datacenter,vm-1266,426210de3a9c43081221cddf7a4a902f,vcsa01.corp.example,5f3c9a8e-1b2d-4c7e-9a10-2f6b8d4e7c31
DEV-SQL-048,poweredOn,False,False,Hard disk 1,2000,6000C297c7753db0b795e838ede652f5,[dev-nfs-01] DEV-SQL-048/DEV-SQL-048.vmdk,81920,False,persistent,sharingNone,False,False,False,False,normal,1000,0,-1,VMware paravirtual SCSI,Hard disk 1,0:0,0,noSharing,[dev-nfs-01] DEV-SQL-048/DEV-SQL-048.vmdk,,,0,Owner: app-team,,,,DC-East,Dev-Cluster,esx-dev02.corp.example,Dev,CentOS 7 (64-bit),CentOS Linux 7 (Core),vm-1267,42a43e552215df00dfdf0e05c0cef31b,vcsa01.corp.example,5f3c9a8e-1b2d-4c7e-9a10-2f6b8d4e7c31
DEV-CTX-049,poweredOn,False,False,Hard disk 1,2000,6000C2924e266d3fab28efa9959ee77e,[dev-nfs-02] DEV-CTX-049/DEV-CTX-049.vmdk,81920,False,persistent,sharingNone,False,True,False,False,normal,1000,0,-1,LSI Logic SAS,Hard disk 1,0:0,0,noSharing,[dev-nfs-02] DEV-CTX-049/DEV-CTX-049.vmdk,,,0,,,,,DC-East,Dev-Cluster,esx-dev01.corp.example,Dev,Microsoft Windows Server 2012 (64-bit),Microsoft Windows Server 2012 R2 Standard,vm-1268,4226c074bf8e8bfaa0c9da72368acd40,vcsa01.corp.example,5f3c9a8e-1b2d-4c7e-9a10-2f6b8d4e7c31
DEV-CTX-049,poweredOn,False,False,Hard disk 2,2001,6000C29db67a3c0723d34fb658a5802e,[dev-nfs-02] DEV-CTX-049/DEV-CTX-049_1.vmdk,768000,False,persistent,sharingNone,True,False,False,False,normal,1000,0,-1,LSI Logic SAS,Hard disk 2,0:1,1,noSharing,[dev-nfs-02] DEV-CTX-049/DEV-CTX-049_1.vmdk,,,1,,,,,DC-East,Dev-Cluster,esx-dev01.corp.example,Dev,Microsoft Windows Server 2012 (64-bit),Microsoft Windows Server 2012 R2 Standard,vm-1268,4226c074bf8e8bfaa0c9da72368acd40,vcsa01.corp.example,5f3c9a8e-1b2d-4c7e-9a10-2f6b8d4e7c31
DEV-WEB-050,poweredOn,False,False,Hard disk 1,2000,6000C29c5b4b946636feb3a6a37d299e,[dev-nfs-02] DEV-WEB-050/DEV-WEB-050.vmdk,61440,False,persistent,sharingNone,True,False,False,False,normal,1000,0,-1,VMware paravirtual SCSI,Hard disk 1,0:0,0,noSharing,[dev-nfs-02] DEV-WEB-050/DEV-WEB-050.vmdk,,,0,Owner: app-team,,,,DC-East,Dev-Cluster,esx-dev01.corp.example,Dev,Ubuntu Linux (64-bit),Ubuntu 22.04.4 LTS,vm-1269,426dec6bf69777a159fe3d53624fea4b,vcsa01.corp.example,5f3c9a8e-1b2d-4c7e-9a10-2f6b8d4e7c31
DEV-APP-051,poweredOn,False,False,Hard disk 1,2000,6000C29882b3158f7d0338753b3aef0a,[dev-nfs-01] DEV-APP-051/DEV-APP-051.vmdk,40960,False,persistent,sharingNone,True,False,False,False,normal,1000,0,-1,LSI Logic SAS,Hard disk 1,0:0,0,noSharing,[dev-nfs-01] DEV-APP-051/DEV-APP-051.vmdk,,,0,Owner: app-team,,,,DC-East,Dev-Cluster,esx-dev01.corp.example,Dev,Microsoft Windows Server 2016 (64-bit),Microsoft Windows Server 2016 Standard,vm-1270,42d90f7406ddf6cab0c30a59f0f7ad22,vcsa01.corp.example,5f3c9a8e-1b2d-4c7e-9a10-2f6b8d4e7c31
DEV-APP-051,poweredOn,False,False,Hard disk 2,2001,6000C29387a453041ff3a9f831faf7e0,[dev-nfs-01] DEV-APP-051/DEV-APP-051_1.vmdk,1024000,False,persistent,sharingNone,False,True,False,False,normal,1000,0,-1,LSI Logic SAS,Hard disk 2,0:1,1,noSharing,[dev-nfs-01] DEV-APP-051/DEV-APP-051_1.vmdk,,,1,,,,,DC-East,Dev-Cluster,esx-dev01.corp.example,Dev,Microsoft Windows Server 2016 (64-bit),Microsoft Windows Server 2016 Standard,vm-1270,42d90f7406ddf6cab0c30a59f0f7ad22,vcsa01.corp.example,5f3c9a8e-1b2d-4c7e-9a10-2f6b8d4e7c31
DEV-APP-051,poweredOn,False,False,Hard disk 3,2002,6000C29b1192e4dcc99a9a60dfb46e9e,[dev-nfs-01] DEV-APP-051/DEV-APP-051_2.vmdk,102400,False,persistent,sharingNone,True,False,False,False,normal,1000,0,-1,LSI Logic SAS,Hard disk 3,0:2,2,noSharing,[dev-nfs-01] DEV-APP-051/DEV-APP-051_2.vmdk,,,2,Owner: app-team,,,,DC-East,Dev-Cluster,esx-dev01.corp.example,Dev,Microsoft Windows Server 2016 (64-bit),Microsoft Windows Server 2016 Standard,vm-1270,42d90f7406ddf6cab0c30a59f0f7ad22,vcsa01.corp.example,5f3c9a8e-1b2d-4c7e-9a10-2f6b8d4e7c31
DEV-CTX-052,poweredOn,False,False,Hard disk 1,2000,6000C2912e795ba5503ef9cb100637c7,[dev-nfs-01] DEV-CTX-052/DEV-CTX-052.vmdk,40960,False,persistent,sharingNone,True,False,False,False,normal,1000,0,-1,LSI Logic,Hard disk 1,0:0,0,noSharing,[dev-nfs-01] DEV-CTX-052/DEV-CTX-052.vmdk,,,0,,,,,DC-East,Dev-Cluster,esx-dev03.corp.example,Dev,Microsoft Windows Server 2019 (64-bit),Microsoft Windows Server 2019 Standard,vm-1271,42f4655acb35097ae5dd98f1c8a738ab,vcsa01.corp.example,5f3c9a8e-1b2d-4c7e-9a10-2f6b8d4e7c31
DEV-CTX-052,poweredOn,False,False,Hard disk 2,2001,6000C29d53a3939e689998d64e444af9,[dev-nfs-01] DEV-CTX-052/DEV-CTX-052_1.vmdk,256000,False,persistent,sharingNone,True,False,False,False,normal,1000,0,-1,LSI Logic,Hard disk 2,0:1,1,noSharing,[dev-nfs-01] DEV-CTX-052/DEV-CTX-052_1.vmdk,,,1,,,,,DC-East,Dev-Cluster,esx-dev03.corp.example,Dev,Microsoft Windows Server 2019 (64-bit),Microsoft Windows Server 2019 Standard,vm-1271,42f4655acb35097ae5dd98f1c8a738ab,vcsa01.corp.example,5f3c9a8e-1b2d-4c7e-9a10-2f6b8d4e7c31
DEV-CTX-052,poweredOn,False,False,Hard disk 3,2002,6000C293ba9bb77753d2f38aed347d55,[dev-nfs-02] DEV-CTX-052/DEV-CTX-052_2.vmdk,204800,False,persistent,sharingNone,True,False,False,False,normal,1000,0,-1,LSI Logic,Hard disk 3,0:2,2,noSharing,[dev-nfs-02] DEV-CTX-052/DEV-CTX-052_2.vmdk,,,2,,,,,DC-East,Dev-Cluster,esx-dev03.corp.example,Dev,Microsoft Windows Server 2019 (64-bit),Microsoft Windows Server 2019 Standard,vm-1271,42f4655acb35097ae5dd98f1c8a738ab,vcsa01.corp.example,5f3c9a8e-1b2d-4c7e-9a10-2f6b8d4e7c31
DEV-RDS-053,suspended,False,False,Hard disk 1,2000,6000C29e60ff9567be07d0c971545572,[dev-nfs-02] DEV-RDS-053/DEV-RDS-053.vmdk,102400,False,persistent,sharingNone,True,False,False,False,normal,1000,0,-1,VMware paravirtual SCSI,Hard disk 1,0:0,0,noSharing,[dev-nfs-02] DEV-RDS-053/DEV-RDS-053.vmdk,,,0,Owner: app-team,,,,DC-East,Dev-Cluster,esx-dev03.corp.example,Dev,Microsoft Windows Server 2016 (64-bit),,vm-1272,426307d421c9a15d51045a16ef15ab72,vcsa01.corp.example,5f3c9a8e-1b2d-4c7e-9a10-2f6b8d4e7c31
DEV-RDS-053,suspended,False,False,Hard disk 2,2001,6000C29e96bee52e65c1efd6cf1f5a98,[dev-nfs-02] DEV-RDS-053/DEV-RDS-053_1.vmdk,102400,False,persistent,sharingNone,False,False,False,False,normal,1000,0,-1,VMware paravirtual SCSI,Hard disk 2,0:1,1,noSharing,[dev-nfs-02] DEV-RDS-053/DEV-RDS-053_1.vmdk,,,1,Owner: app-team,,,,DC-East,Dev-Cluster,esx-dev03.corp.example,Dev,Microsoft Windows Server 2016 (64-bit),,vm-1272,426307d421c9a15d51045a16ef15ab72,vcsa01.corp.example,5f3c9a8e-1b2d-4c7e-9a10-2f6b8d4e7c31
DEV-RDS-053,suspended,False,False,Hard disk 3,2002,6000C29d35bc040f3977c6c34f75d392,[dev-nfs-02] DEV-RDS-053/DEV-RDS-053_2.vmdk,1024000,False,persistent,sharingNone,False,False,False,False,normal,1000,0,-1,VMware paravirtual SCSI,Hard disk 3,0:2,2,noSharing,[dev-nfs-02] DEV-RDS-053/DEV-RDS-053_2.vmdk,,,2,,,,,DC-East,Dev-Cluster,esx-dev03.corp.example,Dev,Microsoft Windows Server 2016 (64-bit),,vm-1272,426307d421c9a15d51045a16ef15ab72,vcsa01.corp.example,5f3c9a8e-1b2d-4c7e-9a10-2f6b8d4e7c31
DEV-RDS-053,suspended,False,False,Hard disk 4,2003,6000C2949359fb5d9ac725209670efb3,[dev-nfs-02] DEV-RDS-053/DEV-RDS-053_3.vmdk,256000,False,persistent,sharingNone,True,False,False,False,normal,1000,0,-1,VMware paravirtual SCSI,Hard disk 4,0:3,3,noSharing,[dev-nfs-02] DEV-RDS-053/DEV-RDS-053_3.vmdk,,,3,,,,,DC-East,Dev-Cluster,esx-dev03.corp.example,Dev,Microsoft Windows Server 2016 (64-bit),,vm-1272,426307d421c9a15d51045a16ef15ab72,vcsa01.corp.example,5f3c9a8e-1b2d-4c7e-9a10-2f6b8d4e7c31
DEV-SVC-054,poweredOn,False,False,Hard disk 1,2000,6000C29aee5e1fb5d52939e53be45056,[dev-nfs-01] DEV-SVC-054/DEV-SVC-054.vmdk,61440,False,persistent,sharingNone,True,False,False,False,normal,1000,0,-1,VMware paravirtual SCSI,Hard disk 1,0:0,0,noSharing,[dev-nfs-01] DEV-SVC-054/DEV-SVC-054.vmdk,,,0,,,,,DC-East,Dev-Cluster,esx-dev03.corp.example,Dev,Microsoft Windows Server 2019 (64-bit),Microsoft Windows Server 2019 Standard,vm-1273,42373aed431e930f0387f74d1149d096,vcsa01.corp.example,5f3c9a8e-1b2d-4c7e-9a10-2f6b8d4e7c31
DEV-WEB-055,poweredOn,False,False,Hard disk 1,2000,6000C297b964fbed9d755e6cab84978c,[dev-nfs-02] DEV-WEB-055/DEV-WEB-055.vmdk,40960,False,persistent,sharingNone,True,False,False,False,normal,1000,0,-1,LSI Logic SAS,Hard disk 1,0:0,0,noSharing,[dev-nfs-02] DEV-WEB-055/DEV-WEB-055.vmdk,,,0,,,,,DC-East,Dev-Cluster,esx-dev03.corp.example,Dev,Microsoft Windows Server 2008 R2 (64-bit),Microsoft Windows Server 2008 R2 Enterprise,vm-1274,4289a3c8895c4fdea3fa40691519fd38,vcsa01.corp.example,5f3c9a8e-1b2d-4c7e-9a10-2f6b8d4e7c31
DEV-WEB-055,poweredOn,False,False,Hard disk 2,2001,6000C29e8fa051492bb2c51f70236aca,[dev-nfs-02] DEV-WEB-055/DEV-WEB-055_1.vmdk,256000,False,persistent,sharingNone,False,False,False,False,normal,1000,0,-1,LSI Logic SAS,Hard disk 2,0:1,1,noSharing,[dev-nfs-02] DEV-WEB-055/DEV-WEB-055_1.vmdk,,,1,,,,,DC-East,Dev-Cluster,esx-dev03.corp.example,Dev,Microsoft Windows Server 2008 R2 (64-bit),Microsoft Windows Server 2008 R2 Enterprise,vm-1274,4289a3c8895c4fdea3fa40691519fd38,vcsa01.corp.example,5f3c9a8e-1b2d-4c7e-9a10-2f6b8d4e7c31
DEV-WEB-055,poweredOn,False,False,Hard disk 3,2002,6000C297e3cc1771c66ef0cdd2ea243c,[dev-nfs-02] DEV-WEB-055/DEV-WEB-055_2.vmdk,768000,False,persistent,sharingNone,True,False,False,False,normal,1000,0,-1,LSI Logic SAS,Hard disk 3,0:2,2,noSharing,[dev-nfs-02] DEV-WEB-055/DEV-WEB-055_2.vmdk,,,2,,,,,DC-East,Dev-Cluster,esx-dev03.corp.example,Dev,Microsoft Windows Server 2008 R2 (64-bit),Microsoft Windows Server 2008 R2 Enterprise,vm-1274,4289a3c8895c4fdea3fa40691519fd38,vcsa01.corp.example,5f3c9a8e-1b2d-4c7e-9a10-2f6b8d4e7c31
DEV-APP-056,poweredOn,False,False,Hard disk 1,2000,6000C29a30020f5e8a5acb4d876080e1,[dev-nfs-02] DEV-APP-056/DEV-APP-056.vmdk,61440,False,persistent,sharingNone,True,False,False,False,normal,1000,0,-1,VMware paravirtual SCSI,Hard disk 1,0:0,0,noSharing,[dev-nfs-02] DEV-APP-056/DEV-APP-056.vmdk,,,0,,,,,DC-East,Dev-Cluster,esx-dev03.corp.example,Dev,Ubuntu Linux (64-bit),Ubuntu 22.04.4 LTS,vm-1275,42d5a386c362a810a2611b8d9620bee6,vcsa01.corp.example,5f3c9a8e-1b2d-4c7e-9a10-2f6b8d4e7c31
DEV-APP-056,poweredOn,False,False,Hard disk 2,2001,6000C291e61219b573aca6e1dc210944,[dev-nfs-02] DEV-APP-056/DEV-APP-056_1.vmdk,1024000,False,persistent,sharingNone,True,False,False,False,normal,1000,0,-1,VMware paravirtual SCSI,Hard disk 2,0:1,1,noSharing,[dev-nfs-02] DEV-APP-056/DEV-APP-056_1.vmdk,,,1,,,,,DC-East,Dev-Cluster,esx-dev03.corp.example,Dev,Ubuntu Linux (64-bit),Ubuntu 22.04.4 LTS,vm-1275,42d5a386c362a810a2611b8d9620bee6,vcsa01.corp.example,5f3c9a8e-1b2d-4c7e-9a10-2f6b8d4e7c31
DEV-FS-057,poweredOn,False,False,Hard disk 1,2000,6000C296c0821f39577ae5a180b6068f,[dev-nfs-02] DEV-FS-057/DEV-FS-057.vmdk,40960,False,persistent,sharingNone,True,False,False,False,normal,1000,0,-1,LSI Logic SAS,Hard disk 1,0:0,0,noSharing,[dev-nfs-02] DEV-FS-057/DEV-FS-057.vmdk,,,0,,,,,DC-East,Dev-Cluster,esx-dev03.corp.example,Dev,SUSE Linux Enterprise 15 (64-bit),SUSE Linux Enterprise Server 15 SP5,vm-1276,4274102d1db14bfc6f3a5115ecb4678c,vcsa01.corp.example,5f3c9a8e-1b2d-4c7e-9a10-2f6b8d4e7c31
DEV-FS-057,poweredOn,False,False,Hard disk 2,2001,6000C29914f872f6c67e0a011d342563,[dev-nfs-02] DEV-FS-057/DEV-FS-057_1.vmdk,51200,False,persistent,sharingNone,True,False,False,False,normal,1000,0,-1,LSI Logic SAS,Hard disk 2,0:1,1,noSharing,[dev-nfs-02] DEV-FS-057/DEV-FS-057_1.vmdk,,,1,Owner: app-team,,,,DC-East,Dev-Cluster,esx-dev03.corp.example,Dev,SUSE Linux Enterprise 15 (64-bit),SUSE Linux Enterprise Server 15 SP5,vm-1276,4274102d1db14bfc6f3a5115ecb4678c,vcsa01.corp.example,5f3c9a8e-1b2d-4c7e-9a10-2f6b8d4e7c31
DEV-APP-058,poweredOn,False,False,Hard disk 1,2000,6000C29093bc506c77cf865f71fed889,[dev-nfs-02] DEV-APP-058/DEV-APP-058.vmdk,40960,False,persistent,sharingNone,True,False,False,False,normal,1000,0,-1,LSI Logic SAS,Hard disk 1,0:0,0,noSharing,[dev-nfs-02] DEV-APP-058/DEV-APP-058.vmdk,,,0,,,,,DC-East,Dev-Cluster,esx-dev01.corp.example,Dev,Microsoft Windows Server 2019 (64-bit),Microsoft Windows Server 2019 Standard,vm-1277,428468b785e3ade558c1aad6f3f8dea4,vcsa01.corp.example,5f3c9a8e-1b2d-4c7e-9a10-2f6b8d4e7c31
DEV-APP-058,poweredOn,False,False,Hard disk 2,2001,6000C296dc87885e8f6e1e3025d6ad40,[dev-nfs-02] DEV-APP-058/DEV-APP-058_1.vmdk,1024000,False,persistent,sharingNone,True,False,False,False,normal,1000,0,-1,LSI Logic SAS,Hard disk 2,0:1,1,noSharing,[dev-nfs-02] DEV-APP-058/DEV-APP-058_1.vmdk,,,1,,,,,DC-East,Dev-Cluster,esx-dev01.corp.example,Dev,Microsoft Windows Server 2019 (64-bit),Microsoft Windows Server 2019 Standard,vm-1277,428468b785e3ade558c1aad6f3f8dea4,vcsa01.corp.example,5f3c9a8e-1b2d-4c7e-9a10-2f6b8d4e7c31
DEV-SQL-059,poweredOn,False,False,Hard disk 1,2000,6000C291be91dd2abf024c09051d1800,[dev-nfs-02] DEV-SQL-059/DEV-SQL-059.vmdk,40960,False,persistent,sharingNone,True,False,False,False,normal,1000,0,-1,LSI Logic SAS,Hard disk 1,0:0,0,noSharing,[dev-nfs-02] DEV-SQL-059/DEV-SQL-059.vmdk,,,0,Owner: app-team,,,,DC-East,Dev-Cluster,esx-dev01.corp.example,Dev,Red Hat Enterprise Linux 8 (64-bit),Red Hat Enterprise Linux 8.8 (Ootpa),vm-1278,426de837ce9e9ebd55c348530783e43c,vcsa01.corp.example,5f3c9a8e-1b2d-4c7e-9a10-2f6b8d4e7c31
DEV-CTX-060,poweredOn,False,False,Hard disk 1,2000,6000C29d19df5a16cc2f95ed88f68352,[dev-nfs-01] DEV-CTX-060/DEV-CTX-060.vmdk,61440,False,persistent,sharingNone,False,False,False,False,normal,1000,0,-1,VMware paravirtual SCSI,Hard disk 1,0:0,0,noSharing,[dev-nfs-01] DEV-CTX-060/DEV-CTX-060.vmdk,,,0,,,,,DC-East,Dev-Cluster,esx-dev03.corp.example,Dev,Microsoft Windows Server 2019 (64-bit),Microsoft Windows Server 2019 Standard,vm-1279,422ab8bd911f730bdbff00b07fe670f3,vcsa01.corp.example,5f3c9a8e-1b2d-4c7e-9a10-2f6b8d4e7c31
DEV-CTX-060,poweredOn,False,False,Hard disk 2,2001,6000C295488d5d8d0aef77ed1f7e09de,[dev-nfs-01] DEV-CTX-060/DEV-CTX-060_1.vmdk,512000,False,persistent,sharingNone,True,False,False,False,normal,1000,0,-1,VMware paravirtual SCSI,Hard disk 2,0:1,1,noSharing,[dev-nfs-01] DEV-CTX-060/DEV-CTX-060_1.vmdk,,,1,Owner: app-team,,,,DC-East,Dev-Cluster,esx-dev03.corp.example,Dev,Microsoft Windows Server 2019 (64-bit),Microsoft Windows Server 2019 Standard,vm-1279,422ab8bd911f730bdbff00b07fe670f3,vcsa01.corp.example,5f3c9a8e-1b2d-4c7e-9a10-2f6b8d4e7c31
DEV-CTX-060,poweredOn,False,False,Hard disk 3,2002,6000C29b365142584ca1572022b8952e,[dev-nfs-01] DEV-CTX-060/DEV-CTX-060_2.vmdk,204800,False,persistent,sharingNone,True,False,False,False,normal,1000,0,-1,VMware paravirtual SCSI,Hard disk 3,0:2,2,noSharing,[dev-nfs-01] DEV-CTX-060/DEV-CTX-060_2.vmdk,,,2,,,,,DC-East,Dev-Cluster,esx-dev03.corp.example,Dev,Microsoft Windows Server 2019 (64-bit),Microsoft Windows Server 2019 Standard,vm-1279,422ab8bd911f730bdbff00b07fe670f3,vcsa01.corp.example,5f3c9a8e-1b2d-4c7e-9a10-2f6b8d4e7c31
DEV-CTX-061,poweredOn,False,False,Hard disk 1,2000,6000C2958b67cdcd5578126ea06ae93d,[dev-nfs-02] DEV-CTX-061/DEV-CTX-061.vmdk,102400,False,persistent,sharingNone,False,False,False,False,normal,1000,0,-1,VMware paravirtual SCSI,Hard disk 1,0:0,0,noSharing,[dev-nfs-02] DEV-CTX-061/DEV-CTX-061.vmdk,,,0,,,,,DC-East,Dev-Cluster,esx-dev03.corp.example,Dev,Red Hat Enterprise Linux 8 (64-bit),Red Hat Enterprise Linux 8.8 (Ootpa),vm-1280,423e9aec03254fbddce8e1c5dbd30aec,vcsa01.corp.example,5f3c9a8e-1b2d-4c7e-9a10-2f6b8d4e7c31
DEV-CTX-061,poweredOn,False,False,Hard disk 2,2001,6000C29fd77017c8c0539b74fa00a281,[dev-nfs-02] DEV-CTX-061/DEV-CTX-061_1.vmdk,256000,False,persistent,sharingNone,True,False,False,False,normal,1000,0,-1,VMware paravirtual SCSI,Hard disk 2,0:1,1,noSharing,[dev-nfs-02] DEV-CTX-061/DEV-CTX-061_1.vmdk,,,1,,,,,DC-East,Dev-Cluster,esx-dev03.corp.example,Dev,Red Hat Enterprise Linux 8 (64-bit),Red Hat Enterprise Linux 8.8 (Ootpa),vm-1280,423e9aec03254fbddce8e1c5dbd30aec,vcsa01.corp.example,5f3c9a8e-1b2d-4c7e-9a10-2f6b8d4e7c31
DEV-APP-062,poweredOn,False,False,Hard disk 1,2000,6000C293e9382f3582101862d69c15b2,[dev-nfs-02] DEV-APP-062/DEV-APP-062.vmdk,40960,False,persistent,sharingNone,True,False,False,False,normal,1000,0,-1,VMware paravirtual SCSI,Hard disk 1,0:0,0,noSharing,[dev-nfs-02] DEV-APP-062/DEV-APP-062.vmdk,,,0,,,,,DC-East,Dev-Cluster,esx-dev01.corp.example,Dev,Ubuntu Linux (64-bit),Ubuntu 22.04.4 LTS,vm-1281,426b5bc9a7dc2bc0bd9c4693b6ca1127,vcsa01.corp.example,5f3c9a8e-1b2d-4c7e-9a10-2f6b8d4e7c31
DEV-APP-062,poweredOn,False,False,Hard disk 2,2001,6000C29d0736591d74f9bd902e8498c6,[dev-nfs-02] DEV-APP-062/DEV-APP-062_1.vmdk,1024000,False,persistent,sharingNone,True,False,False,False,normal,1000,0,-1,VMware paravirtual SCSI,Hard disk 2,0:1,1,noSharing,[dev-nfs-02] DEV-APP-062/DEV-APP-062_1.vmdk,,,1,Owner: app-team,,,,DC-East,Dev-Cluster,esx-dev01.corp.example,Dev,Ubuntu Linux (64-bit),Ubuntu 22.04.4 LTS,vm-1281,426b5bc9a7dc2bc0bd9c4693b6ca1127,vcsa01.corp.example,5f3c9a8e-1b2d-4c7e-9a10-2f6b8d4e7c31
DEV-APP-062,poweredOn,False,False,Hard disk 3,2002,6000C29cff2c37dc6bfcabd798313d75,[dev-nfs-02] DEV-APP-062/DEV-APP-062_2.vmdk,102400,False,persistent,sharingNone,True,False,False,False,normal,1000,0,-1,VMware paravirtual SCSI,Hard disk 3,0:2,2,noSharing,[dev-nfs-02] DEV-APP-062/DEV-APP-062_2.vmdk,,,2,,,,,DC-East,Dev-Cluster,esx-dev01.corp.example,Dev,Ubuntu Linux (64-bit),Ubuntu 22.04.4 LTS,vm-1281,426b5bc9a7dc2bc0bd9c4693b6ca1127,vcsa01.corp.example,5f3c9a8e-1b2d-4c7e-9a10-2f6b8d4e7c31
DEV-SQL-063,poweredOn,False,False,Hard disk 1,2000,6000C29f0af875b243fe6d09d4073daa,[dev-nfs-02] DEV-SQL-063/DEV-SQL-063.vmdk,40960,False,persistent,sharingNone,True,False,False,False,normal,1000,0,-1,VMware paravirtual SCSI,Hard disk 1,0:0,0,noSharing,[dev-nfs-02] DEV-SQL-063/DEV-SQL-063.vmdk,,,0,,,,,DC-East,Dev-Cluster,esx-dev02.corp.example,Dev,Red Hat Enterprise Linux 9 (64-bit),Red Hat Enterprise Linux 9.2 (Plow),vm-1282,422de9820d7bec04e6e59b32ac5f12ef,vcsa01.corp.example,5f3c9a8e-1b2d-4c7e-9a10-2f6b8d4e7c31
DEV-APP-064,poweredOn,False,False,Hard disk 1,2000,6000C29c8763edcb1db60efe740aa8ad,[dev-nfs-01] DEV-APP-064/DEV-APP-064.vmdk,40960,False,persistent,sharingNone,False,False,False,False,normal,1000,0,-1,LSI Logic,Hard disk 1,0:0,0,noSharing,[dev-nfs-01] DEV-APP-064/DEV-APP-064.vmdk,,,0,,,,,DC-East,Dev-Cluster,esx-dev02.corp.example,Dev,CentOS 7 (64-bit),CentOS Linux 7 (Core),vm-1283,42335f2f5e717fca020a449774ed5145,vcsa01.corp.example,5f3c9a8e-1b2d-4c7e-9a10-2f6b8d4e7c31
DEV-CTX-065,suspended,False,False,Hard disk 1,2000,6000C290eb7c5618b12a8b02f716b195,[dev-nfs-01] DEV-CTX-065/DEV-CTX-065.vmdk,40960,False,persistent,sharingNone,True,False,False,False,normal,1000,0,-1,VMware paravirtual SCSI,Hard disk 1,0:0,0,noSharing,[dev-nfs-01] DEV-CTX-065/DEV-CTX-065.vmdk,,,0,,,,,DC-East,Dev-Cluster,esx-dev01.corp.example,Dev,Microsoft Windows Server 2016 or later (64-bit),,vm-1284,42e68373bb82b7963207343ec6a07656,vcsa01.corp.example,5f3c9a8e-1b2d-4c7e-9a10-2f6b8d4e7c31
DEV-CTX-065,suspended,False,False,Hard disk 2,2001,6000C29c895d603d8172b13b2c527558,[dev-nfs-01] DEV-CTX-065/DEV-CTX-065_1.vmdk,51200,False,persistent,sharingNone,False,False,False,False,normal,1000,0,-1,VMware paravirtual SCSI,Hard disk 2,0:1,1,noSharing,[dev-nfs-01] DEV-CTX-065/DEV-CTX-065_1.vmdk,,,1,,,,,DC-East,Dev-Cluster,esx-dev01.corp.example,Dev,Microsoft Windows Server 2016 or later (64-bit),,vm-1284,42e68373bb82b7963207343ec6a07656,vcsa01.corp.example,5f3c9a8e-1b2d-4c7e-9a10-2f6b8d4e7c31
DEV-CTX-065,suspended,False,False,Hard disk 3,2002,6000C29782577dd19d193891f04084d0,[dev-nfs-01] DEV-CTX-065/DEV-CTX-065_2.vmdk,51200,False,persistent,sharingNone,True,False,False,False,normal,1000,0,-1,VMware paravirtual SCSI,Hard disk 3,0:2,2,noSharing,[dev-nfs-01] DEV-CTX-065/DEV-CTX-065_2.vmdk,,,2,,,,,DC-East,Dev-Cluster,esx-dev01.corp.example,Dev,Microsoft Windows Server 2016 or later (64-bit),,vm-1284,42e68373bb82b7963207343ec6a07656,vcsa01.corp.example,5f3c9a8e-1b2d-4c7e-9a10-2f6b8d4e7c31
DEV-APP-066,poweredOn,False,False,Hard disk 1,2000,6000C291fc30c77c8f58ed08f5b917b1,[dev-nfs-01] DEV-APP-066/DEV-APP-066.vmdk,61440,False,persistent,sharingNone,False,False,False,False,normal,1000,0,-1,VMware paravirtual SCSI,Hard disk 1,0:0,0,noSharing,[dev-nfs-01] DEV-APP-066/DEV-APP-066.vmdk,,,0,,,,,DC-East,Dev-Cluster,esx-dev02.corp.example,Dev,Microsoft Windows Server 2019 (64-bit),Microsoft Windows Server 2019 Standard,vm-1285,42f374190274ce40e09016b6b186a5a8,vcsa01.corp.example,5f3c9a8e-1b2d-4c7e-9a10-2f6b8d4e7c31
DEV-APP-066,poweredOn,False,False,Hard disk 2,2001,6000C29dd6d21f63623d45f4c1ef6252,[dev-nfs-01] DEV-APP-066/DEV-APP-066_1.vmdk,512000,False,persistent,sharingNone,True,False,False,False,normal,1000,0,-1,VMware paravirtual SCSI,Hard disk 2,0:1,1,noSharing,[dev-nfs-01] DEV-APP-066/DEV-APP-066_1.vmdk,,,1,,,,,DC-East,Dev-Cluster,esx-dev02.corp.example,Dev,Microsoft Windows Server 2019 (64-bit),Microsoft Windows Server 2019 Standard,vm-1285,42f374190274ce40e09016b6b186a5a8,vcsa01.corp.example,5f3c9a8e-1b2d-4c7e-9a10-2f6b8d4e7c31
DEV-WEB-067,poweredOn,False,False,Hard disk 1,2000,6000C29140460d07d453909403908f5a,[dev-nfs-01] DEV-WEB-067/DEV-WEB-067.vmdk,61440,False,persistent,sharingNone,True,False,False,False,normal,1000,0,-1,LSI Logic SAS,Hard disk 1,0:0,0,noSharing,[dev-nfs-01] DEV-WEB-067/DEV-WEB-067.vmdk,,,0,Owner: app-team,,,,DC-East,Dev-Cluster,esx-dev01.corp.example,Dev,Microsoft Windows Server 2019 (64-bit),Microsoft Windows Server 2019 Standard,vm-1286,42247296ff38b918f8f9a45d0f554896,vcsa01.corp.example,5f3c9a8e-1b2d-4c7e-9a10-2f6b8d4e7c31
DEV-WEB-068,poweredOff,False,False,Hard disk 1,2000,6000C292c99b316743b6c14b59432577,[dev-nfs-01] DEV-WEB-068/DEV-WEB-068.vmdk,81920,False,persistent,sharingNone,True,False,False,False,normal,1000,0,-1,LSI Logic,Hard disk 1,0:0,0,noSharing,[dev-nfs-01] DEV-WEB-068/DEV-WEB-068.vmdk,,,0,,,,,DC-East,Dev-Cluster,esx-dev03.corp.example,Dev,Microsoft Windows Server 2016 or later (64-bit),,vm-1287,428163b61877bc0694ad625215bc2a3e,vcsa01.corp.example,5f3c9a8e-1b2d-4c7e-9a10-2f6b8d4e7c31
DEV-WEB-068,poweredOff,False,False,Hard disk 2,2001,6000C29a115ca8024310357dec801a6f,[dev-nfs-01] DEV-WEB-068/DEV-WEB-068_1.vmdk,2048000,False,persistent,sharingNone,True,False,False,False,normal,1000,0,-1,LSI Logic,Hard disk 2,0:1,1,noSharing,[dev-nfs-01] DEV-WEB-068/DEV-WEB-068_1.vmdk,,,1,,,,,DC-East,Dev-Cluster,esx-dev03.corp.example,Dev,Microsoft Windows Server 2016 or later (64-bit),,vm-1287,428163b61877bc0694ad625215bc2a3e,vcsa01.corp.example,5f3c9a8e-1b2d-4c7e-9a10-2f6b8d4e7c31
DEV-WEB-068,poweredOff,False,False,Hard disk 3,2002,6000C29e3b8e8a91deb1289adcc3645f,[dev-nfs-01] DEV-WEB-068/DEV-WEB-068_2.vmdk,2048000,False,persistent,sharingNone,True,False,False,False,normal,1000,0,-1,LSI Logic,Hard disk 3,0:2,2,noSharing,[dev-nfs-01] DEV-WEB-068/DEV-WEB-068_2.vmdk,,,2,Owner: app-team,,,,DC-East,Dev-Cluster,esx-dev03.corp.example,Dev,Microsoft Windows Server 2016 or later (64-bit),,vm-1287,428163b61877bc0694ad625215bc2a3e,vcsa01.corp.example,5f3c9a8e-1b2d-4c7e-9a10-2f6b8d4e7c31
DEV-CTX-069,poweredOn,False,False,Hard disk 1,2000,6000C29428d8fdf437103c3f90a58dd6,[dev-nfs-02] DEV-CTX-069/DEV-CTX-069.vmdk,81920,False,persistent,sharingNone,True,False,False,False,normal,1000,0,-1,VMware paravirtual SCSI,Hard disk 1,0:0,0,noSharing,[dev-nfs-02] DEV-CTX-069/DEV-CTX-069.vmdk,,,0,,,,,DC-East,Dev-Cluster,esx-dev03.corp.example,Dev,Microsoft Windows Server 2019 (64-bit),Microsoft Windows Server 2019 Standard,vm-1288,42ed111550a46c85d9d57b0242d04d55,vcsa01.corp.example,5f3c9a8e-1b2d-4c7e-9a10-2f6b8d4e7c31
DEV-CTX-069,poweredOn,False,False,Hard disk 2,2001,6000C298d7169b2a3d7d9e1ec7e166e3,[dev-nfs-02] DEV-CTX-069/DEV-CTX-069_1.vmdk,512000,False,persistent,sharingNone,True,False,False,False,normal,1000,0,-1,VMware paravirtual SCSI,Hard disk 2,0:1,1,noSharing,[dev-nfs-02] DEV-CTX-069/DEV-CTX-069_1.vmdk,,,1,,,,,DC-East,Dev-Cluster,esx-dev03.corp.example,Dev,Microsoft Windows Server 2019 (64-bit),Microsoft Windows Server 2019 Standard,vm-1288,42ed111550a46c85d9d57b0242d04d55,vcsa01.corp.example,5f3c9a8e-1b2d-4c7e-9a10-2f6b8d4e7c31
DEV-SQL-070,poweredOn,False,False,Hard disk 1,2000,6000C292cb1f999b4c6d98a8d78c2051,[dev-nfs-02] DEV-SQL-070/DEV-SQL-070.vmdk,102400,False,persistent,sharingNone,True,False,False,False,normal,1000,0,-1,VMware paravirtual SCSI,Hard disk 1,0:0,0,noSharing,[dev-nfs-02] DEV-SQL-070/DEV-SQL-070.vmdk,,,0,Owner: app-team,,,,DC-East,Dev-Cluster,esx-dev02.corp.example,Dev,Microsoft Windows Server 2019 (64-bit),Microsoft Windows Server 2019 Standard,vm-1289,4227c8fc1be5a4c395af6d0cc5285425,vcsa01.corp.example,5f3c9a8e-1b2d-4c7e-9a10-2f6b8d4e7c31
DEV-FS-071,poweredOn,False,False,Hard disk 1,2000,6000C297663c36c18bd0d62526392221,[dev-nfs-01] DEV-FS-071/DEV-FS-071.vmdk,40960,False,persistent,sharingNone,True,False,False,False,normal,1000,0,-1,LSI Logic SAS,Hard disk 1,0:0,0,noSharing,[dev-nfs-01] DEV-FS-071/DEV-FS-071.vmdk,,,0,,,,,DC-East,Dev-Cluster,esx-dev01.corp.example,Dev,Microsoft Windows Server 2016 (64-bit),Microsoft Windows Server 2016 Standard,vm-1290,421725d21eb2a7b8da3c45ca43d78f2b,vcsa01.corp.example,5f3c9a8e-1b2d-4c7e-9a10-2f6b8d4e7c31
DEV-CTX-072,poweredOn,False,False,Hard disk 1,2000,6000C2905020036f9adbb8f179cdc59e,[dev-nfs-02] DEV-CTX-072/DEV-CTX-072.vmdk,61440,False,persistent,sharingNone,True,False,False,False,normal,1000,0,-1,LSI Logic SAS,Hard disk 1,0:0,0,noSharing,[dev-nfs-02] DEV-CTX-072/DEV-CTX-072.vmdk,,,0,Owner: app-team,,,,DC-East,Dev-Cluster,esx-dev01.corp.example,Dev,Microsoft Windows Server 2019 (64-bit),Microsoft Windows Server 2019 Standard,vm-1291,426570465b11f51ff7e9101d3f8b4433,vcsa01.corp.example,5f3c9a8e-1b2d-4c7e-9a10-2f6b8d4e7c31
DEV-CTX-072,poweredOn,False,False,Hard disk 2,2001,6000C29522f5b1a93e4f22ba7eb3eae7,[dev-nfs-02] DEV-CTX-072/DEV-CTX-072_1.vmdk,256000,False,persistent,sharingNone,True,False,False,False,normal,1000,0,-1,LSI Logic SAS,Hard disk 2,0:1,1,noSharing,[dev-nfs-02] DEV-CTX-072/DEV-CTX-072_1.vmdk,,,1,,,,,DC-East,Dev-Cluster,esx-dev01.corp.example,Dev,Microsoft Windows Server 2019 (64-bit),Microsoft Windows Server 2019 Standard,vm-1291,426570465b11f51ff7e9101d3f8b4433,vcsa01.corp.example,5f3c9a8e-1b2d-4c7e-9a10-2f6b8d4e7c31
DEV-CTX-072,poweredOn,False,False,Hard disk 3,2002,6000C2900327aec2f737e8bc90266418,[dev-nfs-02] DEV-CTX-072/DEV-CTX-072_2.vmdk,256000,False,persistent,sharingNone,False,False,False,False,normal,1000,0,-1,LSI Logic SAS,Hard disk 3,0:2,2,noSharing,[dev-nfs-02] DEV-CTX-072/DEV-CTX-072_2.vmdk,,,2,,,,,DC-East,Dev-Cluster,esx-dev01.corp.example,Dev,Microsoft Windows Server 2019 (64-bit),Microsoft Windows Server 2019 Standard,vm-1291,426570465b11f51ff7e9101d3f8b4433,vcsa01.corp.example,5f3c9a8e-1b2d-4c7e-9a10-2f6b8d4e7c31
DEV-APP-073,poweredOn,False,False,Hard disk 1,2000,6000C2901eb510092f85f6a6247d2d52,[dev-nfs-02] DEV-APP-073/DEV-APP-073.vmdk,40960,False,persistent,sharingNone,True,False,False,False,normal,1000,0,-1,LSI Logic SAS,Hard disk 1,0:0,0,noSharing,[dev-nfs-02] DEV-APP-073/DEV-APP-073.vmdk,,,0,,,,,DC-East,Dev-Cluster,esx-dev01.corp.example,Dev,SUSE Linux Enterprise 15 (64-bit),SUSE Linux Enterprise Server 15 SP5,vm-1292,421a16997648776e183fea703ff6579e,vcsa01.corp.example,5f3c9a8e-1b2d-4c7e-9a10-2f6b8d4e7c31
DEV-APP-074,poweredOn,False,False,Hard disk 1,2000,6000C29eee409f44c9594659db591d88,[dev-nfs-02] DEV-APP-074/DEV-APP-074.vmdk,102400,False,persistent,sharingNone,True,False,False,False,normal,1000,0,-1,VMware paravirtual SCSI,Hard disk 1,0:0,0,noSharing,[dev-nfs-02] DEV-APP-074/DEV-APP-074.vmdk,,,0,Owner: app-team,,,,DC-East,Dev-Cluster,esx-dev01.corp.example,Dev,Microsoft Windows Server 2019 (64-bit),Microsoft Windows Server 2019 Standard,vm-1293,4295132c15839b99a50a13dcf004e897,vcsa01.corp.example,5f3c9a8e-1b2d-4c7e-9a10-2f6b8d4e7c31
DEV-APP-075,poweredOn,False,False,Hard disk 1,2000,6000C29dcc3effe97232245cd2c351c2,[dev-nfs-02] DEV-APP-075/DEV-APP-075.vmdk,40960,False,persistent,sharingNone,True,False,False,False,normal,1000,0,-1,LSI Logic SAS,Hard disk 1,0:0,0,noSharing,[dev-nfs-02] DEV-APP-075/DEV-APP-075.vmdk,,,0,,,,,DC-East,Dev-Cluster,esx-dev01.corp.example,Dev,Ubuntu Linux (64-bit),Ubuntu 22.04.4 LTS,vm-1294,4254e074cf133b65d450afa2d8e70aeb,vcsa01.corp.example,5f3c9a8e-1b2d-4c7e-9a10-2f6b8d4e7c31
DEV-CTX-076,poweredOn,False,False,Hard disk 1,2000,6000C29bd3c0d6c5584e6851f2b158c7,[dev-nfs-01] DEV-CTX-076/DEV-CTX-076.vmdk,102400,False,persistent,sharingNone,False,True,False,False,normal,1000,0,-1,LSI Logic,Hard disk 1,0:0,0,noSharing,[dev-nfs-01] DEV-CTX-076/DEV-CTX-076.vmdk,,,0,,,,,DC-East,Dev-Cluster,esx-dev02.corp.example,Dev,Red Hat Enterprise Linux 9 (64-bit),Red Hat Enterprise Linux 9.2 (Plow),vm-1295,425a9c062c3d17e26d39da75aee70ab2,vcsa01.corp.example,5f3c9a8e-1b2d-4c7e-9a10-2f6b8d4e7c31
DEV-RDS-077,poweredOn,False,False,Hard disk 1,2000,6000C297415b4add69e34120e2888ddb,[dev-nfs-02] DEV-RDS-077/DEV-RDS-077.vmdk,81920,False,persistent,sharingNone,False,True,False,False,normal,1000,0,-1,LSI Logic SAS,Hard disk 1,0:0,0,noSharing,[dev-nfs-02] DEV-RDS-077/DEV-RDS-077.vmdk,,,0,,,,,DC-East,Dev-Cluster,esx-dev01.corp.example,Dev,Microsoft Windows Server 2019 (64-bit),Microsoft Windows Server 2019 Standard,vm-1296,42e1fdc6697852217fb75c574b8c031f,vcsa01.corp.example,5f3c9a8e-1b2d-4c7e-9a10-2f6b8d4e7c31
DEV-RDS-077,poweredOn,False,False,Hard disk 2,2001,6000C29fe88668a4e0f99296ca89b460,[dev-nfs-02] DEV-RDS-077/DEV-RDS-077_1.vmdk,512000,False,persistent,sharingNone,True,False,False,False,normal,1000,0,-1,LSI Logic SAS,Hard disk 2,0:1,1,noSharing,[dev-nfs-02] DEV-RDS-077/DEV-RDS-077_1.vmdk,,,1,,,,,DC-East,Dev-Cluster,esx-dev01.corp.example,Dev,Microsoft Windows Server 2019 (64-bit),Microsoft Windows Server 2019 Standard,vm-1296,42e1fdc6697852217fb75c574b8c031f,vcsa01.corp.example,5f3c9a8e-1b2d-4c7e-9a10-2f6b8d4e7c31
DEV-FS-078,poweredOn,False,False,Hard disk 1,2000,6000C29d9ea565104aa4b8377d9e3bb2,[dev-nfs-02] DEV-FS-078/DEV-FS-078.vmdk,81920,False,persistent,sharingNone,True,False,False,False,normal,1000,0,-1,VMware paravirtual SCSI,Hard disk 1,0:0,0,noSharing,[dev-nfs-02] DEV-FS-078/DEV-FS-078.vmdk,,,0,,,,,DC-East,Dev-Cluster,esx-dev01.corp.example,Dev,Microsoft Windows Server 2016 or later (64-bit),Microsoft Windows Server 2022 Datacenter,vm-1297,42cb7b0b8b2d158acd5ae324fe7c80e9,vcsa01.corp.example,5f3c9a8e-1b2d-4c7e-9a10-2f6b8d4e7c31
DEV-FS-078,poweredOn,False,False,Hard disk 2,2001,6000C2904cffa0376feb3d4615f3f9e1,[dev-nfs-02] DEV-FS-078/DEV-FS-078_1.vmdk,102400,False,persistent,sharingNone,False,False,False,False,normal,1000,0,-1,VMware paravirtual SCSI,Hard disk 2,0:1,1,noSharing,[dev-nfs-02] DEV-FS-078/DEV-FS-078_1.vmdk,,,1,Owner: app-team,,,,DC-East,Dev-Cluster,esx-dev01.corp.example,Dev,Microsoft Windows Server 2016 or later (64-bit),Microsoft Windows Server 2022 Datacenter,vm-1297,42cb7b0b8b2d158acd5ae324fe7c80e9,vcsa01.corp.example,5f3c9a8e-1b2d-4c7e-9a10-2f6b8d4e7c31
DEV-FS-078,poweredOn,False,False,Hard disk 3,2002,6000C29cb9e1aa73bcaa8722923f720a,[dev-nfs-02] DEV-FS-078/DEV-FS-078_2.vmdk,512000,False,persistent,sharingNone,True,False,False,False,normal,1000,0,-1,VMware paravirtual SCSI,Hard disk 3,0:2,2,noSharing,[dev-nfs-02] DEV-FS-078/DEV-FS-078_2.vmdk,,,2,,,,,DC-East,Dev-Cluster,esx-dev01.corp.example,Dev,Microsoft Windows Server 2016 or later (64-bit),Microsoft Windows Server 2022 Datacenter,vm-1297,42cb7b0b8b2d158acd5ae324fe7c80e9,vcsa01.corp.example,5f3c9a8e-1b2d-4c7e-9a10-2f6b8d4e7c31
DEV-FS-078,poweredOn,False,False,Hard disk 4,2003,6000C29fe4cbbdb8c4beb48fd2e9c930,[dev-nfs-01] DEV-FS-078/DEV-FS-078_3.vmdk,512000,False,persistent,sharingNone,False,True,False,False,normal,1000,0,-1,VMware paravirtual SCSI,Hard disk 4,0:3,3,noSharing,[dev-nfs-01] DEV-FS-078/DEV-FS-078_3.vmdk,,,3,,,,,DC-East,Dev-Cluster,esx-dev01.corp.example,Dev,Microsoft Windows Server 2016 or later (64-bit),Microsoft Windows Server 2022 Datacenter,vm-1297,42cb7b0b8b2d158acd5ae324fe7c80e9,vcsa01.corp.example,5f3c9a8e-1b2d-4c7e-9a10-2f6b8d4e7c31
DEV-RDS-079,poweredOn,False,False,Hard disk 1,2000,6000C29f10e001992b0d5b1c027d8e84,[dev-nfs-01] DEV-RDS-079/DEV-RDS-079.vmdk,81920,False,persistent,sharingNone,True,False,False,False,normal,1000,0,-1,VMware paravirtual SCSI,Hard disk 1,0:0,0,noSharing,[dev-nfs-01] DEV-RDS-079/DEV-RDS-079.vmdk,,,0,Owner: app-team,,,,DC-East,Dev-Cluster,esx-dev03.corp.example,Dev,Red Hat Enterprise Linux 8 (64-bit),Red Hat Enterprise Linux 8.8 (Ootpa),vm-1298,4206ac102e0869c1453b45fe636cf499,vcsa01.corp.example,5f3c9a8e-1b2d-4c7e-9a10-2f6b8d4e7c31
DEV-WEB-080,poweredOn,False,False,Hard disk 1,2000,6000C29197ff96423d40f9b074147301,[dev-nfs-02] DEV-WEB-080/DEV-WEB-080.vmdk,61440,False,persistent,sharingNone,True,False,False,False,normal,1000,0,-1,VMware paravirtual SCSI,Hard disk 1,0:0,0,noSharing,[dev-nfs-02] DEV-WEB-080/DEV-WEB-080.vmdk,,,0,,,,,DC-East,Dev-Cluster,esx-dev01.corp.example,Dev,Red Hat Enterprise Linux 9 (64-bit),Red Hat Enterprise Linux 9.2 (Plow),vm-1299,42f956be3b964c74ffe6299495804c2a,vcsa01.corp.example,5f3c9a8e-1b2d-4c7e-9a10-2f6b8d4e7c31
DEV-WEB-080,poweredOn,False,False,Hard disk 2,2001,6000C29985664da48422edc700dc1d6c,[dev-nfs-02] DEV-WEB-080/DEV-WEB-080_1.vmdk,51200,False,persistent,sharingNone,True,False,False,False,normal,1000,0,-1,VMware paravirtual SCSI,Hard disk 2,0:1,1,noSharing,[dev-nfs-02] DEV-WEB-080/DEV-WEB-080_1.vmdk,,,1,,,,,DC-East,Dev-Cluster,esx-dev01.corp.example,Dev,Red Hat Enterprise Linux 9 (64-bit),Red Hat Enterprise Linux 9.2 (Plow),vm-1299,42f956be3b964c74ffe6299495804c2a,vcsa01.corp.example,5f3c9a8e-1b2d-4c7e-9a10-2f6b8d4e7c31
DEV-WEB-080,poweredOn,False,False,Hard disk 3,2002,6000C29117090396ffd04fa69170d854,[dev-nfs-02] DEV-WEB-080/DEV-WEB-080_2.vmdk,2048000,False,persistent,sharingNone,True,False,False,False,normal,1000,0,-1,VMware paravirtual SCSI,Hard disk 3,0:2,2,noSharing,[dev-nfs-02] DEV-WEB-080/DEV-WEB-080_2.vmdk,,,2,Owner: app-team,,,,DC-East,Dev-Cluster,esx-dev01.corp.example,Dev,Red Hat Enterprise Linux 9 (64-bit),Red Hat Enterprise Linux 9.2 (Plow),vm-1299,42f956be3b964c74ffe6299495804c2a,vcsa01.corp.example,5f3c9a8e-1b2d-4c7e-9a10-2f6b8d4e7c31
DEV-WEB-081,poweredOn,False,False,Hard disk 1,2000,6000C2909e269012b7636ce8bd7177cf,[dev-nfs-02] DEV-WEB-081/DEV-WEB-081.vmdk,81920,False,persistent,sharingNone,False,False,False,False,normal,1000,0,-1,LSI Logic SAS,Hard disk 1,0:0,0,noSharing,[dev-nfs-02] DEV-WEB-081/DEV-WEB-081.vmdk,,,0,,,,,DC-East,Dev-Cluster,esx-dev03.corp.example,Dev,Red Hat Enterprise Linux 9 (64-bit),Red Hat Enterprise Linux 9.2 (Plow),vm-1300,42d8b48e93608edf382b5b86f2a32efd,vcsa01.corp.example,5f3c9a8e-1b2d-4c7e-9a10-2f6b8d4e7c31
DEV-APP-082,poweredOff,False,False,Hard disk 1,2000,6000C29dd0e1288198c2fc34ebde34e7,[dev-nfs-01] DEV-APP-082/DEV-APP-082.vmdk,40960,False,persistent,sharingNone,True,False,False,False,normal,1000,0,-1,VMware paravirtual SCSI,Hard disk 1,0:0,0,noSharing,[dev-nfs-01] DEV-APP-082/DEV-APP-082.vmdk,,,0,,,,,DC-East,Dev-Cluster,esx-dev01.corp.example,Dev,Microsoft Windows Server 2019 (64-bit),,vm-1301,425a07d7b357f3f9b4157cea07388ba4,vcsa01.corp.example,5f3c9a8e-1b2d-4c7e-9a10-2f6b8d4e7c31
DEV-WEB-083,poweredOn,False,False,Hard disk 1,2000,6000C2954256dc8db1bdd56a5e8fb079,[dev-nfs-02] DEV-WEB-083/DEV-WEB-083.vmdk,40960,False,persistent,sharingNone,True,False,False,False,normal,1000,0,-1,VMware paravirtual SCSI,Hard disk 1,0:0,0,noSharing,[dev-nfs-02] DEV-WEB-083/DEV-WEB-083.vmdk,,,0,,,,,DC-East,Dev-Cluster,esx-dev02.corp.example,Dev,Microsoft Windows Server 2016 (64-bit),Microsoft Windows Server 2016 Standard,vm-1302,423803dc9a0692953b8d34470e61065f,vcsa01.corp.example,5f3c9a8e-1b2d-4c7e-9a10-2f6b8d4e7c31
DEV-WEB-083,poweredOn,False,False,Hard disk 2,2001,6000C29cf67d848892c5d3d7c25cdea8,[dev-nfs-02] DEV-WEB-083/DEV-WEB-083_1.vmdk,102400,False,persistent,sharingNone,False,False,False,False,normal,1000,0,-1,VMware paravirtual SCSI,Hard disk 2,0:1,1,noSharing,[dev-nfs-02] DEV-WEB-083/DEV-WEB-083_1.vmdk,,,1,,,,,DC-East,Dev-Cluster,esx-dev02.corp.example,Dev,Microsoft Windows Server 2016 (64-bit),Microsoft Windows Server 2016 Standard,vm-1302,423803dc9a0692953b8d34470e61065f,vcsa01.corp.example,5f3c9a8e-1b2d-4c7e-9a10-2f6b8d4e7c31
DEV-CTX-084,poweredOff,False,False,Hard disk 1,2000,6000C2944019175a98e418359b7215f8,[dev-nfs-01] DEV-CTX-084/DEV-CTX-084.vmdk,102400,False,persistent,sharingNone,True,False,False,False,normal,1000,0,-1,LSI Logic SAS,Hard disk 1,0:0,0,noSharing,[dev-nfs-01] DEV-CTX-084/DEV-CTX-084.vmdk,,,0,,,,,DC-East,Dev-Cluster,esx-dev01.corp.example,Dev,Red Hat Enterprise Linux 9 (64-bit),,vm-1303,420f3f0f52d6b779de4379cbd8230076,vcsa01.corp.example,5f3c9a8e-1b2d-4c7e-9a10-2f6b8d4e7c31
DEV-CTX-084,poweredOff,False,False,Hard disk 2,2001,6000C296dcfca74845f97eabb43cdbe2,[dev-nfs-02] DEV-CTX-084/DEV-CTX-084_1.vmdk,256000,False,persistent,sharingNone,True,False,False,False,normal,1000,0,-1,LSI Logic SAS,Hard disk 2,0:1,1,noSharing,[dev-nfs-02] DEV-CTX-084/DEV-CTX-084_1.vmdk,,,1,,,,,DC-East,Dev-Cluster,esx-dev01.corp.example,Dev,Red Hat Enterprise Linux 9 (64-bit),,vm-1303,420f3f0f52d6b779de4379cbd8230076,vcsa01.corp.example,5f3c9a8e-1b2d-4c7e-9a10-2f6b8d4e7c31
DEV-CTX-084,poweredOff,False,False,Hard disk 3,2002,6000C2910dbd384db7533ff525f50323,[dev-nfs-01] DEV-CTX-084/DEV-CTX-084_2.vmdk,768000,False,persistent,sharingNone,True,False,False,False,normal,1000,0,-1,LSI Logic SAS,Hard disk 3,0:2,2,noSharing,[dev-nfs-01] DEV-CTX-084/DEV-CTX-084_2.vmdk,,,2,Owner: app-team,,,,DC-East,Dev-Cluster,esx-dev01.corp.example,Dev,Red Hat Enterprise Linux 9 (64-bit),,vm-1303,420f3f0f52d6b779de4379cbd8230076,vcsa01.corp.example,5f3c9a8e-1b2d-4c7e-9a10-2f6b8d4e7c31
DEV-APP-085,poweredOn,False,False,Hard disk 1,2000,6000C292641df3f9e403cbbbf60249b5,[dev-nfs-02] DEV-APP-085/DEV-APP-085.vmdk,102400,False,persistent,sharingNone,False,False,False,False,normal,1000,0,-1,VMware paravirtual SCSI,Hard disk 1,0:0,0,noSharing,[dev-nfs-02] DEV-APP-085/DEV-APP-085.vmdk,,,0,Owner: app-team,,,,DC-East,Dev-Cluster,esx-dev01.corp.example,Dev,CentOS 7 (64-bit),CentOS Linux 7 (Core),vm-1304,429605306545c030a981fa54f121e129,vcsa01.corp.example,5f3c9a8e-1b2d-4c7e-9a10-2f6b8d4e7c31
DEV-APP-085,poweredOn,False,False,Hard disk 2,2001,6000C291e322544a80343d4d58be184d,[dev-nfs-02] DEV-APP-085/DEV-APP-085_1.vmdk,51200,False,persistent,sharingNone,False,False,False,False,normal,1000,0,-1,VMware paravirtual SCSI,Hard disk 2,0:1,1,noSharing,[dev-nfs-02] DEV-APP-085/DEV-APP-085_1.vmdk,,,1,,,,,DC-East,Dev-Cluster,esx-dev01.corp.example,Dev,CentOS 7 (64-bit),CentOS Linux 7 (Core),vm-1304,429605306545c030a981fa54f121e129,vcsa01.corp.example,5f3c9a8e-1b2d-4c7e-9a10-2f6b8d4e7c31
DEV-APP-086,poweredOn,False,False,Hard disk 1,2000,6000C29a1dbefabd8c881f361b705635,[dev-nfs-02] DEV-APP-086/DEV-APP-086.vmdk,40960,False,persistent,sharingNone,True,False,False,False,normal,1000,0,-1,VMware paravirtual SCSI,Hard disk 1,0:0,0,noSharing,[dev-nfs-02] DEV-APP-086/DEV-APP-086.vmdk,,,0,,,,,DC-East,Dev-Cluster,esx-dev03.corp.example,Dev,Ubuntu Linux (64-bit),Ubuntu 18.04.6 LTS,vm-1305,428fddbef7ff88d4b509f08a2c988bca,vcsa01.corp.example,5f3c9a8e-1b2d-4c7e-9a10-2f6b8d4e7c31
DEV-CTX-087,poweredOn,False,False,Hard disk 1,2000,6000C29820b6a33c15d324dc0dc4aa10,[dev-nfs-01] DEV-CTX-087/DEV-CTX-087.vmdk,81920,False,persistent,sharingNone,True,False,False,False,normal,1000,0,-1,LSI Logic SAS,Hard disk 1,0:0,0,noSharing,[dev-nfs-01] DEV-CTX-087/DEV-CTX-087.vmdk,,,0,Owner: app-team,,,,DC-East,Dev-Cluster,esx-dev01.corp.example,Dev,Microsoft Windows Server 2016 or later (64-bit),Microsoft Windows Server 2022 Datacenter,vm-1306,42b3b6d3f2e3c6f00075d3d5ba94aa66,vcsa01.corp.example,5f3c9a8e-1b2d-4c7e-9a10-2f6b8d4e7c31
DEV-APP-088,poweredOn,False,False,Hard disk 1,2000,6000C2966dec0f06bc450b7c7f6d19a8,[dev-nfs-01] DEV-APP-088/DEV-APP-088.vmdk,61440,False,persistent,sharingNone,True,False,False,False,normal,1000,0,-1,LSI Logic SAS,Hard disk 1,0:0,0,noSharing,[dev-nfs-01] DEV-APP-088/DEV-APP-088.vmdk,,,0,,,,,DC-East,Dev-Cluster,esx-dev03.corp.example,Dev,Microsoft Windows Server 2016 or later (64-bit),Microsoft Windows Server 2022 Datacenter,vm-1307,422401347f05fbf5efcac5771aa6f7cb,vcsa01.corp.example,5f3c9a8e-1b2d-4c7e-9a10-2f6b8d4e7c31
DEV-SQL-089,poweredOn,False,False,Hard disk 1,2000,6000C2991b69000c067070e0f7658613,[dev-nfs-01] DEV-SQL-089/DEV-SQL-089.vmdk,102400,False,persistent,sharingNone,True,False,False,False,normal,1000,0,-1,LSI Logic SAS,Hard disk 1,0:0,0,noSharing,[dev-nfs-01] DEV-SQL-089/DEV-SQL-089.vmdk,,,0,Owner: app-team,,,,DC-East,Dev-Cluster,esx-dev01.corp.example,Dev,Microsoft Windows Server 2012 (64-bit),Microsoft Windows Server 2012 R2 Standard,vm-1308,4202ead2725656e355f3ad50e2fbb984,vcsa01.corp.example,5f3c9a8e-1b2d-4c7e-9a10-2f6b8d4e7c31
DEV-SQL-089,poweredOn,False,False,Hard disk 2,2001,6000C2975daef60b01c080383c91accc,[dev-nfs-01] DEV-SQL-089/DEV-SQL-089_1.vmdk,51200,False,persistent,sharingNone,True,False,False,False,normal,1000,0,-1,LSI Logic SAS,Hard disk 2,0:1,1,noSharing,[dev-nfs-01] DEV-SQL-089/DEV-SQL-089_1.vmdk,,,1,,,,,DC-East,Dev-Cluster,esx-dev01.corp.example,Dev,Microsoft Windows Server 2012 (64-bit),Microsoft Windows Server 2012 R2 Standard,vm-1308,4202ead2725656e355f3ad50e2fbb984,vcsa01.corp.example,5f3c9a8e-1b2d-4c7e-9a10-2f6b8d4e7c31
DEV-SQL-089,poweredOn,False,False,Hard disk 3,2002,6000C293fba837a7a03c6494cc6dbed4,[dev-nfs-01] DEV-SQL-089/DEV-SQL-089_2.vmdk,256000,False,persistent,sharingNone,True,False,False,False,normal,1000,0,-1,LSI Logic SAS,Hard disk 3,0:2,2,noSharing,[dev-nfs-01] DEV-SQL-089/DEV-SQL-089_2.vmdk,,,2,,,,,DC-East,Dev-Cluster,esx-dev01.corp.example,Dev,Microsoft Windows Server 2012 (64-bit),Microsoft Windows Server 2012 R2 Standard,vm-1308,4202ead2725656e355f3ad50e2fbb984,vcsa01.corp.example,5f3c9a8e-1b2d-4c7e-9a10-2f6b8d4e7c31
DEV-SQL-090,poweredOn,False,False,Hard disk 1,2000,6000C29682673f9a00f899defca339e8,[dev-nfs-01] DEV-SQL-090/DEV-SQL-090.vmdk,61440,False,persistent,sharingNone,True,False,False,False,normal,1000,0,-1,LSI Logic SAS,Hard disk 1,0:0,0,noSharing,[dev-nfs-01] DEV-SQL-090/DEV-SQL-090.vmdk,,,0,,,,,DC-East,Dev-Cluster,esx-dev02.corp.example,Dev,Red Hat Enterprise Linux 8 (64-bit),Red Hat Enterprise Linux 8.8 (Ootpa),vm-1309,42f8170e6b6e64c5bb8aa843702f31e5,vcsa01.corp.example,5f3c9a8e-1b2d-4c7e-9a10-2f6b8d4e7c31
vcsa01,poweredOn,False,False,Hard disk 1,2000,6000C29a149ceebdd472511a7792a78a,[mgmt-vsan] vcsa01/vcsa01.vmdk,102400,False,persistent,sharingNone,True,False,False,False,normal,1000,0,-1,LSI Logic SAS,Hard disk 1,0:0,0,noSharing,[mgmt-vsan] vcsa01/vcsa01.vmdk,,,0,Owner: app-team,,,,DC-West,Mgmt-Cluster,esx-mgmt02.corp.example,Mgmt,VMware Photon OS (64-bit),VMware Photon OS 3.0,vm-1310,427abfced42cb1ae19f738cb6016c743,vcsa01.corp.example,5f3c9a8e-1b2d-4c7e-9a10-2f6b8d4e7c31
nsx-mgr-01,poweredOn,False,False,Hard disk 1,2000,6000C29860df109ac0ff979ebd29e827,[mgmt-vsan] nsx-mgr-01/nsx-mgr-01.vmdk,61440,False,persistent,sharingNone,True,False,False,False,normal,1000,0,-1,LSI Logic SAS,Hard disk 1,0:0,0,noSharing,[mgmt-vsan] nsx-mgr-01/nsx-mgr-01.vmdk,,,0,Owner: app-team,,,,DC-West,Mgmt-Cluster,esx-mgmt01.corp.example,Mgmt,VMware Photon OS (64-bit),VMware Photon OS 3.0,vm-1311,42088dbdd883e3f8cc9803de12de9e5a,vcsa01.corp.example,5f3c9a8e-1b2d-4c7e-9a10-2f6b8d4e7c31
nsx-mgr-01,poweredOn,False,False,Hard disk 2,2001,6000C295163dcf6f269bded71c474b1c,[mgmt-vsan] nsx-mgr-01/nsx-mgr-01_1.vmdk,2048000,False,persistent,sharingNone,False,False,False,False,normal,1000,0,-1,LSI Logic SAS,Hard disk 2,0:1,1,noSharing,[mgmt-vsan] nsx-mgr-01/nsx-mgr-01_1.vmdk,,,1,,,,,DC-West,Mgmt-Cluster,esx-mgmt01.corp.example,Mgmt,VMware Photon OS (64-bit),VMware Photon OS 3.0,vm-1311,42088dbdd883e3f8cc9803de12de9e5a,vcsa01.corp.example,5f3c9a8e-1b2d-4c7e-9a10-2f6b8d4e7c31
nsx-mgr-01,poweredOn,False,False,Hard disk 3,2002,6000C29940b60c17d7ee15bc6ecd8788,[mgmt-vsan] nsx-mgr-01/nsx-mgr-01_2.vmdk,204800,False,persistent,sharingNone,True,False,False,False,normal,1000,0,-1,LSI Logic SAS,Hard disk 3,0:2,2,noSharing,[mgmt-vsan] nsx-mgr-01/nsx-mgr-01_2.vmdk,,,2,,,,,DC-West,Mgmt-Cluster,esx-mgmt01.corp.example,Mgmt,VMware Photon OS (64-bit),VMware Photon OS 3.0,vm-1311,42088dbdd883e3f8cc9803de12de9e5a,vcsa01.corp.example,5f3c9a8e-1b2d-4c7e-9a10-2f6b8d4e7c31
nsx-mgr-02,poweredOn,False,False,Hard disk 1,2000,6000C2943bc6c4e26dd5346eab2f4642,[mgmt-vsan] nsx-mgr-02/nsx-mgr-02.vmdk,61440,False,persistent,sharingNone,True,False,False,False,normal,1000,0,-1,LSI Logic SAS,Hard disk 1,0:0,0,noSharing,[mgmt-vsan] nsx-mgr-02/nsx-mgr-02.vmdk,,,0,Owner: app-team,,,,DC-West,Mgmt-Cluster,esx-mgmt01.corp.example,Mgmt,VMware Photon OS (64-bit),VMware Photon OS 3.0,vm-1312,42bb635f29310971601e0211e34f76b4,vcsa01.corp.example,5f3c9a8e-1b2d-4c7e-9a10-2f6b8d4e7c31
nsx-mgr-03,poweredOn,False,False,Hard disk 1,2000,6000C290fe32d7e119cb2d9ed109fd54,[mgmt-vsan] nsx-mgr-03/nsx-mgr-03.vmdk,102400,False,persistent,sharingNone,False,False,False,False,normal,1000,0,-1,LSI Logic SAS,Hard disk 1,0:0,0,noSharing,[mgmt-vsan] nsx-mgr-03/nsx-mgr-03.vmdk,,,0,Owner: app-team,,,,DC-West,Mgmt-Cluster,esx-mgmt02.corp.example,Mgmt,VMware Photon OS (64-bit),VMware Photon OS 3.0,vm-1313,422a3d41a754a29ff143e5456e6b34b9,vcsa01.corp.example,5f3c9a8e-1b2d-4c7e-9a10-2f6b8d4e7c31
ad-dc01,poweredOn,False,False,Hard disk 1,2000,6000C29da450f04fbae0054db6a9e66b,[mgmt-vsan] ad-dc01/ad-dc01.vmdk,81920,False,persistent,sharingNone,True,False,False,False,normal,1000,0,-1,LSI Logic,Hard disk 1,0:0,0,noSharing,[mgmt-vsan] ad-dc01/ad-dc01.vmdk,,,0,,,,,DC-West,Mgmt-Cluster,esx-mgmt01.corp.example,Mgmt,Microsoft Windows Server 2016 or later (64-bit),Microsoft Windows Server 2022 Datacenter,vm-1314,42ecf264b8d77d2f8dda4ff2b27b7bb4,vcsa01.corp.example,5f3c9a8e-1b2d-4c7e-9a10-2f6b8d4e7c31
ad-dc01,poweredOn,False,False,Hard disk 2,2001,6000C2930ef6da2afcc9cdf10d88fa93,[mgmt-vsan] ad-dc01/ad-dc01_1.vmdk,2048000,False,persistent,sharingNone,False,False,False,False,normal,1000,0,-1,LSI Logic,Hard disk 2,0:1,1,noSharing,[mgmt-vsan] ad-dc01/ad-dc01_1.vmdk,,,1,Owner: app-team,,,,DC-West,Mgmt-Cluster,esx-mgmt01.corp.example,Mgmt,Microsoft Windows Server 2016 or later (64-bit),Microsoft Windows Server 2022 Datacenter,vm-1314,42ecf264b8d77d2f8dda4ff2b27b7bb4,vcsa01.corp.example,5f3c9a8e-1b2d-4c7e-9a10-2f6b8d4e7c31
ad-dc01,poweredOn,False,False,Hard disk 3,2002,6000C291339ef82bb2e8f8bfffdf6588,[mgmt-vsan] ad-dc01/ad-dc01_2.vmdk,512000,False,persistent,sharingNone,True,False,False,False,normal,1000,0,-1,LSI Logic,Hard disk 3,0:2,2,noSharing,[mgmt-vsan] ad-dc01/ad-dc01_2.vmdk,,,2,,,,,DC-West,Mgmt-Cluster,esx-mgmt01.corp.example,Mgmt,Microsoft Windows Server 2016 or later (64-bit),Microsoft Windows Server 2022 Datacenter,vm-1314,42ecf264b8d77d2f8dda4ff2b27b7bb4,vcsa01.corp.example,5f3c9a8e-1b2d-4c7e-9a10-2f6b8d4e7c31
ad-dc01,poweredOn,False,False,Hard disk 4,2003,6000C299979c2adcd3fc86218cfe8711,[mgmt-vsan] ad-dc01/ad-dc01_3.vmdk,1024000,False,persistent,sharingNone,True,False,False,False,normal,1000,0,-1,LSI Logic,Hard disk 4,0:3,3,noSharing,[mgmt-vsan] ad-dc01/ad-dc01_3.vmdk,,,3,,,,,DC-West,Mgmt-Cluster,esx-mgmt01.corp.example,Mgmt,Microsoft Windows Server 2016 or later (64-bit),Microsoft Windows Server 2022 Datacenter,vm-1314,42ecf264b8d77d2f8dda4ff2b27b7bb4,vcsa01.corp.example,5f3c9a8e-1b2d-4c7e-9a10-2f6b8d4e7c31
ad-dc02,poweredOn,False,False,Hard disk 1,2000,6000C292ed646014e254c6d16350eff7,[mgmt-vsan] ad-dc02/ad-dc02.vmdk,61440,False,persistent,sharingNone,True,False,False,False,normal,1000,0,-1,LSI Logic SAS,Hard disk 1,0:0,0,noSharing,[mgmt-vsan] ad-dc02/ad-dc02.vmdk,,,0,,,,,DC-West,Mgmt-Cluster,esx-mgmt02.corp.example,Mgmt,Microsoft Windows Server 2019 (64-bit),Microsoft Windows Server 2019 Standard,vm-1315,427daec9d700b4618cb6b0ba925f8199,vcsa01.corp.example,5f3c9a8e-1b2d-4c7e-9a10-2f6b8d4e7c31
veeam-br01,poweredOn,False,False,Hard disk 1,2000,6000C298567351cb393478435739d3a3,[mgmt-vsan] veeam-br01/veeam-br01.vmdk,81920,False,persistent,sharingNone,False,False,False,False,normal,1000,0,-1,LSI Logic,Hard disk 1,0:0,0,noSharing,[mgmt-vsan] veeam-br01/veeam-br01.vmdk,,,0,Owner: app-team,,,,DC-West,Mgmt-Cluster,esx-mgmt01.corp.example,Mgmt,Microsoft Windows Server 2016 or later (64-bit),Microsoft Windows Server 2022 Datacenter,vm-1316,4218d422331de35c7af6cd4199a7b99b,vcsa01.corp.example,5f3c9a8e-1b2d-4c7e-9a10-2f6b8d4e7c31
veeam-br01,poweredOn,False,False,Hard disk 2,2001,6000C29e78f8ebed05cb54651e8fada4,[mgmt-vsan] veeam-br01/veeam-br01_1.vmdk,204800,False,persistent,sharingNone,True,False,False,False,normal,1000,0,-1,LSI Logic,Hard disk 2,0:1,1,noSharing,[mgmt-vsan] veeam-br01/veeam-br01_1.vmdk,,,1,Owner: app-team,,,,DC-West,Mgmt-Cluster,esx-mgmt01.corp.example,Mgmt,Microsoft Windows Server 2016 or later (64-bit),Microsoft Windows Server 2022 Datacenter,vm-1316,4218d422331de35c7af6cd4199a7b99b,vcsa01.corp.example,5f3c9a8e-1b2d-4c7e-9a10-2f6b8d4e7c31
veeam-proxy-01,poweredOn,False,False,Hard disk 1,2000,6000C2979d95f5c5c77978481c6ef704,[mgmt-vsan] veeam-proxy-01/veeam-proxy-01.vmdk,102400,False,persistent,sharingNone,True,False,False,False,normal,1000,0,-1,LSI Logic SAS,Hard disk 1,0:0,0,noSharing,[mgmt-vsan] veeam-proxy-01/veeam-proxy-01.vmdk,,,0,,,,,DC-West,Mgmt-Cluster,esx-mgmt01.corp.example,Mgmt,Microsoft Windows Server 2016 (64-bit),Microsoft Windows Server 2016 Standard,vm-1317,427d3572788fd0cd65c06b93c8edabdd,vcsa01.corp.example,5f3c9a8e-1b2d-4c7e-9a10-2f6b8d4e7c31
veeam-proxy-02,poweredOn,False,False,Hard disk 1,2000,6000C29c2e9b8fb501c90e2ae726f649,[mgmt-vsan] veeam-proxy-02/veeam-proxy-02.vmdk,102400,False,persistent,sharingNone,True,False,False,False,normal,1000,0,-1,LSI Logic SAS,Hard disk 1,0:0,0,noSharing,[mgmt-vsan] veeam-proxy-02/veeam-proxy-02.vmdk,,,0,Owner: app-team,,,,DC-West,Mgmt-Cluster,esx-mgmt02.corp.example,Mgmt,Microsoft Windows Server 2019 (64-bit),Microsoft Windows Server 2019 Standard,vm-1318,4243675d0b6c03c8721e54192fc3e649,vcsa01.corp.example,5f3c9a8e-1b2d-4c7e-9a10-2f6b8d4e7c31
vrli-01,poweredOn,False,False,Hard disk 1,2000,6000C291d3016d19f8642165298a7a60,[mgmt-vsan] vrli-01/vrli-01.vmdk,102400,False,persistent,sharingNone,True,False,False,False,normal,1000,0,-1,VMware paravirtual SCSI,Hard disk 1,0:0,0,noSharing,[mgmt-vsan] vrli-01/vrli-01.vmdk,,,0,,,,,DC-West,Mgmt-Cluster,esx-mgmt02.corp.example,Mgmt,VMware Photon OS (64-bit),VMware Photon OS 3.0,vm-1319,42aadf36b24beb96c0927b7426b07ff6,vcsa01.corp.example,5f3c9a8e-1b2d-4c7e-9a10-2f6b8d4e7c31
vrli-01,poweredOn,False,False,Hard disk 2,2001,6000C296fe49d6cdca12516809bdbd25,[mgmt-vsan] vrli-01/vrli-01_1.vmdk,768000,False,persistent,sharingNone,True,False,False,False,normal,1000,0,-1,VMware paravirtual SCSI,Hard disk 2,0:1,1,noSharing,[mgmt-vsan] vrli-01/vrli-01_1.vmdk,,,1,,,,,DC-West,Mgmt-Cluster,esx-mgmt02.corp.example,Mgmt,VMware Photon OS (64-bit),VMware Photon OS 3.0,vm-1319,42aadf36b24beb96c0927b7426b07ff6,vcsa01.corp.example,5f3c9a8e-1b2d-4c7e-9a10-2f6b8d4e7c31
vrops-01,poweredOn,False,False,Hard disk 1,2000,6000C29fbfa223dab26d60785d5b7adb,[mgmt-vsan] vrops-01/vrops-01.vmdk,61440,False,persistent,sharingNone,True,False,False,False,normal,1000,0,-1,VMware paravirtual SCSI,Hard disk 1,0:0,0,noSharing,[mgmt-vsan] vrops-01/vrops-01.vmdk,,,0,,,,,DC-West,Mgmt-Cluster,esx-mgmt02.corp.example,Mgmt,VMware Photon OS (64-bit),VMware Photon OS 3.0,vm-1320,42631962d73e7bb90f9ca17b8db8dadf,vcsa01.corp.example,5f3c9a8e-1b2d-4c7e-9a10-2f6b8d4e7c31
jump-01,poweredOn,False,False,Hard disk 1,2000,6000C29ce48dc1a8420e199bc44fdf5b,[mgmt-vsan] jump-01/jump-01.vmdk,61440,False,persistent,sharingNone,False,True,False,False,normal,1000,0,-1,VMware paravirtual SCSI,Hard disk 1,0:0,0,noSharing,[mgmt-vsan] jump-01/jump-01.vmdk,,,0,Owner: app-team,,,,DC-West,Mgmt-Cluster,esx-mgmt02.corp.example,Mgmt,Microsoft Windows Server 2016 (64-bit),Microsoft Windows Server 2016 Standard,vm-1321,42e71c686511e61a143665f54c819260,vcsa01.corp.example,5f3c9a8e-1b2d-4c7e-9a10-2f6b8d4e7c31
jump-02,poweredOn,False,False,Hard disk 1,2000,6000C29d50ff1ea703f5dc20d065699a,[mgmt-vsan] jump-02/jump-02.vmdk,81920,False,persistent,sharingNone,True,False,False,False,normal,1000,0,-1,LSI Logic SAS,Hard disk 1,0:0,0,noSharing,[mgmt-vsan] jump-02/jump-02.vmdk,,,0,Owner: app-team,,,,DC-West,Mgmt-Cluster,esx-mgmt01.corp.example,Mgmt,Microsoft Windows Server 2019 (64-bit),Microsoft Windows Server 2019 Standard,vm-1322,42f8dfcc2acb4fbdfbff8a7df2f5b176,vcsa01.corp.example,5f3c9a8e-1b2d-4c7e-9a10-2f6b8d4e7c31
pki-root,poweredOn,False,False,Hard disk 1,2000,6000C29117391cff8cc990524f52ddca,[mgmt-vsan] pki-root/pki-root.vmdk,102400,False,persistent,sharingNone,False,False,False,False,normal,1000,0,-1,LSI Logic SAS,Hard disk 1,0:0,0,noSharing,[mgmt-vsan] pki-root/pki-root.vmdk,,,0,Owner: app-team,,,,DC-West,Mgmt-Cluster,esx-mgmt02.corp.example,Mgmt,Microsoft Windows Server 2019 (64-bit),Microsoft Windows Server 2019 Standard,vm-1323,42a091e5d2938e6eff4d093033b0fb53,vcsa01.corp.example,5f3c9a8e-1b2d-4c7e-9a10-2f6b8d4e7c31
pki-sub01,poweredOn,False,False,Hard disk 1,2000,6000C291dd3e0153ea15bb14c3d1b0b7,[mgmt-vsan] pki-sub01/pki-sub01.vmdk,102400,False,persistent,sharingNone,False,True,False,False,normal,1000,0,-1,VMware paravirtual SCSI,Hard disk 1,0:0,0,noSharing,[mgmt-vsan] pki-sub01/pki-sub01.vmdk,,,0,Owner: app-team,,,,DC-West,Mgmt-Cluster,esx-mgmt01.corp.example,Mgmt,Microsoft Windows Server 2019 (64-bit),Microsoft Windows Server 2019 Standard,vm-1324,4246b518db4bb8eb537d0bd18d536c75,vcsa01.corp.example,5f3c9a8e-1b2d-4c7e-9a10-2f6b8d4e7c31
syslog-01,poweredOn,False,False,Hard disk 1,2000,6000C299cfe5aa88abe3ec98c32e6e52,[mgmt-vsan] syslog-01/syslog-01.vmdk,102400,False,persistent,sharingNone,True,False,False,False,normal,1000,0,-1,VMware paravirtual SCSI,Hard disk 1,0:0,0,noSharing,[mgmt-vsan] syslog-01/syslog-01.vmdk,,,0,,,,,DC-West,Mgmt-Cluster,esx-mgmt02.corp.example,Mgmt,Microsoft Windows Server 2019 (64-bit),Microsoft Windows Server 2019 Standard,vm-1325,42c22505952a53459682d9ff910c4cb7,vcsa01.corp.example,5f3c9a8e-1b2d-4c7e-9a10-2f6b8d4e7c31
syslog-01,poweredOn,False,False,Hard disk 2,2001,6000C290622361eebbfe7e0e3a221851,[mgmt-vsan] syslog-01/syslog-01_1.vmdk,1024000,False,persistent,sharingNone,True,False,False,False,normal,1000,0,-1,VMware paravirtual SCSI,Hard disk 2,0:1,1,noSharing,[mgmt-vsan] syslog-01/syslog-01_1.vmdk,,,1,Owner: app-team,,,,DC-West,Mgmt-Cluster,esx-mgmt02.corp.example,Mgmt,Microsoft Windows Server 2019 (64-bit),Microsoft Windows Server 2019 Standard,vm-1325,42c22505952a53459682d9ff910c4cb7,vcsa01.corp.example,5f3c9a8e-1b2d-4c7e-9a10-2f6b8d4e7c31
syslog-01,poweredOn,False,False,Hard disk 3,2002,6000C29c6f64ca2b4aef9e25c9699ed6,[mgmt-vsan] syslog-01/syslog-01_2.vmdk,204800,False,persistent,sharingNone,True,False,False,False,normal,1000,0,-1,VMware paravirtual SCSI,Hard disk 3,0:2,2,noSharing,[mgmt-vsan] syslog-01/syslog-01_2.vmdk,,,2,,,,,DC-West,Mgmt-Cluster,esx-mgmt02.corp.example,Mgmt,Microsoft Windows Server 2019 (64-bit),Microsoft Windows Server 2019 Standard,vm-1325,42c22505952a53459682d9ff910c4cb7,vcsa01.corp.example,5f3c9a8e-1b2d-4c7e-9a10-2f6b8d4e7c31
ntp-01,poweredOn,False,False,Hard disk 1,2000,6000C29a7b2cefe13ad96cc4c0acea64,[mgmt-vsan] ntp-01/ntp-01.vmdk,61440,False,persistent,sharingNone,True,False,False,False,normal,1000,0,-1,LSI Logic SAS,Hard disk 1,0:0,0,noSharing,[mgmt-vsan] ntp-01/ntp-01.vmdk,,,0,,,,,DC-West,Mgmt-Cluster,esx-mgmt01.corp.example,Mgmt,Red Hat Enterprise Linux 8 (64-bit),Red Hat Enterprise Linux 8.8 (Ootpa),vm-1326,42620f23439e754c693016eae0bda1ee,vcsa01.corp.example,5f3c9a8e-1b2d-4c7e-9a10-2f6b8d4e7c31
dns-01,poweredOn,False,False,Hard disk 1,2000,6000C29a64f92ef3c07215b1c544966b,[mgmt-vsan] dns-01/dns-01.vmdk,61440,False,persistent,sharingNone,True,False,False,False,normal,1000,0,-1,LSI Logic SAS,Hard disk 1,0:0,0,noSharing,[mgmt-vsan] dns-01/dns-01.vmdk,,,0,,,,,DC-West,Mgmt-Cluster,esx-mgmt01.corp.example,Mgmt,Microsoft Windows Server 2019 (64-bit),Microsoft Windows Server 2019 Standard,vm-1327,42b193c8ae49c0799bd0d4c79e45455e,vcsa01.corp.example,5f3c9a8e-1b2d-4c7e-9a10-2f6b8d4e7c31
dns-01,poweredOn,False,False,Hard disk 2,2001,6000C297e4bc9bef25c298e5fb3431dd,[mgmt-vsan] dns-01/dns-01_1.vmdk,204800,False,persistent,sharingNone,False,False,False,False,normal,1000,0,-1,LSI Logic SAS,Hard disk 2,0:1,1,noSharing,[mgmt-vsan] dns-01/dns-01_1.vmdk,,,1,Owner: app-team,,,,DC-West,Mgmt-Cluster,esx-mgmt01.corp.example,Mgmt,Microsoft Windows Server 2019 (64-bit),Microsoft Windows Server 2019 Standard,vm-1327,42b193c8ae49c0799bd0d4c79e45455e,vcsa01.corp.example,5f3c9a8e-1b2d-4c7e-9a10-2f6b8d4e7c31
dns-01,poweredOn,False,False,Hard disk 3,2002,6000C29f4cddaaf2d57ad46184255121,[mgmt-vsan] dns-01/dns-01_2.vmdk,1024000,False,persistent,sharingNone,False,True,False,False,normal,1000,0,-1,LSI Logic SAS,Hard disk 3,0:2,2,noSharing,[mgmt-vsan] dns-01/dns-01_2.vmdk,,,2,Owner: app-team,,,,DC-West,Mgmt-Cluster,esx-mgmt01.corp.example,Mgmt,Microsoft Windows Server 2019 (64-bit),Microsoft Windows Server 2019 Standard,vm-1327,42b193c8ae49c0799bd0d4c79e45455e,vcsa01.corp.example,5f3c9a8e-1b2d-4c7e-9a10-2f6b8d4e7c31
dns-01,poweredOn,False,False,Hard disk 4,2003,6000C292402c04cb6db96fa26aa792a8,[mgmt-vsan] dns-01/dns-01_3.vmdk,51200,False,persistent,sharingNone,True,False,False,False,normal,1000,0,-1,LSI Logic SAS,Hard disk 4,0:3,3,noSharing,[mgmt-vsan] dns-01/dns-01_3.vmdk,,,3,Owner: app-team,,,,DC-West,Mgmt-Cluster,esx-mgmt01.corp.example,Mgmt,Microsoft Windows Server 2019 (64-bit),Microsoft Windows Server 2019 Standard,vm-1327,42b193c8ae49c0799bd0d4c79e45455e,vcsa01.corp.example,5f3c9a8e-1b2d-4c7e-9a10-2f6b8d4e7c31
dns-02,poweredOn,False,False,Hard disk 1,2000,6000C29979a59fecd5fd40e98102d8eb,[mgmt-vsan] dns-02/dns-02.vmdk,102400,False,persistent,sharingNone,False,False,False,False,normal,1000,0,-1,VMware paravirtual SCSI,Hard disk 1,0:0,0,noSharing,[mgmt-vsan] dns-02/dns-02.vmdk,,,0,Owner: app-team,,,,DC-West,Mgmt-Cluster,esx-mgmt01.corp.example,Mgmt,Microsoft Windows Server 2019 (64-bit),Microsoft Windows Server 2019 Standard,vm-1328,42567e64052dfb9a5f584603e5a3d8e9,vcsa01.corp.example,5f3c9a8e-1b2d-4c7e-9a10-2f6b8d4e7c31
wsus-01,poweredOn,False,False,Hard disk 1,2000,6000C2972510f963c5a1faa69a9eb406,[mgmt-vsan] wsus-01/wsus-01.vmdk,40960,False,persistent,sharingNone,False,True,False,False,normal,1000,0,-1,LSI Logic SAS,Hard disk 1,0:0,0,noSharing,[mgmt-vsan] wsus-01/wsus-01.vmdk,,,0,Owner: app-team,,,,DC-West,Mgmt-Cluster,esx-mgmt02.corp.example,Mgmt,CentOS 7 (64-bit),CentOS Linux 7 (Core),vm-1329,422267163a5b6ac5de703b72f8f58a26,vcsa01.corp.example,5f3c9a8e-1b2d-4c7e-9a10-2f6b8d4e7c31
wsus-01,poweredOn,False,False,Hard disk 2,2001,6000C29f157470f1be010fe76b09ea42,[mgmt-vsan] wsus-01/wsus-01_1.vmdk,204800,False,persistent,sharingNone,True,False,False,False,normal,1000,0,-1,LSI Logic SAS,Hard disk 2,0:1,1,noSharing,[mgmt-vsan] wsus-01/wsus-01_1.vmdk,,,1,,,,,DC-West,Mgmt-Cluster,esx-mgmt02.corp.example,Mgmt,CentOS 7 (64-bit),CentOS Linux 7 (Core),vm-1329,422267163a5b6ac5de703b72f8f58a26,vcsa01.corp.example,5f3c9a8e-1b2d-4c7e-9a10-2f6b8d4e7c31
sccm-01,poweredOn,False,False,Hard disk 1,2000,6000C29d3dc1e88207122fb9dcd6f58e,[mgmt-vsan] sccm-01/sccm-01.vmdk,81920,False,persistent,sharingNone,True,False,False,False,normal,1000,0,-1,LSI Logic SAS,Hard disk 1,0:0,0,noSharing,[mgmt-vsan] sccm-01/sccm-01.vmdk,,,0,,,,,DC-West,Mgmt-Cluster,esx-mgmt02.corp.example,Mgmt,Microsoft Windows Server 2019 (64-bit),Microsoft Windows Server 2019 Standard,vm-1330,42711456301c8db316db80dba543148e,vcsa01.corp.example,5f3c9a8e-1b2d-4c7e-9a10-2f6b8d4e7c31
sccm-db01,poweredOn,False,False,Hard disk 1,2000,6000C29ea6b83e235ef95050d4838cd3,[mgmt-vsan] sccm-db01/sccm-db01.vmdk,81920,False,persistent,sharingNone,True,False,False,False,normal,1000,0,-1,VMware paravirtual SCSI,Hard disk 1,0:0,0,noSharing,[mgmt-vsan] sccm-db01/sccm-db01.vmdk,,,0,,,,,DC-West,Mgmt-Cluster,esx-mgmt02.corp.example,Mgmt,Red Hat Enterprise Linux 8 (64-bit),Red Hat Enterprise Linux 8.8 (Ootpa),vm-1331,4210cc4628b26b1bca9f1d5983e8b700,vcsa01.corp.example,5f3c9a8e-1b2d-4c7e-9a10-2f6b8d4e7c31
monitor-01,poweredOn,False,False,Hard disk 1,2000,6000C296d5e652b71a834240f0a3a412,[mgmt-vsan] monitor-01/monitor-01.vmdk,40960,False,persistent,sharingNone,True,False,False,False,normal,1000,0,-1,VMware paravirtual SCSI,Hard disk 1,0:0,0,noSharing,[mgmt-vsan] monitor-01/monitor-01.vmdk,,,0,,,,,DC-West,Mgmt-Cluster,esx-mgmt01.corp.example,Mgmt,Microsoft Windows Server 2019 (64-bit),Microsoft Windows Server 2019 Standard,vm-1332,420cf17374d9d1f5087758043fde9814,vcsa01.corp.example,5f3c9a8e-1b2d-4c7e-9a10-2f6b8d4e7c31
backup-repo-01,poweredOn,False,False,Hard disk 1,2000,6000C290c26cd636e3164f25e22f8d1a,[mgmt-vsan] backup-repo-01/backup-repo-01.vmdk,40960,False,persistent,sharingNone,True,False,False,False,normal,1000,0,-1,VMware paravirtual SCSI,Hard disk 1,0:0,0,noSharing,[mgmt-vsan] backup-repo-01/backup-repo-01.vmdk,,,0,,,,,DC-West,Mgmt-Cluster,esx-mgmt02.corp.example,Mgmt,Red Hat Enterprise Linux 9 (64-bit),Red Hat Enterprise Linux 9.2 (Plow),vm-1333,42ae61711fb621aeec4e8cbba2aa378c,vcsa01.corp.example,5f3c9a8e-1b2d-4c7e-9a10-2f6b8d4e7c31
backup-repo-01,poweredOn,False,False,Hard disk 2,2001,6000C29614941dbdff6f4f21ce64a89a,[mgmt-vsan] backup-repo-01/backup-repo-01_1.vmdk,768000,False,persistent,sharingNone,False,False,False,False,normal,1000,0,-1,VMware paravirtual SCSI,Hard disk 2,0:1,1,noSharing,[mgmt-vsan] backup-repo-01/backup-repo-01_1.vmdk,,,1,,,,,DC-West,Mgmt-Cluster,esx-mgmt02.corp.example,Mgmt,Red Hat Enterprise Linux 9 (64-bit),Red Hat Enterprise Linux 9.2 (Plow),vm-1333,42ae61711fb621aeec4e8cbba2aa378c,vcsa01.corp.example,5f3c9a8e-1b2d-4c7e-9a10-2f6b8d4e7c31
backup-repo-01,poweredOn,False,False,Hard disk 3,2002,6000C290c74de5e3e31896d57216006c,[mgmt-vsan] backup-repo-01/backup-repo-01_2.vmdk,1024000,False,persistent,sharingNone,True,False,False,False,normal,1000,0,-1,VMware paravirtual SCSI,Hard disk 3,0:2,2,noSharing,[mgmt-vsan] backup-repo-01/backup-repo-01_2.vmdk,,,2,,,,,DC-West,Mgmt-Cluster,esx-mgmt02.corp.example,Mgmt,Red Hat Enterprise Linux 9 (64-bit),Red Hat Enterprise Linux 9.2 (Plow),vm-1333,42ae61711fb621aeec4e8cbba2aa378c,vcsa01.corp.example,5f3c9a8e-1b2d-4c7e-9a10-2f6b8d4e7c31
kms-01,poweredOn,False,False,Hard disk 1,2000,6000C2908e220c2dea7719193dddd241,[mgmt-vsan] kms-01/kms-01.vmdk,40960,False,persistent,sharingNone,True,False,False,False,normal,1000,0,-1,VMware paravirtual SCSI,Hard disk 1,0:0,0,noSharing,[mgmt-vsan] kms-01/kms-01.vmdk,,,0,,,,,DC-West,Mgmt-Cluster,esx-mgmt02.corp.example,Mgmt,Microsoft Windows Server 2019 (64-bit),Microsoft Windows Server 2019 Standard,vm-1334,4229dc075820b3f25989dd6c8d2434f9,vcsa01.corp.example,5f3c9a8e-1b2d-4c7e-9a10-2f6b8d4e7c31
kms-01,poweredOn,False,False,Hard disk 2,2001,6000C29b0852a95e9015144ff5391cd5,[mgmt-vsan] kms-01/kms-01_1.vmdk,102400,False,persistent,sharingNone,True,False,False,False,normal,1000,0,-1,VMware paravirtual SCSI,Hard disk 2,0:1,1,noSharing,[mgmt-vsan] kms-01/kms-01_1.vmdk,,,1,,,,,DC-West,Mgmt-Cluster,esx-mgmt02.corp.example,Mgmt,Microsoft Windows Server 2019 (64-bit),Microsoft Windows Server 2019 Standard,vm-1334,4229dc075820b3f25989dd6c8d2434f9,vcsa01.corp.example,5f3c9a8e-1b2d-4c7e-9a10-2f6b8d4e7c31
kms-01,poweredOn,False,False,Hard disk 3,2002,6000C29042968a4a53398474edfc1ab2,[mgmt-vsan] kms-01/kms-01_2.vmdk,768000,False,persistent,sharingNone,True,False,False,False,normal,1000,0,-1,VMware paravirtual SCSI,Hard disk 3,0:2,2,noSharing,[mgmt-vsan] kms-01/kms-01_2.vmdk,,,2,Owner: app-team,,,,DC-West,Mgmt-Cluster,esx-mgmt02.corp.example,Mgmt,Microsoft Windows Server 2019 (64-bit),Microsoft Windows Server 2019 Standard,vm-1334,4229dc075820b3f25989dd6c8d2434f9,vcsa01.corp.example,5f3c9a8e-1b2d-4c7e-9a10-2f6b8d4e7c31
DMZ-WEB-01,poweredOn,False,False,Hard disk 1,2000,6000C29538e2aae3633ad91ad27ebe78,[esx-dmz01-local] DMZ-WEB-01/DMZ-WEB-01.vmdk,81920,False,persistent,sharingNone,False,False,False,False,normal,1000,0,-1,BusLogic,Hard disk 1,0:0,0,noSharing,[esx-dmz01-local] DMZ-WEB-01/DMZ-WEB-01.vmdk,,,0,,,,,DC-West,,esx-dmz01.corp.example,DMZ,Microsoft Windows Server 2008 R2 (64-bit),Microsoft Windows Server 2008 R2 Enterprise,vm-1335,42da940829b44cb10cb5ee5c62f5f7c2,vcsa01.corp.example,5f3c9a8e-1b2d-4c7e-9a10-2f6b8d4e7c31
DMZ-WEB-01,poweredOn,False,False,Hard disk 2,2001,6000C299c5bc4663f995ae6a4c683609,[esx-dmz01-local] DMZ-WEB-01/DMZ-WEB-01_1.vmdk,51200,False,persistent,sharingNone,True,False,False,False,normal,1000,0,-1,BusLogic,Hard disk 2,0:1,1,noSharing,[esx-dmz01-local] DMZ-WEB-01/DMZ-WEB-01_1.vmdk,,,1,,,,,DC-West,,esx-dmz01.corp.example,DMZ,Microsoft Windows Server 2008 R2 (64-bit),Microsoft Windows Server 2008 R2 Enterprise,vm-1335,42da940829b44cb10cb5ee5c62f5f7c2,vcsa01.corp.example,5f3c9a8e-1b2d-4c7e-9a10-2f6b8d4e7c31
DMZ-WEB-01,poweredOn,False,False,Hard disk 3,2002,6000C296d4980e1d201cbf3b0f3b5f06,[esx-dmz01-local] DMZ-WEB-01/DMZ-WEB-01_2.vmdk,204800,False,persistent,sharingNone,False,False,False,False,normal,1000,0,-1,BusLogic,Hard disk 3,0:2,2,noSharing,[esx-dmz01-local] DMZ-WEB-01/DMZ-WEB-01_2.vmdk,,,2,,,,,DC-West,,esx-dmz01.corp.example,DMZ,Microsoft Windows Server 2008 R2 (64-bit),Microsoft Windows Server 2008 R2 Enterprise,vm-1335,42da940829b44cb10cb5ee5c62f5f7c2,vcsa01.corp.example,5f3c9a8e-1b2d-4c7e-9a10-2f6b8d4e7c31
DMZ-WEB-02,poweredOn,False,False,Hard disk 1,2000,6000C2946f52449a8bcf476cdbf21273,[esx-dmz01-local] DMZ-WEB-02/DMZ-WEB-02.vmdk,61440,False,persistent,sharingNone,False,True,False,False,normal,1000,0,-1,LSI Logic SAS,Hard disk 1,0:0,0,noSharing,[esx-dmz01-local] DMZ-WEB-02/DMZ-WEB-02.vmdk,,,0,,,,,DC-West,,esx-dmz01.corp.example,DMZ,Microsoft Windows Server 2019 (64-bit),Microsoft Windows Server 2019 Standard,vm-1336,420522268366663668d576b8a6ce6d7a,vcsa01.corp.example,5f3c9a8e-1b2d-4c7e-9a10-2f6b8d4e7c31
DMZ-WEB-03,poweredOn,False,False,Hard disk 1,2000,6000C29fd34585a2c6d130fa5f144f16,[esx-dmz01-local] DMZ-WEB-03/DMZ-WEB-03.vmdk,61440,False,persistent,sharingNone,True,False,False,False,normal,1000,0,-1,LSI Logic SAS,Hard disk 1,0:0,0,noSharing,[esx-dmz01-local] DMZ-WEB-03/DMZ-WEB-03.vmdk,,,0,Owner: app-team,,,,DC-West,,esx-dmz01.corp.example,DMZ,Microsoft Windows Server 2016 (64-bit),Microsoft Windows Server 2016 Standard,vm-1337,42022aadcd0579e299e4704c2c56e0cd,vcsa01.corp.example,5f3c9a8e-1b2d-4c7e-9a10-2f6b8d4e7c31
DMZ-WEB-03,poweredOn,False,False,Hard disk 2,2001,6000C2909ea46e7d3cfa73f8d05858ea,[esx-dmz01-local] DMZ-WEB-03/DMZ-WEB-03_1.vmdk,1024000,False,persistent,sharingNone,True,False,False,False,normal,1000,0,-1,LSI Logic SAS,Hard disk 2,0:1,1,noSharing,[esx-dmz01-local] DMZ-WEB-03/DMZ-WEB-03_1.vmdk,,,1,Owner: app-team,,,,DC-West,,esx-dmz01.corp.example,DMZ,Microsoft Windows Server 2016 (64-bit),Microsoft Windows Server 2016 Standard,vm-1337,42022aadcd0579e299e4704c2c56e0cd,vcsa01.corp.example,5f3c9a8e-1b2d-4c7e-9a10-2f6b8d4e7c31
DMZ-WEB-03,poweredOn,False,False,Hard disk 3,2002,6000C290e9f35e11928a44dd8ace87b7,[esx-dmz01-local] DMZ-WEB-03/DMZ-WEB-03_2.vmdk,512000,False,persistent,sharingNone,False,True,False,False,normal,1000,0,-1,LSI Logic SAS,Hard disk 3,0:2,2,noSharing,[esx-dmz01-local] DMZ-WEB-03/DMZ-WEB-03_2.vmdk,,,2,,,,,DC-West,,esx-dmz01.corp.example,DMZ,Microsoft Windows Server 2016 (64-bit),Microsoft Windows Server 2016 Standard,vm-1337,42022aadcd0579e299e4704c2c56e0cd,vcsa01.corp.example,5f3c9a8e-1b2d-4c7e-9a10-2f6b8d4e7c31
DMZ-WEB-04,poweredOn,False,False,Hard disk 1,2000,6000C294566fe0dffd43754e39eb005a,[esx-dmz01-local] DMZ-WEB-04/DMZ-WEB-04.vmdk,102400,False,persistent,sharingNone,False,False,False,False,normal,1000,0,-1,LSI Logic SAS,Hard disk 1,0:0,0,noSharing,[esx-dmz01-local] DMZ-WEB-04/DMZ-WEB-04.vmdk,,,0,,,,,DC-West,,esx-dmz01.corp.example,DMZ,SUSE Linux Enterprise 15 (64-bit),SUSE Linux Enterprise Server 15 SP5,vm-1338,42da018d6060b1ebe53e5f4c6c7e9a2c,vcsa01.corp.example,5f3c9a8e-1b2d-4c7e-9a10-2f6b8d4e7c31
DMZ-WEB-04,poweredOn,False,False,Hard disk 2,2001,6000C290e5c013c2aed5d608b7c92e13,[esx-dmz01-local] DMZ-WEB-04/DMZ-WEB-04_1.vmdk,512000,False,persistent,sharingNone,True,False,False,False,normal,1000,0,-1,LSI Logic SAS,Hard disk 2,0:1,1,noSharing,[esx-dmz01-local] DMZ-WEB-04/DMZ-WEB-04_1.vmdk,,,1,Owner: app-team,,,,DC-West,,esx-dmz01.corp.example,DMZ,SUSE Linux Enterprise 15 (64-bit),SUSE Linux Enterprise Server 15 SP5,vm-1338,42da018d6060b1ebe53e5f4c6c7e9a2c,vcsa01.corp.example,5f3c9a8e-1b2d-4c7e-9a10-2f6b8d4e7c31
DMZ-WEB-04,poweredOn,False,False,Hard disk 3,2002,6000C29d8119635294b58d5467a24ab3,[esx-dmz01-local] DMZ-WEB-04/DMZ-WEB-04_2.vmdk,256000,False,persistent,sharingNone,True,False,False,False,normal,1000,0,-1,LSI Logic SAS,Hard disk 3,0:2,2,noSharing,[esx-dmz01-local] DMZ-WEB-04/DMZ-WEB-04_2.vmdk,,,2,,,,,DC-West,,esx-dmz01.corp.example,DMZ,SUSE Linux Enterprise 15 (64-bit),SUSE Linux Enterprise Server 15 SP5,vm-1338,42da018d6060b1ebe53e5f4c6c7e9a2c,vcsa01.corp.example,5f3c9a8e-1b2d-4c7e-9a10-2f6b8d4e7c31
DMZ-WEB-05,poweredOn,False,False,Hard disk 1,2000,6000C29d2056dff51f58ceca3b017c93,[esx-dmz01-local] DMZ-WEB-05/DMZ-WEB-05.vmdk,61440,False,persistent,sharingNone,True,False,False,False,normal,1000,0,-1,VMware paravirtual SCSI,Hard disk 1,0:0,0,noSharing,[esx-dmz01-local] DMZ-WEB-05/DMZ-WEB-05.vmdk,,,0,,,,,DC-West,,esx-dmz01.corp.example,DMZ,Microsoft Windows Server 2016 or later (64-bit),Microsoft Windows Server 2022 Datacenter,vm-1339,4201e1871a31204495a0f35665abc9ff,vcsa01.corp.example,5f3c9a8e-1b2d-4c7e-9a10-2f6b8d4e7c31
DMZ-WEB-05,poweredOn,False,False,Hard disk 2,2001,6000C291452d52fac0ae3ba644fbb5b9,[esx-dmz01-local] DMZ-WEB-05/DMZ-WEB-05_1.vmdk,51200,False,persistent,sharingNone,False,False,False,False,normal,1000,0,-1,VMware paravirtual SCSI,Hard disk 2,0:1,1,noSharing,[esx-dmz01-local] DMZ-WEB-05/DMZ-WEB-05_1.vmdk,,,1,Owner: app-team,,,,DC-West,,esx-dmz01.corp.example,DMZ,Microsoft Windows Server 2016 or later (64-bit),Microsoft Windows Server 2022 Datacenter,vm-1339,4201e1871a31204495a0f35665abc9ff,vcsa01.corp.example,5f3c9a8e-1b2d-4c7e-9a10-2f6b8d4e7c31
DMZ-WEB-06,poweredOn,False,False,Hard disk 1,2000,6000C29dc65e23c798656bba2ea816ef,[esx-dmz01-local] DMZ-WEB-06/DMZ-WEB-06.vmdk,81920,False,persistent,sharingNone,False,True,False,False,normal,1000,0,-1,VMware paravirtual SCSI,Hard disk 1,0:0,0,noSharing,[esx-dmz01-local] DMZ-WEB-06/DMZ-WEB-06.vmdk,,,0,Owner: app-team,,,,DC-West,,esx-dmz01.corp.example,DMZ,Microsoft Windows Server 2012 (64-bit),Microsoft Windows Server 2012 R2 Standard,vm-1340,427b53351bacbd0daf35b30b4c68eb17,vcsa01.corp.example,5f3c9a8e-1b2d-4c7e-9a10-2f6b8d4e7c31
DMZ-WEB-06,poweredOn,False,False,Hard disk 2,2001,6000C29e34019a9a90fcc94017c8bc95,[esx-dmz01-local] DMZ-WEB-06/DMZ-WEB-06_1.vmdk,768000,False,persistent,sharingNone,False,True,False,False,normal,1000,0,-1,VMware paravirtual SCSI,Hard disk 2,0:1,1,noSharing,[esx-dmz01-local] DMZ-WEB-06/DMZ-WEB-06_1.vmdk,,,1,,,,,DC-West,,esx-dmz01.corp.example,DMZ,Microsoft Windows Server 2012 (64-bit),Microsoft Windows Server 2012 R2 Standard,vm-1340,427b53351bacbd0daf35b30b4c68eb17,vcsa01.corp.example,5f3c9a8e-1b2d-4c7e-9a10-2f6b8d4e7c31
DMZ-WEB-06,poweredOn,False,False,Hard disk 3,2002,6000C291cbfd0aa6fc696d179f442e7b,[esx-dmz01-local] DMZ-WEB-06/DMZ-WEB-06_2.vmdk,1024000,False,persistent,sharingNone,True,False,False,False,normal,1000,0,-1,VMware paravirtual SCSI,Hard disk 3,0:2,2,noSharing,[esx-dmz01-local] DMZ-WEB-06/DMZ-WEB-06_2.vmdk,,,2,,,,,DC-West,,esx-dmz01.corp.example,DMZ,Microsoft Windows Server 2012 (64-bit),Microsoft Windows Server 2012 R2 Standard,vm-1340,427b53351bacbd0daf35b30b4c68eb17,vcsa01.corp.example,5f3c9a8e-1b2d-4c7e-9a10-2f6b8d4e7c31
DMZ-WEB-07,poweredOn,False,False,Hard disk 1,2000,6000C29e0680ee6db3831f6224516596,[esx-dmz01-local] DMZ-WEB-07/DMZ-WEB-07.vmdk,40960,False,persistent,sharingNone,True,False,False,False,normal,1000,0,-1,VMware paravirtual SCSI,Hard disk 1,0:0,0,noSharing,[esx-dmz01-local] DMZ-WEB-07/DMZ-WEB-07.vmdk,,,0,,,,,DC-West,,esx-dmz01.corp.example,DMZ,CentOS 7 (64-bit),CentOS Linux 7 (Core),vm-1341,42a6c681e4729be5f3c2944ab60a3dcc,vcsa01.corp.example,5f3c9a8e-1b2d-4c7e-9a10-2f6b8d4e7c31
DMZ-WEB-08,poweredOn,False,False,Hard disk 1,2000,6000C293455a14d618161864515b045a,[esx-dmz01-local] DMZ-WEB-08/DMZ-WEB-08.vmdk,61440,False,persistent,sharingNone,True,False,False,False,normal,1000,0,-1,LSI Logic,Hard disk 1,0:0,0,noSharing,[esx-dmz01-local] DMZ-WEB-08/DMZ-WEB-08.vmdk,,,0,,,,,DC-West,,esx-dmz01.corp.example,DMZ,Microsoft Windows Server 2019 (64-bit),Microsoft Windows Server 2019 Standard,vm-1342,42ae460251d05ef3a91883fc6772fe9f,vcsa01.corp.example,5f3c9a8e-1b2d-4c7e-9a10-2f6b8d4e7c31
DMZ-WEB-08,poweredOn,False,False,Hard disk 2,2001,6000C29a94f686bf19b1af6923bb1f64,[esx-dmz01-local] DMZ-WEB-08/DMZ-WEB-08_1.vmdk,256000,False,persistent,sharingNone,False,False,False,False,normal,1000,0,-1,LSI Logic,Hard disk 2,0:1,1,noSharing,[esx-dmz01-local] DMZ-WEB-08/DMZ-WEB-08_1.vmdk,,,1,Owner: app-team,,,,DC-West,,esx-dmz01.corp.example,DMZ,Microsoft Windows Server 2019 (64-bit),Microsoft Windows Server 2019 Standard,vm-1342,42ae460251d05ef3a91883fc6772fe9f,vcsa01.corp.example,5f3c9a8e-1b2d-4c7e-9a10-2f6b8d4e7c31
TPL-WS2022,poweredOff,True,False,Hard disk 1,2000,6000C29880709d9517eaa7faf882ee16,[prod-vmfs-02] TPL-WS2022/TPL-WS2022.vmdk,81920,False,persistent,sharingNone,False,False,False,False,normal,1000,0,-1,BusLogic,Hard disk 1,0:0,0,noSharing,[prod-vmfs-02] TPL-WS2022/TPL-WS2022.vmdk,,,0,Owner: app-team,,,,DC-East,Prod-Cluster,esx-prod03.corp.example,Templates,Microsoft Windows Server 2016 or later (64-bit),,vm-1343,426793cb6b271effe82b5b364269c28c,vcsa01.corp.example,5f3c9a8e-1b2d-4c7e-9a10-2f6b8d4e7c31
TPL-WS2019,poweredOff,True,False,Hard disk 1,2000,6000C2977bac9b448af0744cc58b8f79,[prod-vmfs-02] TPL-WS2019/TPL-WS2019.vmdk,61440,False,persistent,sharingNone,False,True,False,False,normal,1000,0,-1,LSI Logic SAS,Hard disk 1,0:0,0,noSharing,[prod-vmfs-02] TPL-WS2019/TPL-WS2019.vmdk,,,0,Owner: app-team,,,,DC-East,Prod-Cluster,esx-prod05.corp.example,Templates,Microsoft Windows Server 2019 (64-bit),,vm-1344,42b9ff2c57d9cbb0309e47bad0e656e5,vcsa01.corp.example,5f3c9a8e-1b2d-4c7e-9a10-2f6b8d4e7c31
TPL-RHEL9,poweredOff,True,False,Hard disk 1,2000,6000C2952a7a55500ea20640f1587598,[prod-vmfs-03] TPL-RHEL9/TPL-RHEL9.vmdk,102400,False,persistent,sharingNone,False,True,False,False,normal,1000,0,-1,LSI Logic SAS,Hard disk 1,0:0,0,noSharing,[prod-vmfs-03] TPL-RHEL9/TPL-RHEL9.vmdk,,,0,,,,,DC-East,Prod-Cluster,esx-prod04.corp.example,Templates,Red Hat Enterprise Linux 9 (64-bit),,vm-1345,425bc677abff9286f0cf9d73e8121ef0,vcsa01.corp.example,5f3c9a8e-1b2d-4c7e-9a10-2f6b8d4e7c31
TPL-RHEL9,poweredOff,True,False,Hard disk 2,2001,6000C29f4a32b32aaa5f01698afb9b2d,[prod-vmfs-03] TPL-RHEL9/TPL-RHEL9_1.vmdk,204800,False,persistent,sharingNone,True,False,False,False,normal,1000,0,-1,LSI Logic SAS,Hard disk 2,0:1,1,noSharing,[prod-vmfs-03] TPL-RHEL9/TPL-RHEL9_1.vmdk,,,1,,,,,DC-East,Prod-Cluster,esx-prod04.corp.example,Templates,Red Hat Enterprise Linux 9 (64-bit),,vm-1345,425bc677abff9286f0cf9d73e8121ef0,vcsa01.corp.example,5f3c9a8e-1b2d-4c7e-9a10-2f6b8d4e7c31
TPL-UBU2204,poweredOff,True,False,Hard disk 1,2000,6000C297cb3232abb5e9fa216fef2a24,[prod-vmfs-04] TPL-UBU2204/TPL-UBU2204.vmdk,81920,False,persistent,sharingNone,False,False,False,False,normal,1000,0,-1,VMware paravirtual SCSI,Hard disk 1,0:0,0,noSharing,[prod-vmfs-04] TPL-UBU2204/TPL-UBU2204.vmdk,,,0,Owner: app-team,,,,DC-East,Prod-Cluster,esx-prod05.corp.example,Templates,Ubuntu Linux (64-bit),,vm-1346,4278851818fc83b74b356e9a2e5eeb6a,vcsa01.corp.example,5f3c9a8e-1b2d-4c7e-9a10-2f6b8d4e7c31
TPL-WS2012R2,poweredOff,True,False,Hard disk 1,2000,6000C295dff92d8fa33ce56fc7b7383e,[prod-vmfs-03] TPL-WS2012R2/TPL-WS2012R2.vmdk,40960,False,persistent,sharingNone,False,False,False,False,normal,1000,0,-1,LSI Logic SAS,Hard disk 1,0:0,0,noSharing,[prod-vmfs-03] TPL-WS2012R2/TPL-WS2012R2.vmdk,,,0,,,,,DC-East,Prod-Cluster,esx-prod05.corp.example,Templates,Microsoft Windows Server 2012 (64-bit),,vm-1347,42f269922edd9141e9a1c6d5c34e9baf,vcsa01.corp.example,5f3c9a8e-1b2d-4c7e-9a10-2f6b8d4e7c31
TPL-WS2012R2,poweredOff,True,False,Hard disk 2,2001,6000C29695ea0734c925f7fa1484e9d6,[prod-vmfs-04] TPL-WS2012R2/TPL-WS2012R2_1.vmdk,51200,False,persistent,sharingNone,False,True,False,False,normal,1000,0,-1,LSI Logic SAS,Hard disk 2,0:1,1,noSharing,[prod-vmfs-04] TPL-WS2012R2/TPL-WS2012R2_1.vmdk,,,1,Owner: app-team,,,,DC-East,Prod-Cluster,esx-prod05.corp.example,Templates,Microsoft Windows Server 2012 (64-bit),,vm-1347,42f269922edd9141e9a1c6d5c34e9baf,vcsa01.corp.example,5f3c9a8e-1b2d-4c7e-9a10-2f6b8d4e7c31
TPL-CENTOS7,poweredOff,True,False,Hard disk 1,2000,6000C294fd25bca9e2073d92c1c65bbb,[prod-vmfs-02] TPL-CENTOS7/TPL-CENTOS7.vmdk,61440,False,persistent,sharingNone,True,False,False,False,normal,1000,0,-1,VMware paravirtual SCSI,Hard disk 1,0:0,0,noSharing,[prod-vmfs-02] TPL-CENTOS7/TPL-CENTOS7.vmdk,,,0,,,,,DC-East,Prod-Cluster,esx-prod02.corp.example,Templates,CentOS 7 (64-bit),,vm-1348,42df162ebe848aa2392c04da5af3da5a,vcsa01.corp.example,5f3c9a8e-1b2d-4c7e-9a10-2f6b8d4e7c31
PRD-SQL-BIG01,poweredOn,False,False,Hard disk 1,2000,6000C29b9b0108d203711d3fc9be5dce,[prod-vmfs-01] PRD-SQL-BIG01/PRD-SQL-BIG01.vmdk,81920,False,persistent,sharingNone,False,False,False,False,normal,1000,0,-1,LSI Logic SAS,Hard disk 1,0:0,0,noSharing,[prod-vmfs-01] PRD-SQL-BIG01/PRD-SQL-BIG01.vmdk,,,0,,,,,DC-East,Prod-Cluster,esx-prod03.corp.example,Prod,Microsoft Windows Server 2019 (64-bit),Microsoft Windows Server 2019 Standard,vm-1349,4276b9044b46ef3395e7f61442b40281,vcsa01.corp.example,5f3c9a8e-1b2d-4c7e-9a10-2f6b8d4e7c31
PRD-SQL-BIG01,poweredOn,False,False,Hard disk 2,2001,6000C29bd4db90512b94e8fa64f8a4b1,[prod-vmfs-04] PRD-SQL-BIG01/PRD-SQL-BIG01_1.vmdk,768000,False,persistent,sharingNone,True,False,False,False,normal,1000,0,-1,LSI Logic SAS,Hard disk 2,0:1,1,noSharing,[prod-vmfs-04] PRD-SQL-BIG01/PRD-SQL-BIG01_1.vmdk,,,1,,,,,DC-East,Prod-Cluster,esx-prod03.corp.example,Prod,Microsoft Windows Server 2019 (64-bit),Microsoft Windows Server 2019 Standard,vm-1349,4276b9044b46ef3395e7f61442b40281,vcsa01.corp.example,5f3c9a8e-1b2d-4c7e-9a10-2f6b8d4e7c31
PRD-SQL-BIG01,poweredOn,False,False,Hard disk 3,2002,6000C290660438cc68efd18f2266a77f,[prod-vmfs-01] PRD-SQL-BIG01/PRD-SQL-BIG01_2.vmdk,256000,False,persistent,sharingNone,True,False,False,False,normal,1000,0,-1,LSI Logic SAS,Hard disk 3,0:2,2,noSharing,[prod-vmfs-01] PRD-SQL-BIG01/PRD-SQL-BIG01_2.vmdk,,,2,Owner: app-team,,,,DC-East,Prod-Cluster,esx-prod03.corp.example,Prod,Microsoft Windows Server 2019 (64-bit),Microsoft Windows Server 2019 Standard,vm-1349,4276b9044b46ef3395e7f61442b40281,vcsa01.corp.example,5f3c9a8e-1b2d-4c7e-9a10-2f6b8d4e7c31
PRD-SQL-BIG01,poweredOn,False,False,Hard disk 9,2003,6000C29d57ba9b4ce4509dd3d4bf4f30,[prod-vmfs-03] PRD-SQL-BIG01/PRD-SQL-BIG01_rdm.vmdk,2097152,True,independent_persistent,sharingMultiWriter,False,True,False,False,normal,1000,0,-1,VMware paravirtual SCSI,Hard disk 9,0:3,3,physicalSharing,[prod-vmfs-03] PRD-SQL-BIG01/PRD-SQL-BIG01_rdm.vmdk,naa.600a098038303053453f463045727a41,physicalMode,3,,,,,DC-East,Prod-Cluster,esx-prod03.corp.example,Prod,Microsoft Windows Server 2019 (64-bit),Microsoft Windows Server 2019 Standard,vm-1349,4276b9044b46ef3395e7f61442b40281,vcsa01.corp.example,5f3c9a8e-1b2d-4c7e-9a10-2f6b8d4e7c31
PRD-ANALYTICS01,poweredOn,False,False,Hard disk 1,2000,6000C29176b3c18ed61b4a7d4c41c603,[prod-vmfs-01] PRD-ANALYTICS01/PRD-ANALYTICS01.vmdk,102400,False,persistent,sharingNone,True,False,False,False,normal,1000,0,-1,LSI Logic SAS,Hard disk 1,0:0,0,noSharing,[prod-vmfs-01] PRD-ANALYTICS01/PRD-ANALYTICS01.vmdk,,,0,Owner: app-team,,,,DC-East,Prod-Cluster,esx-prod02.corp.example,Prod,Red Hat Enterprise Linux 8 (64-bit),Red Hat Enterprise Linux 8.8 (Ootpa),vm-1350,42f1bdb5948f664a9565257ba267d32f,vcsa01.corp.example,5f3c9a8e-1b2d-4c7e-9a10-2f6b8d4e7c31
DEV-BUILD-MONSTER,poweredOn,False,False,Hard disk 1,2000,6000C2934808884b64137c20213a839c,[dev-nfs-01] DEV-BUILD-MONSTER/DEV-BUILD-MONSTER.vmdk,102400,False,persistent,sharingNone,True,False,False,False,normal,1000,0,-1,LSI Logic SAS,Hard disk 1,0:0,0,noSharing,[dev-nfs-01] DEV-BUILD-MONSTER/DEV-BUILD-MONSTER.vmdk,,,0,,,,,DC-East,Dev-Cluster,esx-dev01.corp.example,Dev,Ubuntu Linux (64-bit),Ubuntu 22.04.4 LTS,vm-1351,4261b512ae423568de14553b1eac41d9,vcsa01.corp.example,5f3c9a8e-1b2d-4c7e-9a10-2f6b8d4e7c31
PRD-APP-LEGACYOS,poweredOn,False,False,Hard disk 1,2000,6000C291690dc911c9581c4132bf07ae,[prod-vmfs-01] PRD-APP-LEGACYOS/PRD-APP-LEGACYOS.vmdk,61440,False,persistent,sharingNone,False,True,False,False,normal,1000,0,-1,LSI Logic SAS,Hard disk 1,0:0,0,noSharing,[prod-vmfs-01] PRD-APP-LEGACYOS/PRD-APP-LEGACYOS.vmdk,,,0,Owner: app-team,,,,DC-East,Prod-Cluster,esx-prod01.corp.example,Prod,Microsoft Windows Server 2016 (64-bit),Microsoft Windows Server 2019 Datacenter,vm-1352,4268c0cb57b936b03346a332fe0a824e,vcsa01.corp.example,5f3c9a8e-1b2d-4c7e-9a10-2f6b8d4e7c31
PRD-APP-LEGACYOS,poweredOn,False,False,Hard disk 2,2001,6000C2949e020261cae57ceaefd5d562,[prod-vmfs-03] PRD-APP-LEGACYOS/PRD-APP-LEGACYOS_1.vmdk,51200,False,persistent,sharingNone,False,True,False,False,normal,1000,0,-1,LSI Logic SAS,Hard disk 2,0:1,1,noSharing,[prod-vmfs-03] PRD-APP-LEGACYOS/PRD-APP-LEGACYOS_1.vmdk,,,1,Owner: app-team,,,,DC-East,Prod-Cluster,esx-prod01.corp.example,Prod,Microsoft Windows Server 2016 (64-bit),Microsoft Windows Server 2019 Datacenter,vm-1352,4268c0cb57b936b03346a332fe0a824e,vcsa01.corp.example,5f3c9a8e-1b2d-4c7e-9a10-2f6b8d4e7c31
PRD-APP-001,poweredOff,False,False,Hard disk 1,2000,6000C29a78494ae576c397c22dbdc89a,[prod-vmfs-01] PRD-APP-001_1/PRD-APP-001.vmdk,61440,False,persistent,sharingNone,True,False,False,False,normal,1000,0,-1,LSI Logic SAS,Hard disk 1,0:0,0,noSharing,[prod-vmfs-01] PRD-APP-001_1/PRD-APP-001.vmdk,,,0,,,,,DC-East,Prod-Cluster,esx-prod05.corp.example,Prod,Microsoft Windows Server 2019 (64-bit),,vm-1353,42c4c9396334fca6d04f0a710ef473a2,vcsa01.corp.example,5f3c9a8e-1b2d-4c7e-9a10-2f6b8d4e7c31
