VM,Powerstate,Template,SRM Placeholder,Disk Key,Disk,Capacity MiB,Consumed MiB,Free MiB,Free %,Internal Sort Column,Annotation,CBT Reset Lock,NB_LAST_BACKUP,DataProtection,Datacenter,Cluster,Host,Folder,OS according to the configuration file,OS according to the VMware Tools,VM ID,VM UUID,VI SDK Server,VI SDK UUID
PRD-FS-001,poweredOn,False,False,2000,C:\,60940,42501,18438,30,0,Owner: app-team,,,,DC-East,Prod-Cluster,esx-prod03.corp.example,Prod,Microsoft Windows Server 2016 or later (64-bit),Microsoft Windows Server 2022 Datacenter,vm-1000,42d8f5645be6128e18c267976142ea7d,vcsa01.corp.example,5f3c9a8e-1b2d-4c7e-9a10-2f6b8d4e7c31
PRD-FS-001,poweredOn,False,False,2001,D:\,2047500,580944,1466555,72,1,,,,,DC-East,Prod-Cluster,esx-prod03.corp.example,Prod,Microsoft Windows Server 2016 or later (64-bit),Microsoft Windows Server 2022 Datacenter,vm-1000,42d8f5645be6128e18c267976142ea7d,vcsa01.corp.example,5f3c9a8e-1b2d-4c7e-9a10-2f6b8d4e7c31
PRD-FS-001,poweredOn,False,False,2002,E:\,2047500,1178446,869053,42,2,,,,,DC-East,Prod-Cluster,esx-prod03.corp.example,Prod,Microsoft Windows Server 2016 or later (64-bit),Microsoft Windows Server 2022 Datacenter,vm-1000,42d8f5645be6128e18c267976142ea7d,vcsa01.corp.example,5f3c9a8e-1b2d-4c7e-9a10-2f6b8d4e7c31
PRD-RDS-002,poweredOn,False,False,2000,C:\,81420,65295,16124,20,0,Owner: app-team,,,,DC-East,Prod-Cluster,esx-prod05.corp.example,Prod,Microsoft Windows Server 2019 (64-bit),Microsoft Windows Server 2019 Standard,vm-1001,42e2acf79e574f7aa0ee89aed453dd32,vcsa01.corp.example,5f3c9a8e-1b2d-4c7e-9a10-2f6b8d4e7c31
PRD-APP-003,poweredOn,False,False,2000,C:\,40460,31985,8474,21,0,,,,,DC-East,Prod-Cluster,esx-prod01.corp.example,Prod,Microsoft Windows Server 2012 (64-bit),Microsoft Windows Server 2012 R2 Standard,vm-1002,42472947614ff3d719db3ad0ddd1dfb2,vcsa01.corp.example,5f3c9a8e-1b2d-4c7e-9a10-2f6b8d4e7c31
PRD-APP-003,poweredOn,False,False,2001,D:\,101900,34247,67652,66,1,Owner: app-team,,,,DC-East,Prod-Cluster,esx-prod01.corp.example,Prod,Microsoft Windows Server 2012 (64-bit),Microsoft Windows Server 2012 R2 Standard,vm-1002,42472947614ff3d719db3ad0ddd1dfb2,vcsa01.corp.example,5f3c9a8e-1b2d-4c7e-9a10-2f6b8d4e7c31
PRD-SQL-004,poweredOn,False,False,2000,C:\,60940,46458,14481,24,0,,,,,DC-East,Prod-Cluster,esx-prod02.corp.example,Prod,Microsoft Windows Server 2012 (64-bit),Microsoft Windows Server 2012 R2 Standard,vm-1003,4288bd642bcfbe01a28defe39bf00273,vcsa01.corp.example,5f3c9a8e-1b2d-4c7e-9a10-2f6b8d4e7c31
PRD-SQL-004,poweredOn,False,False,2001,D:\,255500,98167,157332,62,1,,,,,DC-East,Prod-Cluster,esx-prod02.corp.example,Prod,Microsoft Windows Server 2012 (64-bit),Microsoft Windows Server 2012 R2 Standard,vm-1003,4288bd642bcfbe01a28defe39bf00273,vcsa01.corp.example,5f3c9a8e-1b2d-4c7e-9a10-2f6b8d4e7c31
PRD-WEB-005,poweredOn,False,False,2000,C:\,81420,58711,22708,28,0,,,,,DC-East,Prod-Cluster,esx-prod06.corp.example,Prod,Microsoft Windows Server 2008 R2 (64-bit),Microsoft Windows Server 2008 R2 Enterprise,vm-1004,423aa2e40e51f30dc6a7ee39c4b032cc,vcsa01.corp.example,5f3c9a8e-1b2d-4c7e-9a10-2f6b8d4e7c31
PRD-WEB-005,poweredOn,False,False,2001,D:\,101900,64950,36949,36,1,,,,,DC-East,Prod-Cluster,esx-prod06.corp.example,Prod,Microsoft Windows Server 2008 R2 (64-bit),Microsoft Windows Server 2008 R2 Enterprise,vm-1004,423aa2e40e51f30dc6a7ee39c4b032cc,vcsa01.corp.example,5f3c9a8e-1b2d-4c7e-9a10-2f6b8d4e7c31
PRD-WEB-006,poweredOn,False,False,2000,C:\,60940,22168,38771,64,0,,,,,DC-East,Prod-Cluster,esx-prod01.corp.example,Prod,Microsoft Windows Server 2019 (64-bit),Microsoft Windows Server 2019 Standard,vm-1005,42ea1fcae27a984d654821d07fcd9eb1,vcsa01.corp.example,5f3c9a8e-1b2d-4c7e-9a10-2f6b8d4e7c31
PRD-WEB-007,poweredOn,False,False,2000,C:\,81420,35412,46007,57,0,,,,,DC-East,Prod-Cluster,esx-prod06.corp.example,Prod,Microsoft Windows Server 2016 (64-bit),Microsoft Windows Server 2016 Standard,vm-1006,423825675cabcc97663f1c97956269f0,vcsa01.corp.example,5f3c9a8e-1b2d-4c7e-9a10-2f6b8d4e7c31
PRD-WEB-007,poweredOn,False,False,2001,D:\,255500,53493,202006,79,1,,,,,DC-East,Prod-Cluster,esx-prod06.corp.example,Prod,Microsoft Windows Server 2016 (64-bit),Microsoft Windows Server 2016 Standard,vm-1006,423825675cabcc97663f1c97956269f0,vcsa01.corp.example,5f3c9a8e-1b2d-4c7e-9a10-2f6b8d4e7c31
PRD-APP-008,poweredOn,False,False,2000,/,39936,36480,3455,9,0,,,,,DC-East,Prod-Cluster,esx-prod01.corp.example,Prod,CentOS 7 (64-bit),CentOS Linux 7 (Core),vm-1007,4210435a98ae43346c12ace8ae340454,vcsa01.corp.example,5f3c9a8e-1b2d-4c7e-9a10-2f6b8d4e7c31
PRD-APP-008,poweredOn,False,False,2001,/boot,1014,431,582,57,1,,,,,DC-East,Prod-Cluster,esx-prod01.corp.example,Prod,CentOS 7 (64-bit),CentOS Linux 7 (Core),vm-1007,4210435a98ae43346c12ace8ae340454,vcsa01.corp.example,5f3c9a8e-1b2d-4c7e-9a10-2f6b8d4e7c31
PRD-APP-008,poweredOn,False,False,2002,/var,1022976,357380,665595,65,2,,,,,DC-East,Prod-Cluster,esx-prod01.corp.example,Prod,CentOS 7 (64-bit),CentOS Linux 7 (Core),vm-1007,4210435a98ae43346c12ace8ae340454,vcsa01.corp.example,5f3c9a8e-1b2d-4c7e-9a10-2f6b8d4e7c31
PRD-APP-008,poweredOn,False,False,2003,/data,2046976,1049136,997839,49,3,,,,,DC-East,Prod-Cluster,esx-prod01.corp.example,Prod,CentOS 7 (64-bit),CentOS Linux 7 (Core),vm-1007,4210435a98ae43346c12ace8ae340454,vcsa01.corp.example,5f3c9a8e-1b2d-4c7e-9a10-2f6b8d4e7c31
PRD-WEB-009,poweredOn,False,False,2000,/,60416,17618,42797,71,0,Owner: app-team,,,,DC-East,Prod-Cluster,esx-prod05.corp.example,Prod,CentOS 7 (64-bit),CentOS Linux 7 (Core),vm-1008,42c039878976e334e2817efdae849217,vcsa01.corp.example,5f3c9a8e-1b2d-4c7e-9a10-2f6b8d4e7c31
PRD-WEB-009,poweredOn,False,False,2001,/boot,1014,580,433,43,1,,,,,DC-East,Prod-Cluster,esx-prod05.corp.example,Prod,CentOS 7 (64-bit),CentOS Linux 7 (Core),vm-1008,42c039878976e334e2817efdae849217,vcsa01.corp.example,5f3c9a8e-1b2d-4c7e-9a10-2f6b8d4e7c31
PRD-WEB-009,poweredOn,False,False,2002,/var,510976,297094,213881,42,2,Owner: app-team,,,,DC-East,Prod-Cluster,esx-prod05.corp.example,Prod,CentOS 7 (64-bit),CentOS Linux 7 (Core),vm-1008,42c039878976e334e2817efdae849217,vcsa01.corp.example,5f3c9a8e-1b2d-4c7e-9a10-2f6b8d4e7c31
PRD-SVC-011,poweredOn,False,False,2000,C:\,60940,19146,41793,69,0,,,,,DC-East,Prod-Cluster,esx-prod05.corp.example,Prod,Microsoft Windows Server 2019 (64-bit),Microsoft Windows Server 2019 Standard,vm-1010,42eb226387c5421eec24a3c5c754108f,vcsa01.corp.example,5f3c9a8e-1b2d-4c7e-9a10-2f6b8d4e7c31
PRD-SVC-011,poweredOn,False,False,2001,D:\,511500,301534,209965,41,1,Owner: app-team,,,,DC-East,Prod-Cluster,esx-prod05.corp.example,Prod,Microsoft Windows Server 2019 (64-bit),Microsoft Windows Server 2019 Standard,vm-1010,42eb226387c5421eec24a3c5c754108f,vcsa01.corp.example,5f3c9a8e-1b2d-4c7e-9a10-2f6b8d4e7c31
PRD-APP-012,poweredOn,False,False,2000,/,39936,8321,31614,79,0,,,,,DC-East,Prod-Cluster,esx-prod03.corp.example,Prod,CentOS 7 (64-bit),CentOS Linux 7 (Core),vm-1011,4214296cf26b4776913e4de2e0c53cb8,vcsa01.corp.example,5f3c9a8e-1b2d-4c7e-9a10-2f6b8d4e7c31
PRD-APP-012,poweredOn,False,False,2001,/boot,1014,264,749,74,1,,,,,DC-East,Prod-Cluster,esx-prod03.corp.example,Prod,CentOS 7 (64-bit),CentOS Linux 7 (Core),vm-1011,4214296cf26b4776913e4de2e0c53cb8,vcsa01.corp.example,5f3c9a8e-1b2d-4c7e-9a10-2f6b8d4e7c31
PRD-SVC-013,poweredOn,False,False,2000,C:\,60940,39223,21716,36,0,,,,,DC-East,Prod-Cluster,esx-prod02.corp.example,Prod,Microsoft Windows Server 2019 (64-bit),Microsoft Windows Server 2019 Standard,vm-1012,426c52c49b49bd26df57c59a8715a103,vcsa01.corp.example,5f3c9a8e-1b2d-4c7e-9a10-2f6b8d4e7c31
PRD-WEB-014,poweredOn,False,False,2000,C:\,101900,61386,40513,40,0,,,,,DC-East,Prod-Cluster,esx-prod06.corp.example,Prod,Microsoft Windows Server 2016 or later (64-bit),Microsoft Windows Server 2022 Datacenter,vm-1013,421efa217394988f847fd9b4e64d1bcb,vcsa01.corp.example,5f3c9a8e-1b2d-4c7e-9a10-2f6b8d4e7c31
PRD-WEB-014,poweredOn,False,False,2001,D:\,767500,378025,389474,51,1,,,,,DC-East,Prod-Cluster,esx-prod06.corp.example,Prod,Microsoft Windows Server 2016 or later (64-bit),Microsoft Windows Server 2022 Datacenter,vm-1013,421efa217394988f847fd9b4e64d1bcb,vcsa01.corp.example,5f3c9a8e-1b2d-4c7e-9a10-2f6b8d4e7c31
PRD-WEB-014,poweredOn,False,False,2002,E:\,2047500,1603607,443892,22,2,,,,,DC-East,Prod-Cluster,esx-prod06.corp.example,Prod,Microsoft Windows Server 2016 or later (64-bit),Microsoft Windows Server 2022 Datacenter,vm-1013,421efa217394988f847fd9b4e64d1bcb,vcsa01.corp.example,5f3c9a8e-1b2d-4c7e-9a10-2f6b8d4e7c31
PRD-CTX-015,poweredOn,False,False,2000,C:\,81420,71780,9639,12,0,Owner: app-team,,,,DC-East,Prod-Cluster,esx-prod05.corp.example,Prod,Microsoft Windows Server 2019 (64-bit),Microsoft Windows Server 2019 Standard,vm-1014,421141253a9bedd40f1259e0a18ff6b6,vcsa01.corp.example,5f3c9a8e-1b2d-4c7e-9a10-2f6b8d4e7c31
PRD-CTX-015,poweredOn,False,False,2001,D:\,255500,73083,182416,71,1,Owner: app-team,,,,DC-East,Prod-Cluster,esx-prod05.corp.example,Prod,Microsoft Windows Server 2019 (64-bit),Microsoft Windows Server 2019 Standard,vm-1014,421141253a9bedd40f1259e0a18ff6b6,vcsa01.corp.example,5f3c9a8e-1b2d-4c7e-9a10-2f6b8d4e7c31
PRD-WEB-016,poweredOn,False,False,2000,C:\,40460,19978,20481,51,0,Owner: app-team,,,,DC-East,Prod-Cluster,esx-prod03.corp.example,Prod,Microsoft Windows Server 2012 (64-bit),Microsoft Windows Server 2012 R2 Standard,vm-1015,4293829b922fe15ae1e3db63ef7ddc76,vcsa01.corp.example,5f3c9a8e-1b2d-4c7e-9a10-2f6b8d4e7c31
PRD-FS-017,poweredOn,False,False,2000,C:\,60940,24634,36305,60,0,,,,,DC-East,Prod-Cluster,esx-prod02.corp.example,Prod,Microsoft Windows Server 2019 (64-bit),Microsoft Windows Server 2019 Standard,vm-1016,42baa4b7dd2467ac778eedb3693dffbc,vcsa01.corp.example,5f3c9a8e-1b2d-4c7e-9a10-2f6b8d4e7c31
PRD-APP-018,poweredOn,False,False,2000,/,60416,58858,1557,3,0,Owner: app-team,,,,DC-East,Prod-Cluster,esx-prod04.corp.example,Prod,Red Hat Enterprise Linux 8 (64-bit),Red Hat Enterprise Linux 8.8 (Ootpa),vm-1017,426c006f23e2fcb472d8567d894a05e4,vcsa01.corp.example,5f3c9a8e-1b2d-4c7e-9a10-2f6b8d4e7c31
PRD-APP-018,poweredOn,False,False,2001,/boot,1014,344,669,66,1,,,,,DC-East,Prod-Cluster,esx-prod04.corp.example,Prod,Red Hat Enterprise Linux 8 (64-bit),Red Hat Enterprise Linux 8.8 (Ootpa),vm-1017,426c006f23e2fcb472d8567d894a05e4,vcsa01.corp.example,5f3c9a8e-1b2d-4c7e-9a10-2f6b8d4e7c31
PRD-APP-019,poweredOn,False,False,2000,/,101376,29326,72049,71,0,,,,,DC-East,Prod-Cluster,esx-prod04.corp.example,Prod,Red Hat Enterprise Linux 9 (64-bit),Red Hat Enterprise Linux 9.2 (Plow),vm-1018,4203c72bd605e7708a63f881ffd0f9d5,vcsa01.corp.example,5f3c9a8e-1b2d-4c7e-9a10-2f6b8d4e7c31
PRD-APP-019,poweredOn,False,False,2001,/boot,1014,279,734,72,1,Owner: app-team,,,,DC-East,Prod-Cluster,esx-prod04.corp.example,Prod,Red Hat Enterprise Linux 9 (64-bit),Red Hat Enterprise Linux 9.2 (Plow),vm-1018,4203c72bd605e7708a63f881ffd0f9d5,vcsa01.corp.example,5f3c9a8e-1b2d-4c7e-9a10-2f6b8d4e7c31
PRD-FS-020,poweredOn,False,False,2000,C:\,60940,21008,39931,66,0,,,,,DC-East,Prod-Cluster,esx-prod04.corp.example,Prod,Microsoft Windows Server 2016 (64-bit),Microsoft Windows Server 2016 Standard,vm-1019,4243e45863f2ae24fc3d3348008d4127,vcsa01.corp.example,5f3c9a8e-1b2d-4c7e-9a10-2f6b8d4e7c31
PRD-FS-020,poweredOn,False,False,2001,D:\,1023500,750277,273222,27,1,Owner: app-team,,,,DC-East,Prod-Cluster,esx-prod04.corp.example,Prod,Microsoft Windows Server 2016 (64-bit),Microsoft Windows Server 2016 Standard,vm-1019,4243e45863f2ae24fc3d3348008d4127,vcsa01.corp.example,5f3c9a8e-1b2d-4c7e-9a10-2f6b8d4e7c31
PRD-FS-021,poweredOn,False,False,2000,/,60416,31380,29035,48,0,,,,,DC-East,Prod-Cluster,esx-prod06.corp.example,Prod,SUSE Linux Enterprise 15 (64-bit),SUSE Linux Enterprise Server 15 SP5,vm-1020,4237bb3e4bf50b52309d258c27a0c3d7,vcsa01.corp.example,5f3c9a8e-1b2d-4c7e-9a10-2f6b8d4e7c31
PRD-FS-021,poweredOn,False,False,2001,/boot,1014,358,655,65,1,,,,,DC-East,Prod-Cluster,esx-prod06.corp.example,Prod,SUSE Linux Enterprise 15 (64-bit),SUSE Linux Enterprise Server 15 SP5,vm-1020,4237bb3e4bf50b52309d258c27a0c3d7,vcsa01.corp.example,5f3c9a8e-1b2d-4c7e-9a10-2f6b8d4e7c31
PRD-FS-021,poweredOn,False,False,2002,/var,203776,150480,53295,26,2,Owner: app-team,,,,DC-East,Prod-Cluster,esx-prod06.corp.example,Prod,SUSE Linux Enterprise 15 (64-bit),SUSE Linux Enterprise Server 15 SP5,vm-1020,4237bb3e4bf50b52309d258c27a0c3d7,vcsa01.corp.example,5f3c9a8e-1b2d-4c7e-9a10-2f6b8d4e7c31
PRD-APP-022,poweredOn,False,False,2000,C:\,81420,18948,62471,77,0,,,,,DC-East,Prod-Cluster,esx-prod06.corp.example,Prod,Microsoft Windows Server 2016 or later (64-bit),Microsoft Windows Server 2022 Datacenter,vm-1021,42284d8287f7e1fbda4bd9caeb5cf467,vcsa01.corp.example,5f3c9a8e-1b2d-4c7e-9a10-2f6b8d4e7c31
PRD-APP-022,poweredOn,False,False,2001,D:\,101900,93914,7985,8,1,,,,,DC-East,Prod-Cluster,esx-prod06.corp.example,Prod,Microsoft Windows Server 2016 or later (64-bit),Microsoft Windows Server 2022 Datacenter,vm-1021,42284d8287f7e1fbda4bd9caeb5cf467,vcsa01.corp.example,5f3c9a8e-1b2d-4c7e-9a10-2f6b8d4e7c31
PRD-APP-023,poweredOn,False,False,2000,C:\,40460,30458,10001,25,0,,,,,DC-East,Prod-Cluster,esx-prod01.corp.example,Prod,Microsoft Windows Server 2016 (64-bit),Microsoft Windows Server 2016 Standard,vm-1022,423f07f891d63f78e3e9de99f10c718b,vcsa01.corp.example,5f3c9a8e-1b2d-4c7e-9a10-2f6b8d4e7c31
PRD-APP-023,poweredOn,False,False,2001,D:\,255500,236619,18880,7,1,,,,,DC-East,Prod-Cluster,esx-prod01.corp.example,Prod,Microsoft Windows Server 2016 (64-bit),Microsoft Windows Server 2016 Standard,vm-1022,423f07f891d63f78e3e9de99f10c718b,vcsa01.corp.example,5f3c9a8e-1b2d-4c7e-9a10-2f6b8d4e7c31
PRD-APP-023,poweredOn,False,False,2002,E:\,204300,90235,114064,56,2,,,,,DC-East,Prod-Cluster,esx-prod01.corp.example,Prod,Microsoft Windows Server 2016 (64-bit),Microsoft Windows Server 2016 Standard,vm-1022,423f07f891d63f78e3e9de99f10c718b,vcsa01.corp.example,5f3c9a8e-1b2d-4c7e-9a10-2f6b8d4e7c31
PRD-WEB-025,poweredOn,False,False,2000,C:\,81420,28009,53410,66,0,Owner: app-team,,,,DC-East,Prod-Cluster,esx-prod04.corp.example,Prod,Microsoft Windows Server 2016 or later (64-bit),Microsoft Windows Server 2022 Datacenter,vm-1024,4219985fff002d4d902059e4ff9ab5c2,vcsa01.corp.example,5f3c9a8e-1b2d-4c7e-9a10-2f6b8d4e7c31
PRD-WEB-025,poweredOn,False,False,2001,D:\,255500,159917,95582,37,1,,,,,DC-East,Prod-Cluster,esx-prod04.corp.example,Prod,Microsoft Windows Server 2016 or later (64-bit),Microsoft Windows Server 2022 Datacenter,vm-1024,4219985fff002d4d902059e4ff9ab5c2,vcsa01.corp.example,5f3c9a8e-1b2d-4c7e-9a10-2f6b8d4e7c31
PRD-APP-026,poweredOn,False,False,2000,/,101376,41818,59557,59,0,,,,,DC-East,Prod-Cluster,esx-prod03.corp.example,Prod,CentOS 7 (64-bit),CentOS Linux 7 (Core),vm-1025,42b41b318b10550cd5704f32702cdd20,vcsa01.corp.example,5f3c9a8e-1b2d-4c7e-9a10-2f6b8d4e7c31
PRD-APP-026,poweredOn,False,False,2001,/boot,1014,362,651,64,1,,,,,DC-East,Prod-Cluster,esx-prod03.corp.example,Prod,CentOS 7 (64-bit),CentOS Linux 7 (Core),vm-1025,42b41b318b10550cd5704f32702cdd20,vcsa01.corp.example,5f3c9a8e-1b2d-4c7e-9a10-2f6b8d4e7c31
PRD-APP-026,poweredOn,False,False,2002,/var,203776,41593,162182,80,2,,,,,DC-East,Prod-Cluster,esx-prod03.corp.example,Prod,CentOS 7 (64-bit),CentOS Linux 7 (Core),vm-1025,42b41b318b10550cd5704f32702cdd20,vcsa01.corp.example,5f3c9a8e-1b2d-4c7e-9a10-2f6b8d4e7c31
PRD-APP-026,poweredOn,False,False,2003,/data,203776,132198,71577,35,3,Owner: app-team,,,,DC-East,Prod-Cluster,esx-prod03.corp.example,Prod,CentOS 7 (64-bit),CentOS Linux 7 (Core),vm-1025,42b41b318b10550cd5704f32702cdd20,vcsa01.corp.example,5f3c9a8e-1b2d-4c7e-9a10-2f6b8d4e7c31
PRD-APP-027,poweredOn,False,False,2000,/,39936,14813,25122,63,0,Owner: app-team,,,,DC-East,Prod-Cluster,esx-prod06.corp.example,Prod,Red Hat Enterprise Linux 9 (64-bit),Red Hat Enterprise Linux 9.2 (Plow),vm-1026,421d8cbb43b409ef2260e70fe0ccedc5,vcsa01.corp.example,5f3c9a8e-1b2d-4c7e-9a10-2f6b8d4e7c31
PRD-APP-027,poweredOn,False,False,2001,/boot,1014,579,434,43,1,,,,,DC-East,Prod-Cluster,esx-prod06.corp.example,Prod,Red Hat Enterprise Linux 9 (64-bit),Red Hat Enterprise Linux 9.2 (Plow),vm-1026,421d8cbb43b409ef2260e70fe0ccedc5,vcsa01.corp.example,5f3c9a8e-1b2d-4c7e-9a10-2f6b8d4e7c31
PRD-WEB-028,poweredOn,False,False,2000,C:\,101900,80458,21441,21,0,,,,,DC-East,Prod-Cluster,esx-prod03.corp.example,Prod,Microsoft Windows Server 2016 (64-bit),Microsoft Windows Server 2016 Standard,vm-1027,4281627c439472e6da587e8aa25d6b29,vcsa01.corp.example,5f3c9a8e-1b2d-4c7e-9a10-2f6b8d4e7c31
PRD-WEB-028,poweredOn,False,False,2001,D:\,1023500,391275,632224,62,1,,,,,DC-East,Prod-Cluster,esx-prod03.corp.example,Prod,Microsoft Windows Server 2016 (64-bit),Microsoft Windows Server 2016 Standard,vm-1027,4281627c439472e6da587e8aa25d6b29,vcsa01.corp.example,5f3c9a8e-1b2d-4c7e-9a10-2f6b8d4e7c31
PRD-FS-029,poweredOn,False,False,2000,C:\,81420,66188,15231,19,0,Owner: app-team,,,,DC-East,Prod-Cluster,esx-prod03.corp.example,Prod,Microsoft Windows Server 2019 (64-bit),Microsoft Windows Server 2019 Standard,vm-1028,42711c21bdc14f1f295d6fbf430f801d,vcsa01.corp.example,5f3c9a8e-1b2d-4c7e-9a10-2f6b8d4e7c31
PRD-FS-029,poweredOn,False,False,2001,D:\,50700,8038,42661,84,1,,,,,DC-East,Prod-Cluster,esx-prod03.corp.example,Prod,Microsoft Windows Server 2019 (64-bit),Microsoft Windows Server 2019 Standard,vm-1028,42711c21bdc14f1f295d6fbf430f801d,vcsa01.corp.example,5f3c9a8e-1b2d-4c7e-9a10-2f6b8d4e7c31
PRD-APP-030,poweredOn,False,False,2000,/,80896,44349,36546,45,0,,,,,DC-East,Prod-Cluster,esx-prod01.corp.example,Prod,Ubuntu Linux (64-bit),Ubuntu 18.04.6 LTS,vm-1029,428d7248951f58d05e84f058d5a804eb,vcsa01.corp.example,5f3c9a8e-1b2d-4c7e-9a10-2f6b8d4e7c31
PRD-APP-030,poweredOn,False,False,2001,/boot,1014,370,643,63,1,,,,,DC-East,Prod-Cluster,esx-prod01.corp.example,Prod,Ubuntu Linux (64-bit),Ubuntu 18.04.6 LTS,vm-1029,428d7248951f58d05e84f058d5a804eb,vcsa01.corp.example,5f3c9a8e-1b2d-4c7e-9a10-2f6b8d4e7c31
PRD-APP-030,poweredOn,False,False,2002,/var,254976,79809,175166,69,2,Owner: app-team,,,,DC-East,Prod-Cluster,esx-prod01.corp.example,Prod,Ubuntu Linux (64-bit),Ubuntu 18.04.6 LTS,vm-1029,428d7248951f58d05e84f058d5a804eb,vcsa01.corp.example,5f3c9a8e-1b2d-4c7e-9a10-2f6b8d4e7c31
PRD-SQL-031,poweredOn,False,False,2000,/,101376,54556,46819,46,0,,,,,DC-East,Prod-Cluster,esx-prod01.corp.example,Prod,Ubuntu Linux (64-bit),Ubuntu 22.04.4 LTS,vm-1030,428f5486c7b5b2bc5a8aaeca1a50aec3,vcsa01.corp.example,5f3c9a8e-1b2d-4c7e-9a10-2f6b8d4e7c31
PRD-SQL-031,poweredOn,False,False,2001,/boot,1014,302,711,70,1,,,,,DC-East,Prod-Cluster,esx-prod01.corp.example,Prod,Ubuntu Linux (64-bit),Ubuntu 22.04.4 LTS,vm-1030,428f5486c7b5b2bc5a8aaeca1a50aec3,vcsa01.corp.example,5f3c9a8e-1b2d-4c7e-9a10-2f6b8d4e7c31
PRD-APP-032,poweredOn,False,False,2000,/,39936,12554,27381,69,0,,,,,DC-East,Prod-Cluster,esx-prod02.corp.example,Prod,CentOS 7 (64-bit),CentOS Linux 7 (Core),vm-1031,42c84a7b550a1b46ecab3301bc8f7d29,vcsa01.corp.example,5f3c9a8e-1b2d-4c7e-9a10-2f6b8d4e7c31
PRD-APP-032,poweredOn,False,False,2001,/boot,1014,500,513,51,1,,,,,DC-East,Prod-Cluster,esx-prod02.corp.example,Prod,CentOS 7 (64-bit),CentOS Linux 7 (Core),vm-1031,42c84a7b550a1b46ecab3301bc8f7d29,vcsa01.corp.example,5f3c9a8e-1b2d-4c7e-9a10-2f6b8d4e7c31
PRD-WEB-033,poweredOn,False,False,2000,C:\,101900,86776,15123,15,0,Owner: app-team,,,,DC-East,Prod-Cluster,esx-prod03.corp.example,Prod,Microsoft Windows Server 2019 (64-bit),Microsoft Windows Server 2019 Standard,vm-1032,4238f16a787f2425dbccc47709e9db0a,vcsa01.corp.example,5f3c9a8e-1b2d-4c7e-9a10-2f6b8d4e7c31
PRD-WEB-033,poweredOn,False,False,2001,D:\,511500,423928,87571,17,1,,,,,DC-East,Prod-Cluster,esx-prod03.corp.example,Prod,Microsoft Windows Server 2019 (64-bit),Microsoft Windows Server 2019 Standard,vm-1032,4238f16a787f2425dbccc47709e9db0a,vcsa01.corp.example,5f3c9a8e-1b2d-4c7e-9a10-2f6b8d4e7c31
PRD-WEB-034,poweredOn,False,False,2000,C:\,81420,13265,68154,84,0,,,,,DC-East,Prod-Cluster,esx-prod02.corp.example,Prod,Microsoft Windows Server 2019 (64-bit),Microsoft Windows Server 2019 Standard,vm-1033,42c5f8bcf7860b5011c58ef0dd463c09,vcsa01.corp.example,5f3c9a8e-1b2d-4c7e-9a10-2f6b8d4e7c31
PRD-WEB-034,poweredOn,False,False,2001,D:\,511500,298760,212739,42,1,,,,,DC-East,Prod-Cluster,esx-prod02.corp.example,Prod,Microsoft Windows Server 2019 (64-bit),Microsoft Windows Server 2019 Standard,vm-1033,42c5f8bcf7860b5011c58ef0dd463c09,vcsa01.corp.example,5f3c9a8e-1b2d-4c7e-9a10-2f6b8d4e7c31
PRD-WEB-034,poweredOn,False,False,2002,E:\,1023500,867989,155510,15,2,,,,,DC-East,Prod-Cluster,esx-prod02.corp.example,Prod,Microsoft Windows Server 2019 (64-bit),Microsoft Windows Server 2019 Standard,vm-1033,42c5f8bcf7860b5011c58ef0dd463c09,vcsa01.corp.example,5f3c9a8e-1b2d-4c7e-9a10-2f6b8d4e7c31
PRD-SVC-035,poweredOn,False,False,2000,/,60416,14066,46349,77,0,Owner: app-team,,,,DC-East,Prod-Cluster,esx-prod03.corp.example,Prod,Ubuntu Linux (64-bit),Ubuntu 18.04.6 LTS,vm-1034,4209cb3943f59a85fbc9f87af668a617,vcsa01.corp.example,5f3c9a8e-1b2d-4c7e-9a10-2f6b8d4e7c31
PRD-SVC-035,poweredOn,False,False,2001,/boot,1014,344,669,66,1,Owner: app-team,,,,DC-East,Prod-Cluster,esx-prod03.corp.example,Prod,Ubuntu Linux (64-bit),Ubuntu 18.04.6 LTS,vm-1034,4209cb3943f59a85fbc9f87af668a617,vcsa01.corp.example,5f3c9a8e-1b2d-4c7e-9a10-2f6b8d4e7c31
PRD-SVC-035,poweredOn,False,False,2002,/var,254976,98851,156124,61,2,,,,,DC-East,Prod-Cluster,esx-prod03.corp.example,Prod,Ubuntu Linux (64-bit),Ubuntu 18.04.6 LTS,vm-1034,4209cb3943f59a85fbc9f87af668a617,vcsa01.corp.example,5f3c9a8e-1b2d-4c7e-9a10-2f6b8d4e7c31
PRD-SVC-035,poweredOn,False,False,2003,/data,254976,111654,143321,56,3,Owner: app-team,,,,DC-East,Prod-Cluster,esx-prod03.corp.example,Prod,Ubuntu Linux (64-bit),Ubuntu 18.04.6 LTS,vm-1034,4209cb3943f59a85fbc9f87af668a617,vcsa01.corp.example,5f3c9a8e-1b2d-4c7e-9a10-2f6b8d4e7c31
PRD-SQL-036,poweredOn,False,False,2000,C:\,60940,31761,29178,48,0,,,,,DC-East,Prod-Cluster,esx-prod04.corp.example,Prod,Microsoft Windows Server 2016 (64-bit),Microsoft Windows Server 2016 Standard,vm-1035,420b5cea41357e8c30a900ad939b462d,vcsa01.corp.example,5f3c9a8e-1b2d-4c7e-9a10-2f6b8d4e7c31
PRD-SVC-037,poweredOn,False,False,2000,/,101376,87953,13422,13,0,Owner: app-team,,,,DC-East,Prod-Cluster,esx-prod06.corp.example,Prod,Red Hat Enterprise Linux 8 (64-bit),Red Hat Enterprise Linux 8.8 (Ootpa),vm-1036,42aa0b7bf2e9702d11e9cdaa6e6981a3,vcsa01.corp.example,5f3c9a8e-1b2d-4c7e-9a10-2f6b8d4e7c31
PRD-SVC-037,poweredOn,False,False,2001,/boot,1014,562,451,45,1,Owner: app-team,,,,DC-East,Prod-Cluster,esx-prod06.corp.example,Prod,Red Hat Enterprise Linux 8 (64-bit),Red Hat Enterprise Linux 8.8 (Ootpa),vm-1036,42aa0b7bf2e9702d11e9cdaa6e6981a3,vcsa01.corp.example,5f3c9a8e-1b2d-4c7e-9a10-2f6b8d4e7c31
PRD-APP-038,poweredOn,False,False,2000,/,60416,40502,19913,33,0,,,,,DC-East,Prod-Cluster,esx-prod06.corp.example,Prod,Ubuntu Linux (64-bit),Ubuntu 22.04.4 LTS,vm-1037,424bb00fb27c40266703b6365380b904,vcsa01.corp.example,5f3c9a8e-1b2d-4c7e-9a10-2f6b8d4e7c31
PRD-APP-038,poweredOn,False,False,2001,/boot,1014,444,569,56,1,,,,,DC-East,Prod-Cluster,esx-prod06.corp.example,Prod,Ubuntu Linux (64-bit),Ubuntu 22.04.4 LTS,vm-1037,424bb00fb27c40266703b6365380b904,vcsa01.corp.example,5f3c9a8e-1b2d-4c7e-9a10-2f6b8d4e7c31
PRD-APP-038,poweredOn,False,False,2002,/var,510976,333988,176987,35,2,,,,,DC-East,Prod-Cluster,esx-prod06.corp.example,Prod,Ubuntu Linux (64-bit),Ubuntu 22.04.4 LTS,vm-1037,424bb00fb27c40266703b6365380b904,vcsa01.corp.example,5f3c9a8e-1b2d-4c7e-9a10-2f6b8d4e7c31
PRD-FS-039,poweredOn,False,False,2000,/,80896,32877,48018,59,0,,,,,DC-East,Prod-Cluster,esx-prod06.corp.example,Prod,Red Hat Enterprise Linux 8 (64-bit),Red Hat Enterprise Linux 8.8 (Ootpa),vm-1038,42001a9ad56f03508c459ce267f48ad5,vcsa01.corp.example,5f3c9a8e-1b2d-4c7e-9a10-2f6b8d4e7c31
PRD-FS-039,poweredOn,False,False,2001,/boot,1014,465,548,54,1,,,,,DC-East,Prod-Cluster,esx-prod06.corp.example,Prod,Red Hat Enterprise Linux 8 (64-bit),Red Hat Enterprise Linux 8.8 (Ootpa),vm-1038,42001a9ad56f03508c459ce267f48ad5,vcsa01.corp.example,5f3c9a8e-1b2d-4c7e-9a10-2f6b8d4e7c31
PRD-FS-039,poweredOn,False,False,2002,/var,510976,428415,82560,16,2,,,,,DC-East,Prod-Cluster,esx-prod06.corp.example,Prod,Red Hat Enterprise Linux 8 (64-bit),Red Hat Enterprise Linux 8.8 (Ootpa),vm-1038,42001a9ad56f03508c459ce267f48ad5,vcsa01.corp.example,5f3c9a8e-1b2d-4c7e-9a10-2f6b8d4e7c31
PRD-FS-039,poweredOn,False,False,2003,/data,203776,152493,51282,25,3,,,,,DC-East,Prod-Cluster,esx-prod06.corp.example,Prod,Red Hat Enterprise Linux 8 (64-bit),Red Hat Enterprise Linux 8.8 (Ootpa),vm-1038,42001a9ad56f03508c459ce267f48ad5,vcsa01.corp.example,5f3c9a8e-1b2d-4c7e-9a10-2f6b8d4e7c31
PRD-CTX-040,poweredOn,False,False,2000,C:\,81420,68995,12424,15,0,,,,,DC-East,Prod-Cluster,esx-prod05.corp.example,Prod,Microsoft Windows Server 2012 (64-bit),Microsoft Windows Server 2012 R2 Standard,vm-1039,42cb323e7922bac282dc4c8e36b5229a,vcsa01.corp.example,5f3c9a8e-1b2d-4c7e-9a10-2f6b8d4e7c31
PRD-CTX-040,poweredOn,False,False,2001,D:\,1023500,755839,267660,26,1,,,,,DC-East,Prod-Cluster,esx-prod05.corp.example,Prod,Microsoft Windows Server 2012 (64-bit),Microsoft Windows Server 2012 R2 Standard,vm-1039,42cb323e7922bac282dc4c8e36b5229a,vcsa01.corp.example,5f3c9a8e-1b2d-4c7e-9a10-2f6b8d4e7c31
PRD-APP-041,poweredOn,False,False,2000,C:\,101900,76891,25008,25,0,Owner: app-team,,,,DC-East,Prod-Cluster,esx-prod03.corp.example,Prod,Microsoft Windows Server 2016 (64-bit),Microsoft Windows Server 2016 Standard,vm-1040,423c2059c04a96c4f3b63fe1d1843324,vcsa01.corp.example,5f3c9a8e-1b2d-4c7e-9a10-2f6b8d4e7c31
PRD-APP-041,poweredOn,False,False,2001,D:\,50700,13196,37503,74,1,Owner: app-team,,,,DC-East,Prod-Cluster,esx-prod03.corp.example,Prod,Microsoft Windows Server 2016 (64-bit),Microsoft Windows Server 2016 Standard,vm-1040,423c2059c04a96c4f3b63fe1d1843324,vcsa01.corp.example,5f3c9a8e-1b2d-4c7e-9a10-2f6b8d4e7c31
PRD-APP-042,poweredOn,False,False,2000,C:\,81420,42526,38893,48,0,Owner: app-team,,,,DC-East,Prod-Cluster,esx-prod01.corp.example,Prod,Microsoft Windows Server 2019 (64-bit),Microsoft Windows Server 2019 Standard,vm-1041,42e2d9de6a18ce4c7496276412a4def0,vcsa01.corp.example,5f3c9a8e-1b2d-4c7e-9a10-2f6b8d4e7c31
PRD-APP-042,poweredOn,False,False,2001,D:\,255500,143253,112246,44,1,,,,,DC-East,Prod-Cluster,esx-prod01.corp.example,Prod,Microsoft Windows Server 2019 (64-bit),Microsoft Windows Server 2019 Standard,vm-1041,42e2d9de6a18ce4c7496276412a4def0,vcsa01.corp.example,5f3c9a8e-1b2d-4c7e-9a10-2f6b8d4e7c31
PRD-APP-042,poweredOn,False,False,2002,E:\,255500,185817,69682,27,2,Owner: app-team,,,,DC-East,Prod-Cluster,esx-prod01.corp.example,Prod,Microsoft Windows Server 2019 (64-bit),Microsoft Windows Server 2019 Standard,vm-1041,42e2d9de6a18ce4c7496276412a4def0,vcsa01.corp.example,5f3c9a8e-1b2d-4c7e-9a10-2f6b8d4e7c31
PRD-FS-043,poweredOn,False,False,2000,C:\,60940,11458,49481,81,0,,,,,DC-East,Prod-Cluster,esx-prod04.corp.example,Prod,Microsoft Windows Server 2016 or later (64-bit),Microsoft Windows Server 2022 Datacenter,vm-1042,42c521bfdc45d539c03f3538e4855aa1,vcsa01.corp.example,5f3c9a8e-1b2d-4c7e-9a10-2f6b8d4e7c31
PRD-APP-044,poweredOn,False,False,2000,C:\,81420,68478,12941,16,0,,,,,DC-East,Prod-Cluster,esx-prod06.corp.example,Prod,Microsoft Windows Server 2016 (64-bit),Microsoft Windows Server 2016 Standard,vm-1043,4222228274daaebf1f115b76d92c9227,vcsa01.corp.example,5f3c9a8e-1b2d-4c7e-9a10-2f6b8d4e7c31
PRD-APP-044,poweredOn,False,False,2001,D:\,1023500,561462,462037,45,1,,,,,DC-East,Prod-Cluster,esx-prod06.corp.example,Prod,Microsoft Windows Server 2016 (64-bit),Microsoft Windows Server 2016 Standard,vm-1043,4222228274daaebf1f115b76d92c9227,vcsa01.corp.example,5f3c9a8e-1b2d-4c7e-9a10-2f6b8d4e7c31
PRD-CTX-045,poweredOn,False,False,2000,/,80896,66176,14719,18,0,,,,,DC-East,Prod-Cluster,esx-prod03.corp.example,Prod,Ubuntu Linux (64-bit),Ubuntu 18.04.6 LTS,vm-1044,42d4a02e6d3ee1dc81392443e45b712e,vcsa01.corp.example,5f3c9a8e-1b2d-4c7e-9a10-2f6b8d4e7c31
PRD-CTX-045,poweredOn,False,False,2001,/boot,1014,375,638,63,1,,,,,DC-East,Prod-Cluster,esx-prod03.corp.example,Prod,Ubuntu Linux (64-bit),Ubuntu 18.04.6 LTS,vm-1044,42d4a02e6d3ee1dc81392443e45b712e,vcsa01.corp.example,5f3c9a8e-1b2d-4c7e-9a10-2f6b8d4e7c31
PRD-CTX-045,poweredOn,False,False,2002,/var,1022976,884129,138846,14,2,,,,,DC-East,Prod-Cluster,esx-prod03.corp.example,Prod,Ubuntu Linux (64-bit),Ubuntu 18.04.6 LTS,vm-1044,42d4a02e6d3ee1dc81392443e45b712e,vcsa01.corp.example,5f3c9a8e-1b2d-4c7e-9a10-2f6b8d4e7c31
PRD-RDS-046,poweredOn,False,False,2000,C:\,40460,10029,30430,75,0,Owner: app-team,,,,DC-East,Prod-Cluster,esx-prod04.corp.example,Prod,Microsoft Windows Server 2019 (64-bit),Microsoft Windows Server 2019 Standard,vm-1045,42a072957c0e8cd88573e793c715b2b9,vcsa01.corp.example,5f3c9a8e-1b2d-4c7e-9a10-2f6b8d4e7c31
PRD-RDS-046,poweredOn,False,False,2001,D:\,2047500,606336,1441163,70,1,Owner: app-team,,,,DC-East,Prod-Cluster,esx-prod04.corp.example,Prod,Microsoft Windows Server 2019 (64-bit),Microsoft Windows Server 2019 Standard,vm-1045,42a072957c0e8cd88573e793c715b2b9,vcsa01.corp.example,5f3c9a8e-1b2d-4c7e-9a10-2f6b8d4e7c31
PRD-WEB-047,poweredOn,False,False,2000,C:\,60940,20051,40888,67,0,Owner: app-team,,,,DC-East,Prod-Cluster,esx-prod02.corp.example,Prod,Microsoft Windows Server 2019 (64-bit),Microsoft Windows Server 2019 Standard,vm-1046,42b1a6b1620e99d33b33f3d8269cd696,vcsa01.corp.example,5f3c9a8e-1b2d-4c7e-9a10-2f6b8d4e7c31
PRD-FS-048,poweredOn,False,False,2000,C:\,81420,62966,18453,23,0,,,,,DC-East,Prod-Cluster,esx-prod03.corp.example,Prod,Microsoft Windows Server 2016 (64-bit),Microsoft Windows Server 2016 Standard,vm-1047,42c51155e7a37e8163b4c08b6b8e869f,vcsa01.corp.example,5f3c9a8e-1b2d-4c7e-9a10-2f6b8d4e7c31
PRD-CTX-049,poweredOn,False,False,2000,C:\,40460,34392,6067,15,0,,,,,DC-East,Prod-Cluster,esx-prod04.corp.example,Prod,Microsoft Windows Server 2016 (64-bit),Microsoft Windows Server 2016 Standard,vm-1048,42d5f250f41402b1e4429ebbda7b9095,vcsa01.corp.example,5f3c9a8e-1b2d-4c7e-9a10-2f6b8d4e7c31
PRD-CTX-049,poweredOn,False,False,2001,D:\,511500,438106,73393,14,1,,,,,DC-East,Prod-Cluster,esx-prod04.corp.example,Prod,Microsoft Windows Server 2016 (64-bit),Microsoft Windows Server 2016 Standard,vm-1048,42d5f250f41402b1e4429ebbda7b9095,vcsa01.corp.example,5f3c9a8e-1b2d-4c7e-9a10-2f6b8d4e7c31
PRD-CTX-049,poweredOn,False,False,2002,E:\,511500,160321,351178,69,2,,,,,DC-East,Prod-Cluster,esx-prod04.corp.example,Prod,Microsoft Windows Server 2016 (64-bit),Microsoft Windows Server 2016 Standard,vm-1048,42d5f250f41402b1e4429ebbda7b9095,vcsa01.corp.example,5f3c9a8e-1b2d-4c7e-9a10-2f6b8d4e7c31
PRD-CTX-049,poweredOn,False,False,2003,F:\,204300,182342,21957,11,3,,,,,DC-East,Prod-Cluster,esx-prod04.corp.example,Prod,Microsoft Windows Server 2016 (64-bit),Microsoft Windows Server 2016 Standard,vm-1048,42d5f250f41402b1e4429ebbda7b9095,vcsa01.corp.example,5f3c9a8e-1b2d-4c7e-9a10-2f6b8d4e7c31
PRD-CTX-050,poweredOn,False,False,2000,C:\,40460,11569,28890,71,0,,,,,DC-East,Prod-Cluster,esx-prod02.corp.example,Prod,Microsoft Windows Server 2016 (64-bit),Microsoft Windows Server 2016 Standard,vm-1049,42addc3eab3b4d37560c95ee638c254c,vcsa01.corp.example,5f3c9a8e-1b2d-4c7e-9a10-2f6b8d4e7c31
PRD-CTX-050,poweredOn,False,False,2001,D:\,50700,37656,13043,26,1,Owner: app-team,,,,DC-East,Prod-Cluster,esx-prod02.corp.example,Prod,Microsoft Windows Server 2016 (64-bit),Microsoft Windows Server 2016 Standard,vm-1049,42addc3eab3b4d37560c95ee638c254c,vcsa01.corp.example,5f3c9a8e-1b2d-4c7e-9a10-2f6b8d4e7c31
PRD-CTX-050,poweredOn,False,False,2002,E:\,204300,113507,90792,44,2,Owner: app-team,,,,DC-East,Prod-Cluster,esx-prod02.corp.example,Prod,Microsoft Windows Server 2016 (64-bit),Microsoft Windows Server 2016 Standard,vm-1049,42addc3eab3b4d37560c95ee638c254c,vcsa01.corp.example,5f3c9a8e-1b2d-4c7e-9a10-2f6b8d4e7c31
PRD-RDS-052,poweredOn,False,False,2000,C:\,101900,70560,31339,31,0,,,,,DC-East,Prod-Cluster,esx-prod02.corp.example,Prod,Microsoft Windows Server 2019 (64-bit),Microsoft Windows Server 2019 Standard,vm-1051,42e13016c2dff33556666f9f53ac2ab9,vcsa01.corp.example,5f3c9a8e-1b2d-4c7e-9a10-2f6b8d4e7c31
PRD-RDS-052,poweredOn,False,False,2001,D:\,255500,149478,106021,41,1,,,,,DC-East,Prod-Cluster,esx-prod02.corp.example,Prod,Microsoft Windows Server 2019 (64-bit),Microsoft Windows Server 2019 Standard,vm-1051,42e13016c2dff33556666f9f53ac2ab9,vcsa01.corp.example,5f3c9a8e-1b2d-4c7e-9a10-2f6b8d4e7c31
PRD-RDS-052,poweredOn,False,False,2002,E:\,101900,44258,57641,57,2,,,,,DC-East,Prod-Cluster,esx-prod02.corp.example,Prod,Microsoft Windows Server 2019 (64-bit),Microsoft Windows Server 2019 Standard,vm-1051,42e13016c2dff33556666f9f53ac2ab9,vcsa01.corp.example,5f3c9a8e-1b2d-4c7e-9a10-2f6b8d4e7c31
PRD-APP-054,poweredOn,False,False,2000,C:\,101900,72830,29069,29,0,,,,,DC-East,Prod-Cluster,esx-prod02.corp.example,Prod,Microsoft Windows Server 2019 (64-bit),Microsoft Windows Server 2019 Standard,vm-1053,421d48a0ab61a7b1793b4c3220500494,vcsa01.corp.example,5f3c9a8e-1b2d-4c7e-9a10-2f6b8d4e7c31
PRD-APP-054,poweredOn,False,False,2001,D:\,101900,83692,18207,18,1,Owner: app-team,,,,DC-East,Prod-Cluster,esx-prod02.corp.example,Prod,Microsoft Windows Server 2019 (64-bit),Microsoft Windows Server 2019 Standard,vm-1053,421d48a0ab61a7b1793b4c3220500494,vcsa01.corp.example,5f3c9a8e-1b2d-4c7e-9a10-2f6b8d4e7c31
PRD-WEB-055,poweredOn,False,False,2000,C:\,40460,12079,28380,70,0,,,,,DC-East,Prod-Cluster,esx-prod03.corp.example,Prod,Microsoft Windows Server 2019 (64-bit),Microsoft Windows Server 2019 Standard,vm-1054,421bac5c4fa03f26f6f7f0cc29ec8e49,vcsa01.corp.example,5f3c9a8e-1b2d-4c7e-9a10-2f6b8d4e7c31
PRD-FS-056,poweredOn,False,False,2000,/,60416,19412,41003,68,0,Owner: app-team,,,,DC-East,Prod-Cluster,esx-prod04.corp.example,Prod,Ubuntu Linux (64-bit),Ubuntu 18.04.6 LTS,vm-1055,421a16343e2b6091a092f52ad4a057a7,vcsa01.corp.example,5f3c9a8e-1b2d-4c7e-9a10-2f6b8d4e7c31
PRD-FS-056,poweredOn,False,False,2001,/boot,1014,248,765,75,1,Owner: app-team,,,,DC-East,Prod-Cluster,esx-prod04.corp.example,Prod,Ubuntu Linux (64-bit),Ubuntu 18.04.6 LTS,vm-1055,421a16343e2b6091a092f52ad4a057a7,vcsa01.corp.example,5f3c9a8e-1b2d-4c7e-9a10-2f6b8d4e7c31
PRD-APP-057,poweredOn,False,False,2000,/,60416,51066,9349,15,0,Owner: app-team,,,,DC-East,Prod-Cluster,esx-prod05.corp.example,Prod,Red Hat Enterprise Linux 8 (64-bit),Red Hat Enterprise Linux 8.8 (Ootpa),vm-1056,42a5c5658186a57611a726095eddbbbf,vcsa01.corp.example,5f3c9a8e-1b2d-4c7e-9a10-2f6b8d4e7c31
PRD-APP-057,poweredOn,False,False,2001,/boot,1014,616,397,39,1,,,,,DC-East,Prod-Cluster,esx-prod05.corp.example,Prod,Red Hat Enterprise Linux 8 (64-bit),Red Hat Enterprise Linux 8.8 (Ootpa),vm-1056,42a5c5658186a57611a726095eddbbbf,vcsa01.corp.example,5f3c9a8e-1b2d-4c7e-9a10-2f6b8d4e7c31
PRD-APP-057,poweredOn,False,False,2002,/var,1022976,866079,156896,15,2,Owner: app-team,,,,DC-East,Prod-Cluster,esx-prod05.corp.example,Prod,Red Hat Enterprise Linux 8 (64-bit),Red Hat Enterprise Linux 8.8 (Ootpa),vm-1056,42a5c5658186a57611a726095eddbbbf,vcsa01.corp.example,5f3c9a8e-1b2d-4c7e-9a10-2f6b8d4e7c31
PRD-FS-058,poweredOn,False,False,2000,C:\,101900,22731,79168,78,0,,,,,DC-East,Prod-Cluster,esx-prod03.corp.example,Prod,Microsoft Windows Server 2012 (64-bit),Microsoft Windows Server 2012 R2 Standard,vm-1057,42a68460f7294951859131d2bbda0242,vcsa01.corp.example,5f3c9a8e-1b2d-4c7e-9a10-2f6b8d4e7c31
PRD-FS-058,poweredOn,False,False,2001,D:\,255500,236996,18503,7,1,,,,,DC-East,Prod-Cluster,esx-prod03.corp.example,Prod,Microsoft Windows Server 2012 (64-bit),Microsoft Windows Server 2012 R2 Standard,vm-1057,42a68460f7294951859131d2bbda0242,vcsa01.corp.example,5f3c9a8e-1b2d-4c7e-9a10-2f6b8d4e7c31
PRD-FS-058,poweredOn,False,False,2002,E:\,511500,186018,325481,64,2,,,,,DC-East,Prod-Cluster,esx-prod03.corp.example,Prod,Microsoft Windows Server 2012 (64-bit),Microsoft Windows Server 2012 R2 Standard,vm-1057,42a68460f7294951859131d2bbda0242,vcsa01.corp.example,5f3c9a8e-1b2d-4c7e-9a10-2f6b8d4e7c31
PRD-RDS-059,poweredOn,False,False,2000,C:\,101900,54829,47070,46,0,,,,,DC-East,Prod-Cluster,esx-prod04.corp.example,Prod,Microsoft Windows Server 2016 or later (64-bit),Microsoft Windows Server 2022 Datacenter,vm-1058,42ef4361d4aac9a33ed8c56cda09dfa0,vcsa01.corp.example,5f3c9a8e-1b2d-4c7e-9a10-2f6b8d4e7c31
PRD-RDS-059,poweredOn,False,False,2001,D:\,50700,40929,9770,19,1,,,,,DC-East,Prod-Cluster,esx-prod04.corp.example,Prod,Microsoft Windows Server 2016 or later (64-bit),Microsoft Windows Server 2022 Datacenter,vm-1058,42ef4361d4aac9a33ed8c56cda09dfa0,vcsa01.corp.example,5f3c9a8e-1b2d-4c7e-9a10-2f6b8d4e7c31
PRD-RDS-060,poweredOn,False,False,2000,C:\,60940,18295,42644,70,0,Owner: app-team,,,,DC-East,Prod-Cluster,esx-prod05.corp.example,Prod,Microsoft Windows Server 2012 (64-bit),Microsoft Windows Server 2012 R2 Standard,vm-1059,427cd0122e8d0e87533420e6d9d80b8d,vcsa01.corp.example,5f3c9a8e-1b2d-4c7e-9a10-2f6b8d4e7c31
PRD-RDS-060,poweredOn,False,False,2001,D:\,204300,161382,42917,21,1,Owner: app-team,,,,DC-East,Prod-Cluster,esx-prod05.corp.example,Prod,Microsoft Windows Server 2012 (64-bit),Microsoft Windows Server 2012 R2 Standard,vm-1059,427cd0122e8d0e87533420e6d9d80b8d,vcsa01.corp.example,5f3c9a8e-1b2d-4c7e-9a10-2f6b8d4e7c31
PRD-WEB-061,poweredOn,False,False,2000,C:\,81420,45659,35760,44,0,,,,,DC-East,Prod-Cluster,esx-prod05.corp.example,Prod,Microsoft Windows Server 2008 R2 (64-bit),Microsoft Windows Server 2008 R2 Enterprise,vm-1060,423dc98215eabb2730e912f2f2b43abf,vcsa01.corp.example,5f3c9a8e-1b2d-4c7e-9a10-2f6b8d4e7c31
PRD-WEB-062,poweredOn,False,False,2000,C:\,81420,77153,4266,5,0,,,,,DC-East,Prod-Cluster,esx-prod06.corp.example,Prod,Microsoft Windows Server 2016 (64-bit),Microsoft Windows Server 2016 Standard,vm-1061,4238ba8a4b5305e517d2582e046a0df5,vcsa01.corp.example,5f3c9a8e-1b2d-4c7e-9a10-2f6b8d4e7c31
PRD-CTX-063,poweredOn,False,False,2000,C:\,60940,49637,11302,19,0,,,,,DC-East,Prod-Cluster,esx-prod03.corp.example,Prod,Microsoft Windows Server 2016 (64-bit),Microsoft Windows Server 2016 Standard,vm-1062,425a104154aebd1b8ce6424dbef59fe6,vcsa01.corp.example,5f3c9a8e-1b2d-4c7e-9a10-2f6b8d4e7c31
PRD-CTX-063,poweredOn,False,False,2001,D:\,50700,20793,29906,59,1,Owner: app-team,,,,DC-East,Prod-Cluster,esx-prod03.corp.example,Prod,Microsoft Windows Server 2016 (64-bit),Microsoft Windows Server 2016 Standard,vm-1062,425a104154aebd1b8ce6424dbef59fe6,vcsa01.corp.example,5f3c9a8e-1b2d-4c7e-9a10-2f6b8d4e7c31
PRD-WEB-064,poweredOn,False,False,2000,/,80896,15377,65518,81,0,,,,,DC-East,Prod-Cluster,esx-prod01.corp.example,Prod,Red Hat Enterprise Linux 8 (64-bit),Red Hat Enterprise Linux 8.8 (Ootpa),vm-1063,422f65fab0ae8f08c31edbbcf36cb62b,vcsa01.corp.example,5f3c9a8e-1b2d-4c7e-9a10-2f6b8d4e7c31
PRD-WEB-064,poweredOn,False,False,2001,/boot,1014,458,555,55,1,,,,,DC-East,Prod-Cluster,esx-prod01.corp.example,Prod,Red Hat Enterprise Linux 8 (64-bit),Red Hat Enterprise Linux 8.8 (Ootpa),vm-1063,422f65fab0ae8f08c31edbbcf36cb62b,vcsa01.corp.example,5f3c9a8e-1b2d-4c7e-9a10-2f6b8d4e7c31
PRD-CTX-065,poweredOn,False,False,2000,C:\,40460,12202,28257,70,0,,,,,DC-East,Prod-Cluster,esx-prod05.corp.example,Prod,Microsoft Windows Server 2016 (64-bit),Microsoft Windows Server 2016 Standard,vm-1064,42039f3a4d6168bd2defe1935c62b3a2,vcsa01.corp.example,5f3c9a8e-1b2d-4c7e-9a10-2f6b8d4e7c31
PRD-CTX-065,poweredOn,False,False,2001,D:\,1023500,526216,497283,49,1,,,,,DC-East,Prod-Cluster,esx-prod05.corp.example,Prod,Microsoft Windows Server 2016 (64-bit),Microsoft Windows Server 2016 Standard,vm-1064,42039f3a4d6168bd2defe1935c62b3a2,vcsa01.corp.example,5f3c9a8e-1b2d-4c7e-9a10-2f6b8d4e7c31
PRD-CTX-065,poweredOn,False,False,2002,E:\,255500,111187,144312,56,2,,,,,DC-East,Prod-Cluster,esx-prod05.corp.example,Prod,Microsoft Windows Server 2016 (64-bit),Microsoft Windows Server 2016 Standard,vm-1064,42039f3a4d6168bd2defe1935c62b3a2,vcsa01.corp.example,5f3c9a8e-1b2d-4c7e-9a10-2f6b8d4e7c31
PRD-CTX-065,poweredOn,False,False,2003,F:\,101900,27391,74508,73,3,,,,,DC-East,Prod-Cluster,esx-prod05.corp.example,Prod,Microsoft Windows Server 2016 (64-bit),Microsoft Windows Server 2016 Standard,vm-1064,42039f3a4d6168bd2defe1935c62b3a2,vcsa01.corp.example,5f3c9a8e-1b2d-4c7e-9a10-2f6b8d4e7c31
PRD-APP-066,poweredOn,False,False,2000,C:\,81420,67167,14252,18,0,,,,,DC-East,Prod-Cluster,esx-prod05.corp.example,Prod,Microsoft Windows Server 2016 or later (64-bit),Microsoft Windows Server 2022 Datacenter,vm-1065,420323d3df6a8f931a432f0a7daa39f0,vcsa01.corp.example,5f3c9a8e-1b2d-4c7e-9a10-2f6b8d4e7c31
PRD-SQL-067,poweredOn,False,False,2000,/,60416,55840,4575,8,0,Owner: app-team,,,,DC-East,Prod-Cluster,esx-prod02.corp.example,Prod,SUSE Linux Enterprise 15 (64-bit),SUSE Linux Enterprise Server 15 SP5,vm-1066,4212f70c7de31a516694c34310ba58e3,vcsa01.corp.example,5f3c9a8e-1b2d-4c7e-9a10-2f6b8d4e7c31
PRD-SQL-067,poweredOn,False,False,2001,/boot,1014,607,406,40,1,,,,,DC-East,Prod-Cluster,esx-prod02.corp.example,Prod,SUSE Linux Enterprise 15 (64-bit),SUSE Linux Enterprise Server 15 SP5,vm-1066,4212f70c7de31a516694c34310ba58e3,vcsa01.corp.example,5f3c9a8e-1b2d-4c7e-9a10-2f6b8d4e7c31
PRD-APP-068,poweredOn,False,False,2000,/,39936,16520,23415,59,0,,,,,DC-East,Prod-Cluster,esx-prod05.corp.example,Prod,Ubuntu Linux (64-bit),Ubuntu 18.04.6 LTS,vm-1067,42989bc49b37a22b6a8a616fc3b290d0,vcsa01.corp.example,5f3c9a8e-1b2d-4c7e-9a10-2f6b8d4e7c31
PRD-APP-068,poweredOn,False,False,2001,/boot,1014,551,462,46,1,,,,,DC-East,Prod-Cluster,esx-prod05.corp.example,Prod,Ubuntu Linux (64-bit),Ubuntu 18.04.6 LTS,vm-1067,42989bc49b37a22b6a8a616fc3b290d0,vcsa01.corp.example,5f3c9a8e-1b2d-4c7e-9a10-2f6b8d4e7c31
PRD-APP-068,poweredOn,False,False,2002,/var,203776,147039,56736,28,2,Owner: app-team,,,,DC-East,Prod-Cluster,esx-prod05.corp.example,Prod,Ubuntu Linux (64-bit),Ubuntu 18.04.6 LTS,vm-1067,42989bc49b37a22b6a8a616fc3b290d0,vcsa01.corp.example,5f3c9a8e-1b2d-4c7e-9a10-2f6b8d4e7c31
PRD-APP-068,poweredOn,False,False,2003,/data,101376,82294,19081,19,3,,,,,DC-East,Prod-Cluster,esx-prod05.corp.example,Prod,Ubuntu Linux (64-bit),Ubuntu 18.04.6 LTS,vm-1067,42989bc49b37a22b6a8a616fc3b290d0,vcsa01.corp.example,5f3c9a8e-1b2d-4c7e-9a10-2f6b8d4e7c31
PRD-RDS-069,poweredOn,False,False,2000,C:\,81420,75470,5949,7,0,Owner: app-team,,,,DC-East,Prod-Cluster,esx-prod04.corp.example,Prod,Microsoft Windows Server 2016 or later (64-bit),Microsoft Windows Server 2022 Datacenter,vm-1068,42f5c9b09c10c5720f6b40d09efba58b,vcsa01.corp.example,5f3c9a8e-1b2d-4c7e-9a10-2f6b8d4e7c31
PRD-RDS-069,poweredOn,False,False,2001,D:\,511500,191292,320207,63,1,,,,,DC-East,Prod-Cluster,esx-prod04.corp.example,Prod,Microsoft Windows Server 2016 or later (64-bit),Microsoft Windows Server 2022 Datacenter,vm-1068,42f5c9b09c10c5720f6b40d09efba58b,vcsa01.corp.example,5f3c9a8e-1b2d-4c7e-9a10-2f6b8d4e7c31
PRD-WEB-070,poweredOn,False,False,2000,C:\,101900,87973,13926,14,0,,,,,DC-East,Prod-Cluster,esx-prod03.corp.example,Prod,Microsoft Windows Server 2012 (64-bit),Microsoft Windows Server 2012 R2 Standard,vm-1069,4268949b00af5b3a2812859a1337739e,vcsa01.corp.example,5f3c9a8e-1b2d-4c7e-9a10-2f6b8d4e7c31
PRD-WEB-070,poweredOn,False,False,2001,D:\,2047500,1643115,404384,20,1,,,,,DC-East,Prod-Cluster,esx-prod03.corp.example,Prod,Microsoft Windows Server 2012 (64-bit),Microsoft Windows Server 2012 R2 Standard,vm-1069,4268949b00af5b3a2812859a1337739e,vcsa01.corp.example,5f3c9a8e-1b2d-4c7e-9a10-2f6b8d4e7c31
PRD-WEB-070,poweredOn,False,False,2002,E:\,2047500,1040665,1006834,49,2,,,,,DC-East,Prod-Cluster,esx-prod03.corp.example,Prod,Microsoft Windows Server 2012 (64-bit),Microsoft Windows Server 2012 R2 Standard,vm-1069,4268949b00af5b3a2812859a1337739e,vcsa01.corp.example,5f3c9a8e-1b2d-4c7e-9a10-2f6b8d4e7c31
PRD-APP-071,poweredOn,False,False,2000,C:\,60940,17876,43063,71,0,Owner: app-team,,,,DC-East,Prod-Cluster,esx-prod02.corp.example,Prod,Microsoft Windows Server 2016 or later (64-bit),Microsoft Windows Server 2022 Datacenter,vm-1070,42c9af1843b9da13ec856f373bc1a987,vcsa01.corp.example,5f3c9a8e-1b2d-4c7e-9a10-2f6b8d4e7c31
PRD-APP-071,poweredOn,False,False,2001,D:\,2047500,1598657,448842,22,1,,,,,DC-East,Prod-Cluster,esx-prod02.corp.example,Prod,Microsoft Windows Server 2016 or later (64-bit),Microsoft Windows Server 2022 Datacenter,vm-1070,42c9af1843b9da13ec856f373bc1a987,vcsa01.corp.example,5f3c9a8e-1b2d-4c7e-9a10-2f6b8d4e7c31
PRD-APP-071,poweredOn,False,False,2002,E:\,1023500,379674,643825,63,2,,,,,DC-East,Prod-Cluster,esx-prod02.corp.example,Prod,Microsoft Windows Server 2016 or later (64-bit),Microsoft Windows Server 2022 Datacenter,vm-1070,42c9af1843b9da13ec856f373bc1a987,vcsa01.corp.example,5f3c9a8e-1b2d-4c7e-9a10-2f6b8d4e7c31
PRD-WEB-072,poweredOn,False,False,2000,C:\,40460,23745,16714,41,0,Owner: app-team,,,,DC-East,Prod-Cluster,esx-prod04.corp.example,Prod,Microsoft Windows Server 2019 (64-bit),Microsoft Windows Server 2019 Standard,vm-1071,421247ea246998e8d39e198b44007d5a,vcsa01.corp.example,5f3c9a8e-1b2d-4c7e-9a10-2f6b8d4e7c31
PRD-CTX-073,poweredOn,False,False,2000,C:\,101900,39943,61956,61,0,,,,,DC-East,Prod-Cluster,esx-prod03.corp.example,Prod,Microsoft Windows Server 2016 or later (64-bit),Microsoft Windows Server 2022 Datacenter,vm-1072,428a3c3b801ef1da45b1ed25f1533ae8,vcsa01.corp.example,5f3c9a8e-1b2d-4c7e-9a10-2f6b8d4e7c31
PRD-FS-074,poweredOn,False,False,2000,C:\,60940,43578,17361,28,0,,,,,DC-East,Prod-Cluster,esx-prod06.corp.example,Prod,Microsoft Windows Server 2016 or later (64-bit),Microsoft Windows Server 2022 Datacenter,vm-1073,42dc4ad5d6016237ac9ed156f63fce41,vcsa01.corp.example,5f3c9a8e-1b2d-4c7e-9a10-2f6b8d4e7c31
PRD-WEB-075,poweredOn,False,False,2000,C:\,101900,69207,32692,32,0,,,,,DC-East,Prod-Cluster,esx-prod05.corp.example,Prod,Microsoft Windows Server 2019 (64-bit),Microsoft Windows Server 2019 Standard,vm-1074,422e7612473544f9ea83bf007135f221,vcsa01.corp.example,5f3c9a8e-1b2d-4c7e-9a10-2f6b8d4e7c31
PRD-WEB-075,poweredOn,False,False,2001,D:\,204300,134013,70286,34,1,,,,,DC-East,Prod-Cluster,esx-prod05.corp.example,Prod,Microsoft Windows Server 2019 (64-bit),Microsoft Windows Server 2019 Standard,vm-1074,422e7612473544f9ea83bf007135f221,vcsa01.corp.example,5f3c9a8e-1b2d-4c7e-9a10-2f6b8d4e7c31
PRD-WEB-075,poweredOn,False,False,2002,E:\,1023500,559157,464342,45,2,,,,,DC-East,Prod-Cluster,esx-prod05.corp.example,Prod,Microsoft Windows Server 2019 (64-bit),Microsoft Windows Server 2019 Standard,vm-1074,422e7612473544f9ea83bf007135f221,vcsa01.corp.example,5f3c9a8e-1b2d-4c7e-9a10-2f6b8d4e7c31
PRD-WEB-075,poweredOn,False,False,2003,F:\,2047500,723044,1324455,65,3,,,,,DC-East,Prod-Cluster,esx-prod05.corp.example,Prod,Microsoft Windows Server 2019 (64-bit),Microsoft Windows Server 2019 Standard,vm-1074,422e7612473544f9ea83bf007135f221,vcsa01.corp.example,5f3c9a8e-1b2d-4c7e-9a10-2f6b8d4e7c31
PRD-RDS-076,poweredOn,False,False,2000,C:\,101900,61942,39957,39,0,,,,,DC-East,Prod-Cluster,esx-prod01.corp.example,Prod,Microsoft Windows Server 2016 or later (64-bit),Microsoft Windows Server 2022 Datacenter,vm-1075,42546e03292bd156db9465701ac70ec0,vcsa01.corp.example,5f3c9a8e-1b2d-4c7e-9a10-2f6b8d4e7c31
PRD-FS-077,poweredOn,False,False,2000,C:\,40460,34165,6294,16,0,,,,,DC-East,Prod-Cluster,esx-prod05.corp.example,Prod,Microsoft Windows Server 2019 (64-bit),Microsoft Windows Server 2019 Standard,vm-1076,42677804c5c5b37af85e06a11dad09b2,vcsa01.corp.example,5f3c9a8e-1b2d-4c7e-9a10-2f6b8d4e7c31
PRD-SVC-078,poweredOn,False,False,2000,C:\,40460,17285,23174,57,0,,,,,DC-East,Prod-Cluster,esx-prod04.corp.example,Prod,Microsoft Windows Server 2016 or later (64-bit),Microsoft Windows Server 2022 Datacenter,vm-1077,42712998a01ac9927f9d3e64c1a6423b,vcsa01.corp.example,5f3c9a8e-1b2d-4c7e-9a10-2f6b8d4e7c31
PRD-APP-079,poweredOn,False,False,2000,C:\,40460,34077,6382,16,0,,,,,DC-East,Prod-Cluster,esx-prod03.corp.example,Prod,Microsoft Windows Server 2016 or later (64-bit),Microsoft Windows Server 2022 Datacenter,vm-1078,42cc9fd39bdf0377a14923c2f920264c,vcsa01.corp.example,5f3c9a8e-1b2d-4c7e-9a10-2f6b8d4e7c31
PRD-APP-079,poweredOn,False,False,2001,D:\,2047500,1323605,723894,35,1,,,,,DC-East,Prod-Cluster,esx-prod03.corp.example,Prod,Microsoft Windows Server 2016 or later (64-bit),Microsoft Windows Server 2022 Datacenter,vm-1078,42cc9fd39bdf0377a14923c2f920264c,vcsa01.corp.example,5f3c9a8e-1b2d-4c7e-9a10-2f6b8d4e7c31
PRD-APP-079,poweredOn,False,False,2002,E:\,1023500,796183,227316,22,2,Owner: app-team,,,,DC-East,Prod-Cluster,esx-prod03.corp.example,Prod,Microsoft Windows Server 2016 or later (64-bit),Microsoft Windows Server 2022 Datacenter,vm-1078,42cc9fd39bdf0377a14923c2f920264c,vcsa01.corp.example,5f3c9a8e-1b2d-4c7e-9a10-2f6b8d4e7c31
PRD-APP-080,poweredOn,False,False,2000,C:\,60940,25052,35887,59,0,Owner: app-team,,,,DC-East,Prod-Cluster,esx-prod05.corp.example,Prod,Microsoft Windows Server 2016 or later (64-bit),Microsoft Windows Server 2022 Datacenter,vm-1079,42276aa6d50755d9a5d04d531e1242e3,vcsa01.corp.example,5f3c9a8e-1b2d-4c7e-9a10-2f6b8d4e7c31
PRD-WEB-081,poweredOn,False,False,2000,/,39936,36432,3503,9,0,Owner: app-team,,,,DC-East,Prod-Cluster,esx-prod04.corp.example,Prod,CentOS 7 (64-bit),CentOS Linux 7 (Core),vm-1080,42ebff8d30cbd7556232b17a25074181,vcsa01.corp.example,5f3c9a8e-1b2d-4c7e-9a10-2f6b8d4e7c31
PRD-WEB-081,poweredOn,False,False,2001,/boot,1014,315,698,69,1,,,,,DC-East,Prod-Cluster,esx-prod04.corp.example,Prod,CentOS 7 (64-bit),CentOS Linux 7 (Core),vm-1080,42ebff8d30cbd7556232b17a25074181,vcsa01.corp.example,5f3c9a8e-1b2d-4c7e-9a10-2f6b8d4e7c31
PRD-WEB-081,poweredOn,False,False,2002,/var,1022976,908390,114585,11,2,Owner: app-team,,,,DC-East,Prod-Cluster,esx-prod04.corp.example,Prod,CentOS 7 (64-bit),CentOS Linux 7 (Core),vm-1080,42ebff8d30cbd7556232b17a25074181,vcsa01.corp.example,5f3c9a8e-1b2d-4c7e-9a10-2f6b8d4e7c31
PRD-WEB-081,poweredOn,False,False,2003,/data,101376,72411,28964,29,3,,,,,DC-East,Prod-Cluster,esx-prod04.corp.example,Prod,CentOS 7 (64-bit),CentOS Linux 7 (Core),vm-1080,42ebff8d30cbd7556232b17a25074181,vcsa01.corp.example,5f3c9a8e-1b2d-4c7e-9a10-2f6b8d4e7c31
PRD-WEB-081,poweredOn,False,False,2004,/opt,101376,58786,42589,42,4,Owner: app-team,,,,DC-East,Prod-Cluster,esx-prod04.corp.example,Prod,CentOS 7 (64-bit),CentOS Linux 7 (Core),vm-1080,42ebff8d30cbd7556232b17a25074181,vcsa01.corp.example,5f3c9a8e-1b2d-4c7e-9a10-2f6b8d4e7c31
PRD-RDS-083,poweredOn,False,False,2000,C:\,101900,84264,17635,17,0,,,,,DC-East,Prod-Cluster,esx-prod02.corp.example,Prod,Microsoft Windows Server 2016 or later (64-bit),Microsoft Windows Server 2022 Datacenter,vm-1082,427491766090d6978b1e3b9dc34b9fbb,vcsa01.corp.example,5f3c9a8e-1b2d-4c7e-9a10-2f6b8d4e7c31
PRD-RDS-083,poweredOn,False,False,2001,D:\,767500,451507,315992,41,1,,,,,DC-East,Prod-Cluster,esx-prod02.corp.example,Prod,Microsoft Windows Server 2016 or later (64-bit),Microsoft Windows Server 2022 Datacenter,vm-1082,427491766090d6978b1e3b9dc34b9fbb,vcsa01.corp.example,5f3c9a8e-1b2d-4c7e-9a10-2f6b8d4e7c31
PRD-CTX-084,poweredOn,False,False,2000,C:\,60940,18491,42448,70,0,,,,,DC-East,Prod-Cluster,esx-prod04.corp.example,Prod,Microsoft Windows Server 2019 (64-bit),Microsoft Windows Server 2019 Standard,vm-1083,42cfb87ee9d68f23b489d0707914f8a8,vcsa01.corp.example,5f3c9a8e-1b2d-4c7e-9a10-2f6b8d4e7c31
PRD-CTX-084,poweredOn,False,False,2001,D:\,511500,93579,417920,82,1,,,,,DC-East,Prod-Cluster,esx-prod04.corp.example,Prod,Microsoft Windows Server 2019 (64-bit),Microsoft Windows Server 2019 Standard,vm-1083,42cfb87ee9d68f23b489d0707914f8a8,vcsa01.corp.example,5f3c9a8e-1b2d-4c7e-9a10-2f6b8d4e7c31
PRD-RDS-085,poweredOn,False,False,2000,C:\,60940,54066,6873,11,0,Owner: app-team,,,,DC-East,Prod-Cluster,esx-prod01.corp.example,Prod,Microsoft Windows Server 2019 (64-bit),Microsoft Windows Server 2019 Standard,vm-1084,421986b470b7e868d85480f0dfcaf0b7,vcsa01.corp.example,5f3c9a8e-1b2d-4c7e-9a10-2f6b8d4e7c31
PRD-RDS-085,poweredOn,False,False,2001,D:\,204300,181291,23008,11,1,,,,,DC-East,Prod-Cluster,esx-prod01.corp.example,Prod,Microsoft Windows Server 2019 (64-bit),Microsoft Windows Server 2019 Standard,vm-1084,421986b470b7e868d85480f0dfcaf0b7,vcsa01.corp.example,5f3c9a8e-1b2d-4c7e-9a10-2f6b8d4e7c31
PRD-APP-086,poweredOn,False,False,2000,/,80896,66821,14074,17,0,,,,,DC-East,Prod-Cluster,esx-prod04.corp.example,Prod,CentOS 7 (64-bit),CentOS Linux 7 (Core),vm-1085,429f8ded56abf2f143d88870f81dbaa1,vcsa01.corp.example,5f3c9a8e-1b2d-4c7e-9a10-2f6b8d4e7c31
PRD-APP-086,poweredOn,False,False,2001,/boot,1014,414,599,59,1,,,,,DC-East,Prod-Cluster,esx-prod04.corp.example,Prod,CentOS 7 (64-bit),CentOS Linux 7 (Core),vm-1085,429f8ded56abf2f143d88870f81dbaa1,vcsa01.corp.example,5f3c9a8e-1b2d-4c7e-9a10-2f6b8d4e7c31
PRD-SQL-087,poweredOn,False,False,2000,/,80896,28159,52736,65,0,,,,,DC-East,Prod-Cluster,esx-prod06.corp.example,Prod,CentOS 7 (64-bit),CentOS Linux 7 (Core),vm-1086,42df547e7cea2045c268283ee32f2e63,vcsa01.corp.example,5f3c9a8e-1b2d-4c7e-9a10-2f6b8d4e7c31
PRD-SQL-087,poweredOn,False,False,2001,/boot,1014,500,513,51,1,,,,,DC-East,Prod-Cluster,esx-prod06.corp.example,Prod,CentOS 7 (64-bit),CentOS Linux 7 (Core),vm-1086,42df547e7cea2045c268283ee32f2e63,vcsa01.corp.example,5f3c9a8e-1b2d-4c7e-9a10-2f6b8d4e7c31
PRD-WEB-088,poweredOn,False,False,2000,/,39936,32234,7701,19,0,Owner: app-team,,,,DC-East,Prod-Cluster,esx-prod02.corp.example,Prod,Red Hat Enterprise Linux 8 (64-bit),Red Hat Enterprise Linux 8.8 (Ootpa),vm-1087,427194ea19bad7aedf615a5cb4323070,vcsa01.corp.example,5f3c9a8e-1b2d-4c7e-9a10-2f6b8d4e7c31
PRD-WEB-088,poweredOn,False,False,2001,/boot,1014,682,331,33,1,,,,,DC-East,Prod-Cluster,esx-prod02.corp.example,Prod,Red Hat Enterprise Linux 8 (64-bit),Red Hat Enterprise Linux 8.8 (Ootpa),vm-1087,427194ea19bad7aedf615a5cb4323070,vcsa01.corp.example,5f3c9a8e-1b2d-4c7e-9a10-2f6b8d4e7c31
PRD-SQL-089,poweredOn,False,False,2000,C:\,60940,12657,48282,79,0,,,,,DC-East,Prod-Cluster,esx-prod01.corp.example,Prod,Microsoft Windows Server 2016 or later (64-bit),Microsoft Windows Server 2022 Datacenter,vm-1088,42ae8a7890e0a95b697c392387fa841a,vcsa01.corp.example,5f3c9a8e-1b2d-4c7e-9a10-2f6b8d4e7c31
PRD-SQL-089,poweredOn,False,False,2001,D:\,2047500,1761361,286138,14,1,,,,,DC-East,Prod-Cluster,esx-prod01.corp.example,Prod,Microsoft Windows Server 2016 or later (64-bit),Microsoft Windows Server 2022 Datacenter,vm-1088,42ae8a7890e0a95b697c392387fa841a,vcsa01.corp.example,5f3c9a8e-1b2d-4c7e-9a10-2f6b8d4e7c31
PRD-RDS-091,poweredOn,False,False,2000,C:\,60940,35403,25536,42,0,Owner: app-team,,,,DC-East,Prod-Cluster,esx-prod03.corp.example,Prod,Microsoft Windows Server 2012 (64-bit),Microsoft Windows Server 2012 R2 Standard,vm-1090,424c955f966b1964fcd6bdca5876fd09,vcsa01.corp.example,5f3c9a8e-1b2d-4c7e-9a10-2f6b8d4e7c31
PRD-RDS-091,poweredOn,False,False,2001,D:\,204300,166377,37922,19,1,,,,,DC-East,Prod-Cluster,esx-prod03.corp.example,Prod,Microsoft Windows Server 2012 (64-bit),Microsoft Windows Server 2012 R2 Standard,vm-1090,424c955f966b1964fcd6bdca5876fd09,vcsa01.corp.example,5f3c9a8e-1b2d-4c7e-9a10-2f6b8d4e7c31
PRD-RDS-092,poweredOn,False,False,2000,C:\,40460,37055,3404,8,0,,,,,DC-East,Prod-Cluster,esx-prod03.corp.example,Prod,Microsoft Windows Server 2019 (64-bit),Microsoft Windows Server 2019 Standard,vm-1091,429326df5be4bf519269869861a11729,vcsa01.corp.example,5f3c9a8e-1b2d-4c7e-9a10-2f6b8d4e7c31
PRD-SQL-094,poweredOn,False,False,2000,C:\,40460,37416,3043,8,0,Owner: app-team,,,,DC-East,Prod-Cluster,esx-prod02.corp.example,Prod,Microsoft Windows Server 2012 (64-bit),Microsoft Windows Server 2012 R2 Standard,vm-1093,42ae4c84a8c01f05c478f6f1b88ec318,vcsa01.corp.example,5f3c9a8e-1b2d-4c7e-9a10-2f6b8d4e7c31
PRD-SQL-094,poweredOn,False,False,2001,D:\,255500,127357,128142,50,1,,,,,DC-East,Prod-Cluster,esx-prod02.corp.example,Prod,Microsoft Windows Server 2012 (64-bit),Microsoft Windows Server 2012 R2 Standard,vm-1093,42ae4c84a8c01f05c478f6f1b88ec318,vcsa01.corp.example,5f3c9a8e-1b2d-4c7e-9a10-2f6b8d4e7c31
PRD-APP-095,poweredOn,False,False,2000,/,60416,49264,11151,18,0,Owner: app-team,,,,DC-East,Prod-Cluster,esx-prod03.corp.example,Prod,Red Hat Enterprise Linux 8 (64-bit),Red Hat Enterprise Linux 8.8 (Ootpa),vm-1094,424b8c5be8dd5e5a1712fb1621a4344f,vcsa01.corp.example,5f3c9a8e-1b2d-4c7e-9a10-2f6b8d4e7c31
PRD-APP-095,poweredOn,False,False,2001,/boot,1014,480,533,53,1,,,,,DC-East,Prod-Cluster,esx-prod03.corp.example,Prod,Red Hat Enterprise Linux 8 (64-bit),Red Hat Enterprise Linux 8.8 (Ootpa),vm-1094,424b8c5be8dd5e5a1712fb1621a4344f,vcsa01.corp.example,5f3c9a8e-1b2d-4c7e-9a10-2f6b8d4e7c31
PRD-APP-096,poweredOn,False,False,2000,/,39936,17053,22882,57,0,Owner: app-team,,,,DC-East,Prod-Cluster,esx-prod05.corp.example,Prod,CentOS 7 (64-bit),CentOS Linux 7 (Core),vm-1095,4241c8ca2a1f955ad499da9945c45a3e,vcsa01.corp.example,5f3c9a8e-1b2d-4c7e-9a10-2f6b8d4e7c31
PRD-APP-096,poweredOn,False,False,2001,/boot,1014,445,568,56,1,Owner: app-team,,,,DC-East,Prod-Cluster,esx-prod05.corp.example,Prod,CentOS 7 (64-bit),CentOS Linux 7 (Core),vm-1095,4241c8ca2a1f955ad499da9945c45a3e,vcsa01.corp.example,5f3c9a8e-1b2d-4c7e-9a10-2f6b8d4e7c31
PRD-APP-096,poweredOn,False,False,2002,/var,101376,71580,29795,29,2,,,,,DC-East,Prod-Cluster,esx-prod05.corp.example,Prod,CentOS 7 (64-bit),CentOS Linux 7 (Core),vm-1095,4241c8ca2a1f955ad499da9945c45a3e,vcsa01.corp.example,5f3c9a8e-1b2d-4c7e-9a10-2f6b8d4e7c31
PRD-SQL-097,poweredOn,False,False,2000,C:\,81420,69585,11834,15,0,,,,,DC-East,Prod-Cluster,esx-prod01.corp.example,Prod,Microsoft Windows Server 2016 or later (64-bit),Microsoft Windows Server 2022 Datacenter,vm-1096,42b96644ad238d36dc322c9739c1e262,vcsa01.corp.example,5f3c9a8e-1b2d-4c7e-9a10-2f6b8d4e7c31
PRD-SQL-097,poweredOn,False,False,2001,D:\,2047500,356433,1691066,83,1,,,,,DC-East,Prod-Cluster,esx-prod01.corp.example,Prod,Microsoft Windows Server 2016 or later (64-bit),Microsoft Windows Server 2022 Datacenter,vm-1096,42b96644ad238d36dc322c9739c1e262,vcsa01.corp.example,5f3c9a8e-1b2d-4c7e-9a10-2f6b8d4e7c31
PRD-SQL-097,poweredOn,False,False,2002,E:\,2047500,1235773,811726,40,2,,,,,DC-East,Prod-Cluster,esx-prod01.corp.example,Prod,Microsoft Windows Server 2016 or later (64-bit),Microsoft Windows Server 2022 Datacenter,vm-1096,42b96644ad238d36dc322c9739c1e262,vcsa01.corp.example,5f3c9a8e-1b2d-4c7e-9a10-2f6b8d4e7c31
PRD-APP-098,poweredOn,False,False,2000,C:\,60940,43294,17645,29,0,,,,,DC-East,Prod-Cluster,esx-prod04.corp.example,Prod,Microsoft Windows Server 2019 (64-bit),Microsoft Windows Server 2019 Standard,vm-1097,42431d02ac1e86d8bfbf397bac3e7b0d,vcsa01.corp.example,5f3c9a8e-1b2d-4c7e-9a10-2f6b8d4e7c31
PRD-APP-098,poweredOn,False,False,2001,D:\,204300,163137,41162,20,1,,,,,DC-East,Prod-Cluster,esx-prod04.corp.example,Prod,Microsoft Windows Server 2019 (64-bit),Microsoft Windows Server 2019 Standard,vm-1097,42431d02ac1e86d8bfbf397bac3e7b0d,vcsa01.corp.example,5f3c9a8e-1b2d-4c7e-9a10-2f6b8d4e7c31
PRD-RDS-100,poweredOn,False,False,2000,C:\,101900,91461,10438,10,0,Owner: app-team,,,,DC-East,Prod-Cluster,esx-prod06.corp.example,Prod,Microsoft Windows Server 2016 or later (64-bit),Microsoft Windows Server 2022 Datacenter,vm-1099,42fef5184dead6450986bbebf23e323d,vcsa01.corp.example,5f3c9a8e-1b2d-4c7e-9a10-2f6b8d4e7c31
PRD-RDS-100,poweredOn,False,False,2001,D:\,1023500,216682,806817,79,1,,,,,DC-East,Prod-Cluster,esx-prod06.corp.example,Prod,Microsoft Windows Server 2016 or later (64-bit),Microsoft Windows Server 2022 Datacenter,vm-1099,42fef5184dead6450986bbebf23e323d,vcsa01.corp.example,5f3c9a8e-1b2d-4c7e-9a10-2f6b8d4e7c31
PRD-RDS-100,poweredOn,False,False,2002,E:\,50700,15189,35510,70,2,Owner: app-team,,,,DC-East,Prod-Cluster,esx-prod06.corp.example,Prod,Microsoft Windows Server 2016 or later (64-bit),Microsoft Windows Server 2022 Datacenter,vm-1099,42fef5184dead6450986bbebf23e323d,vcsa01.corp.example,5f3c9a8e-1b2d-4c7e-9a10-2f6b8d4e7c31
PRD-FS-102,poweredOn,False,False,2000,C:\,101900,43762,58137,57,0,Owner: app-team,,,,DC-East,Prod-Cluster,esx-prod06.corp.example,Prod,Microsoft Windows Server 2019 (64-bit),Microsoft Windows Server 2019 Standard,vm-1101,42b0b63b08601833479d0cdaf396ea37,vcsa01.corp.example,5f3c9a8e-1b2d-4c7e-9a10-2f6b8d4e7c31
PRD-FS-102,poweredOn,False,False,2001,D:\,204300,192890,11409,6,1,,,,,DC-East,Prod-Cluster,esx-prod06.corp.example,Prod,Microsoft Windows Server 2019 (64-bit),Microsoft Windows Server 2019 Standard,vm-1101,42b0b63b08601833479d0cdaf396ea37,vcsa01.corp.example,5f3c9a8e-1b2d-4c7e-9a10-2f6b8d4e7c31
PRD-WEB-104,poweredOn,False,False,2000,C:\,81420,47237,34182,42,0,Owner: app-team,,,,DC-East,Prod-Cluster,esx-prod06.corp.example,Prod,Microsoft Windows Server 2012 (64-bit),Microsoft Windows Server 2012 R2 Standard,vm-1103,42c97765203c8c25fd235def3e5a87e3,vcsa01.corp.example,5f3c9a8e-1b2d-4c7e-9a10-2f6b8d4e7c31
PRD-WEB-104,poweredOn,False,False,2001,D:\,767500,246130,521369,68,1,,,,,DC-East,Prod-Cluster,esx-prod06.corp.example,Prod,Microsoft Windows Server 2012 (64-bit),Microsoft Windows Server 2012 R2 Standard,vm-1103,42c97765203c8c25fd235def3e5a87e3,vcsa01.corp.example,5f3c9a8e-1b2d-4c7e-9a10-2f6b8d4e7c31
PRD-WEB-104,poweredOn,False,False,2002,E:\,50700,13110,37589,74,2,Owner: app-team,,,,DC-East,Prod-Cluster,esx-prod06.corp.example,Prod,Microsoft Windows Server 2012 (64-bit),Microsoft Windows Server 2012 R2 Standard,vm-1103,42c97765203c8c25fd235def3e5a87e3,vcsa01.corp.example,5f3c9a8e-1b2d-4c7e-9a10-2f6b8d4e7c31
PRD-CTX-105,poweredOn,False,False,2000,/,39936,38008,1927,5,0,Owner: app-team,,,,DC-East,Prod-Cluster,esx-prod02.corp.example,Prod,Red Hat Enterprise Linux 9 (64-bit),Red Hat Enterprise Linux 9.2 (Plow),vm-1104,4200b9d4989240ace68933a9c9e48e8c,vcsa01.corp.example,5f3c9a8e-1b2d-4c7e-9a10-2f6b8d4e7c31
PRD-CTX-105,poweredOn,False,False,2001,/boot,1014,464,549,54,1,,,,,DC-East,Prod-Cluster,esx-prod02.corp.example,Prod,Red Hat Enterprise Linux 9 (64-bit),Red Hat Enterprise Linux 9.2 (Plow),vm-1104,4200b9d4989240ace68933a9c9e48e8c,vcsa01.corp.example,5f3c9a8e-1b2d-4c7e-9a10-2f6b8d4e7c31
PRD-CTX-105,poweredOn,False,False,2002,/var,203776,68696,135079,66,2,,,,,DC-East,Prod-Cluster,esx-prod02.corp.example,Prod,Red Hat Enterprise Linux 9 (64-bit),Red Hat Enterprise Linux 9.2 (Plow),vm-1104,4200b9d4989240ace68933a9c9e48e8c,vcsa01.corp.example,5f3c9a8e-1b2d-4c7e-9a10-2f6b8d4e7c31
PRD-WEB-106,poweredOn,False,False,2000,C:\,60940,51465,9474,16,0,Owner: app-team,,,,DC-East,Prod-Cluster,esx-prod02.corp.example,Prod,Microsoft Windows Server 2019 (64-bit),Microsoft Windows Server 2019 Standard,vm-1105,4296bf103ce915e7c9d6a63bca3c6f5f,vcsa01.corp.example,5f3c9a8e-1b2d-4c7e-9a10-2f6b8d4e7c31
PRD-APP-107,poweredOn,False,False,2000,C:\,40460,15206,25253,62,0,,,,,DC-East,Prod-Cluster,esx-prod06.corp.example,Prod,Microsoft Windows Server 2016 or later (64-bit),Microsoft Windows Server 2022 Datacenter,vm-1106,4297fa7f836390075cae9610c72c1fe3,vcsa01.corp.example,5f3c9a8e-1b2d-4c7e-9a10-2f6b8d4e7c31
PRD-APP-108,poweredOn,False,False,2000,/,80896,46577,34318,42,0,,,,,DC-East,Prod-Cluster,esx-prod06.corp.example,Prod,Red Hat Enterprise Linux 8 (64-bit),Red Hat Enterprise Linux 8.8 (Ootpa),vm-1107,420f924007f97d05f6ca6b8ba4b1f991,vcsa01.corp.example,5f3c9a8e-1b2d-4c7e-9a10-2f6b8d4e7c31
PRD-APP-108,poweredOn,False,False,2001,/boot,1014,210,803,79,1,,,,,DC-East,Prod-Cluster,esx-prod06.corp.example,Prod,Red Hat Enterprise Linux 8 (64-bit),Red Hat Enterprise Linux 8.8 (Ootpa),vm-1107,420f924007f97d05f6ca6b8ba4b1f991,vcsa01.corp.example,5f3c9a8e-1b2d-4c7e-9a10-2f6b8d4e7c31
PRD-APP-108,poweredOn,False,False,2002,/var,766976,198385,568590,74,2,,,,,DC-East,Prod-Cluster,esx-prod06.corp.example,Prod,Red Hat Enterprise Linux 8 (64-bit),Red Hat Enterprise Linux 8.8 (Ootpa),vm-1107,420f924007f97d05f6ca6b8ba4b1f991,vcsa01.corp.example,5f3c9a8e-1b2d-4c7e-9a10-2f6b8d4e7c31
PRD-SVC-110,poweredOn,False,False,2000,C:\,101900,58393,43506,43,0,,,,,DC-East,Prod-Cluster,esx-prod06.corp.example,Prod,Microsoft Windows Server 2016 or later (64-bit),Microsoft Windows Server 2022 Datacenter,vm-1109,421963c26e218b099afd4015816bcb9f,vcsa01.corp.example,5f3c9a8e-1b2d-4c7e-9a10-2f6b8d4e7c31
PRD-FS-112,poweredOn,False,False,2000,C:\,40460,17731,22728,56,0,,,,,DC-East,Prod-Cluster,esx-prod03.corp.example,Prod,Microsoft Windows Server 2012 (64-bit),Microsoft Windows Server 2012 R2 Standard,vm-1111,42d4ef00175a81ec112fa61279699ed2,vcsa01.corp.example,5f3c9a8e-1b2d-4c7e-9a10-2f6b8d4e7c31
PRD-FS-112,poweredOn,False,False,2001,D:\,1023500,169922,853577,83,1,,,,,DC-East,Prod-Cluster,esx-prod03.corp.example,Prod,Microsoft Windows Server 2012 (64-bit),Microsoft Windows Server 2012 R2 Standard,vm-1111,42d4ef00175a81ec112fa61279699ed2,vcsa01.corp.example,5f3c9a8e-1b2d-4c7e-9a10-2f6b8d4e7c31
PRD-FS-112,poweredOn,False,False,2002,E:\,511500,461418,50081,10,2,Owner: app-team,,,,DC-East,Prod-Cluster,esx-prod03.corp.example,Prod,Microsoft Windows Server 2012 (64-bit),Microsoft Windows Server 2012 R2 Standard,vm-1111,42d4ef00175a81ec112fa61279699ed2,vcsa01.corp.example,5f3c9a8e-1b2d-4c7e-9a10-2f6b8d4e7c31
PRD-FS-112,poweredOn,False,False,2003,F:\,1023500,701307,322192,31,3,,,,,DC-East,Prod-Cluster,esx-prod03.corp.example,Prod,Microsoft Windows Server 2012 (64-bit),Microsoft Windows Server 2012 R2 Standard,vm-1111,42d4ef00175a81ec112fa61279699ed2,vcsa01.corp.example,5f3c9a8e-1b2d-4c7e-9a10-2f6b8d4e7c31
PRD-SQL-113,poweredOn,False,False,2000,C:\,40460,18920,21539,53,0,Owner: app-team,,,,DC-East,Prod-Cluster,esx-prod02.corp.example,Prod,Microsoft Windows Server 2016 (64-bit),Microsoft Windows Server 2016 Standard,vm-1112,425a8567692ac1391f4a8ca1ab85fd59,vcsa01.corp.example,5f3c9a8e-1b2d-4c7e-9a10-2f6b8d4e7c31
PRD-APP-114,poweredOn,False,False,2000,C:\,60940,40133,20806,34,0,Owner: app-team,,,,DC-East,Prod-Cluster,esx-prod03.corp.example,Prod,Microsoft Windows Server 2016 (64-bit),Microsoft Windows Server 2016 Standard,vm-1113,427b70c3a81fdec3279c658a36760ce5,vcsa01.corp.example,5f3c9a8e-1b2d-4c7e-9a10-2f6b8d4e7c31
PRD-APP-114,poweredOn,False,False,2001,D:\,767500,295152,472347,62,1,Owner: app-team,,,,DC-East,Prod-Cluster,esx-prod03.corp.example,Prod,Microsoft Windows Server 2016 (64-bit),Microsoft Windows Server 2016 Standard,vm-1113,427b70c3a81fdec3279c658a36760ce5,vcsa01.corp.example,5f3c9a8e-1b2d-4c7e-9a10-2f6b8d4e7c31
PRD-SVC-115,poweredOn,False,False,2000,C:\,40460,32746,7713,19,0,,,,,DC-East,Prod-Cluster,esx-prod03.corp.example,Prod,Microsoft Windows Server 2019 (64-bit),Microsoft Windows Server 2019 Standard,vm-1114,42f97be28f9b72aed85c16bd6dda4f8d,vcsa01.corp.example,5f3c9a8e-1b2d-4c7e-9a10-2f6b8d4e7c31
PRD-SVC-115,poweredOn,False,False,2001,D:\,511500,372094,139405,27,1,,,,,DC-East,Prod-Cluster,esx-prod03.corp.example,Prod,Microsoft Windows Server 2019 (64-bit),Microsoft Windows Server 2019 Standard,vm-1114,42f97be28f9b72aed85c16bd6dda4f8d,vcsa01.corp.example,5f3c9a8e-1b2d-4c7e-9a10-2f6b8d4e7c31
PRD-SVC-116,poweredOn,False,False,2000,C:\,60940,15049,45890,75,0,,,,,DC-East,Prod-Cluster,esx-prod01.corp.example,Prod,Microsoft Windows Server 2012 (64-bit),Microsoft Windows Server 2012 R2 Standard,vm-1115,424f199ec32d4526b3e4110a45f50c52,vcsa01.corp.example,5f3c9a8e-1b2d-4c7e-9a10-2f6b8d4e7c31
PRD-SVC-116,poweredOn,False,False,2001,D:\,511500,418829,92670,18,1,,,,,DC-East,Prod-Cluster,esx-prod01.corp.example,Prod,Microsoft Windows Server 2012 (64-bit),Microsoft Windows Server 2012 R2 Standard,vm-1115,424f199ec32d4526b3e4110a45f50c52,vcsa01.corp.example,5f3c9a8e-1b2d-4c7e-9a10-2f6b8d4e7c31
PRD-APP-117,poweredOn,False,False,2000,C:\,81420,56102,25317,31,0,,,,,DC-East,Prod-Cluster,esx-prod05.corp.example,Prod,Microsoft Windows Server 2012 (64-bit),Microsoft Windows Server 2012 R2 Standard,vm-1116,42bf012e177d6e7e07d924cef8c88fae,vcsa01.corp.example,5f3c9a8e-1b2d-4c7e-9a10-2f6b8d4e7c31
PRD-SQL-118,poweredOn,False,False,2000,C:\,60940,38559,22380,37,0,Owner: app-team,,,,DC-East,Prod-Cluster,esx-prod02.corp.example,Prod,Microsoft Windows Server 2016 or later (64-bit),Microsoft Windows Server 2022 Datacenter,vm-1117,42e222b615bfbe9798a21f1c914dcfae,vcsa01.corp.example,5f3c9a8e-1b2d-4c7e-9a10-2f6b8d4e7c31
PRD-SQL-118,poweredOn,False,False,2001,D:\,101900,83762,18137,18,1,,,,,DC-East,Prod-Cluster,esx-prod02.corp.example,Prod,Microsoft Windows Server 2016 or later (64-bit),Microsoft Windows Server 2022 Datacenter,vm-1117,42e222b615bfbe9798a21f1c914dcfae,vcsa01.corp.example,5f3c9a8e-1b2d-4c7e-9a10-2f6b8d4e7c31
PRD-APP-119,poweredOn,False,False,2000,C:\,40460,30824,9635,24,0,,,,,DC-East,Prod-Cluster,esx-prod03.corp.example,Prod,Microsoft Windows Server 2016 or later (64-bit),Microsoft Windows Server 2022 Datacenter,vm-1118,42c143f4372f871a45ee432d6a07f213,vcsa01.corp.example,5f3c9a8e-1b2d-4c7e-9a10-2f6b8d4e7c31
PRD-APP-119,poweredOn,False,False,2001,D:\,255500,127859,127640,50,1,Owner: app-team,,,,DC-East,Prod-Cluster,esx-prod03.corp.example,Prod,Microsoft Windows Server 2016 or later (64-bit),Microsoft Windows Server 2022 Datacenter,vm-1118,42c143f4372f871a45ee432d6a07f213,vcsa01.corp.example,5f3c9a8e-1b2d-4c7e-9a10-2f6b8d4e7c31
PRD-APP-119,poweredOn,False,False,2002,E:\,511500,248763,262736,51,2,,,,,DC-East,Prod-Cluster,esx-prod03.corp.example,Prod,Microsoft Windows Server 2016 or later (64-bit),Microsoft Windows Server 2022 Datacenter,vm-1118,42c143f4372f871a45ee432d6a07f213,vcsa01.corp.example,5f3c9a8e-1b2d-4c7e-9a10-2f6b8d4e7c31
PRD-WEB-120,poweredOn,False,False,2000,C:\,101900,29980,71919,71,0,,,,,DC-East,Prod-Cluster,esx-prod06.corp.example,Prod,Microsoft Windows Server 2012 (64-bit),Microsoft Windows Server 2012 R2 Standard,vm-1119,42fc04a1652ffb493873e57f0ba078e8,vcsa01.corp.example,5f3c9a8e-1b2d-4c7e-9a10-2f6b8d4e7c31
PRD-WEB-120,poweredOn,False,False,2001,D:\,2047500,723615,1323884,65,1,,,,,DC-East,Prod-Cluster,esx-prod06.corp.example,Prod,Microsoft Windows Server 2012 (64-bit),Microsoft Windows Server 2012 R2 Standard,vm-1119,42fc04a1652ffb493873e57f0ba078e8,vcsa01.corp.example,5f3c9a8e-1b2d-4c7e-9a10-2f6b8d4e7c31
PRD-WEB-120,poweredOn,False,False,2002,E:\,1023500,952231,71268,7,2,,,,,DC-East,Prod-Cluster,esx-prod06.corp.example,Prod,Microsoft Windows Server 2012 (64-bit),Microsoft Windows Server 2012 R2 Standard,vm-1119,42fc04a1652ffb493873e57f0ba078e8,vcsa01.corp.example,5f3c9a8e-1b2d-4c7e-9a10-2f6b8d4e7c31
PRD-WEB-121,poweredOn,False,False,2000,/,101376,98806,2569,3,0,Owner: app-team,,,,DC-East,Prod-Cluster,esx-prod02.corp.example,Prod,Red Hat Enterprise Linux 8 (64-bit),Red Hat Enterprise Linux 8.8 (Ootpa),vm-1120,422cfa556e3f683abf3c51407f54a511,vcsa01.corp.example,5f3c9a8e-1b2d-4c7e-9a10-2f6b8d4e7c31
PRD-WEB-121,poweredOn,False,False,2001,/boot,1014,698,315,31,1,,,,,DC-East,Prod-Cluster,esx-prod02.corp.example,Prod,Red Hat Enterprise Linux 8 (64-bit),Red Hat Enterprise Linux 8.8 (Ootpa),vm-1120,422cfa556e3f683abf3c51407f54a511,vcsa01.corp.example,5f3c9a8e-1b2d-4c7e-9a10-2f6b8d4e7c31
PRD-WEB-121,poweredOn,False,False,2002,/var,766976,499349,267626,35,2,,,,,DC-East,Prod-Cluster,esx-prod02.corp.example,Prod,Red Hat Enterprise Linux 8 (64-bit),Red Hat Enterprise Linux 8.8 (Ootpa),vm-1120,422cfa556e3f683abf3c51407f54a511,vcsa01.corp.example,5f3c9a8e-1b2d-4c7e-9a10-2f6b8d4e7c31
PRD-SVC-122,poweredOn,False,False,2000,/,101376,88279,13096,13,0,,,,,DC-East,Prod-Cluster,esx-prod05.corp.example,Prod,CentOS 7 (64-bit),CentOS Linux 7 (Core),vm-1121,4204cc3e6fac16730ad45230bdf66ba5,vcsa01.corp.example,5f3c9a8e-1b2d-4c7e-9a10-2f6b8d4e7c31
PRD-SVC-122,poweredOn,False,False,2001,/boot,1014,396,617,61,1,Owner: app-team,,,,DC-East,Prod-Cluster,esx-prod05.corp.example,Prod,CentOS 7 (64-bit),CentOS Linux 7 (Core),vm-1121,4204cc3e6fac16730ad45230bdf66ba5,vcsa01.corp.example,5f3c9a8e-1b2d-4c7e-9a10-2f6b8d4e7c31
PRD-SVC-122,poweredOn,False,False,2002,/var,2046976,1954072,92903,5,2,Owner: app-team,,,,DC-East,Prod-Cluster,esx-prod05.corp.example,Prod,CentOS 7 (64-bit),CentOS Linux 7 (Core),vm-1121,4204cc3e6fac16730ad45230bdf66ba5,vcsa01.corp.example,5f3c9a8e-1b2d-4c7e-9a10-2f6b8d4e7c31
PRD-SVC-122,poweredOn,False,False,2003,/data,510976,164652,346323,68,3,Owner: app-team,,,,DC-East,Prod-Cluster,esx-prod05.corp.example,Prod,CentOS 7 (64-bit),CentOS Linux 7 (Core),vm-1121,4204cc3e6fac16730ad45230bdf66ba5,vcsa01.corp.example,5f3c9a8e-1b2d-4c7e-9a10-2f6b8d4e7c31
PRD-SVC-122,poweredOn,False,False,2004,/opt,254976,233030,21945,9,4,,,,,DC-East,Prod-Cluster,esx-prod05.corp.example,Prod,CentOS 7 (64-bit),CentOS Linux 7 (Core),vm-1121,4204cc3e6fac16730ad45230bdf66ba5,vcsa01.corp.example,5f3c9a8e-1b2d-4c7e-9a10-2f6b8d4e7c31
PRD-FS-123,poweredOn,False,False,2000,C:\,101900,94156,7743,8,0,,,,,DC-East,Prod-Cluster,esx-prod05.corp.example,Prod,Microsoft Windows Server 2016 or later (64-bit),Microsoft Windows Server 2022 Datacenter,vm-1122,42532401f758dce20556daea67b03283,vcsa01.corp.example,5f3c9a8e-1b2d-4c7e-9a10-2f6b8d4e7c31
PRD-FS-123,poweredOn,False,False,2001,D:\,767500,221575,545924,71,1,,,,,DC-East,Prod-Cluster,esx-prod05.corp.example,Prod,Microsoft Windows Server 2016 or later (64-bit),Microsoft Windows Server 2022 Datacenter,vm-1122,42532401f758dce20556daea67b03283,vcsa01.corp.example,5f3c9a8e-1b2d-4c7e-9a10-2f6b8d4e7c31
PRD-FS-123,poweredOn,False,False,2002,E:\,204300,158825,45474,22,2,,,,,DC-East,Prod-Cluster,esx-prod05.corp.example,Prod,Microsoft Windows Server 2016 or later (64-bit),Microsoft Windows Server 2022 Datacenter,vm-1122,42532401f758dce20556daea67b03283,vcsa01.corp.example,5f3c9a8e-1b2d-4c7e-9a10-2f6b8d4e7c31
PRD-SQL-124,poweredOn,False,False,2000,C:\,60940,44536,16403,27,0,,,,,DC-East,Prod-Cluster,esx-prod01.corp.example,Prod,Microsoft Windows Server 2016 or later (64-bit),Microsoft Windows Server 2022 Datacenter,vm-1123,426550f71422373f862268d16683e107,vcsa01.corp.example,5f3c9a8e-1b2d-4c7e-9a10-2f6b8d4e7c31
PRD-SQL-124,poweredOn,False,False,2001,D:\,204300,124099,80200,39,1,,,,,DC-East,Prod-Cluster,esx-prod01.corp.example,Prod,Microsoft Windows Server 2016 or later (64-bit),Microsoft Windows Server 2022 Datacenter,vm-1123,426550f71422373f862268d16683e107,vcsa01.corp.example,5f3c9a8e-1b2d-4c7e-9a10-2f6b8d4e7c31
PRD-SQL-124,poweredOn,False,False,2002,E:\,2047500,776102,1271397,62,2,Owner: app-team,,,,DC-East,Prod-Cluster,esx-prod01.corp.example,Prod,Microsoft Windows Server 2016 or later (64-bit),Microsoft Windows Server 2022 Datacenter,vm-1123,426550f71422373f862268d16683e107,vcsa01.corp.example,5f3c9a8e-1b2d-4c7e-9a10-2f6b8d4e7c31
PRD-SQL-125,poweredOn,False,False,2000,C:\,40460,26518,13941,34,0,Owner: app-team,,,,DC-East,Prod-Cluster,esx-prod02.corp.example,Prod,Microsoft Windows Server 2019 (64-bit),Microsoft Windows Server 2019 Standard,vm-1124,425970a8c6b6e4ade7ea8d5a31a3ac4d,vcsa01.corp.example,5f3c9a8e-1b2d-4c7e-9a10-2f6b8d4e7c31
PRD-APP-126,poweredOn,False,False,2000,C:\,60940,40287,20652,34,0,,,,,DC-East,Prod-Cluster,esx-prod02.corp.example,Prod,Microsoft Windows Server 2019 (64-bit),Microsoft Windows Server 2019 Standard,vm-1125,42a7cf70c257cf73c29d782b2722796e,vcsa01.corp.example,5f3c9a8e-1b2d-4c7e-9a10-2f6b8d4e7c31
PRD-RDS-128,poweredOn,False,False,2000,C:\,81420,38048,43371,53,0,,,,,DC-East,Prod-Cluster,esx-prod01.corp.example,Prod,Microsoft Windows Server 2016 or later (64-bit),Microsoft Windows Server 2022 Datacenter,vm-1127,4281e0d45a18e2a30e614bcd97674900,vcsa01.corp.example,5f3c9a8e-1b2d-4c7e-9a10-2f6b8d4e7c31
PRD-APP-129,poweredOn,False,False,2000,/,101376,89056,12319,12,0,Owner: app-team,,,,DC-East,Prod-Cluster,esx-prod03.corp.example,Prod,Red Hat Enterprise Linux 9 (64-bit),Red Hat Enterprise Linux 9.2 (Plow),vm-1128,4298159d9d713084171dabf9daf481a7,vcsa01.corp.example,5f3c9a8e-1b2d-4c7e-9a10-2f6b8d4e7c31
PRD-APP-129,poweredOn,False,False,2001,/boot,1014,374,639,63,1,,,,,DC-East,Prod-Cluster,esx-prod03.corp.example,Prod,Red Hat Enterprise Linux 9 (64-bit),Red Hat Enterprise Linux 9.2 (Plow),vm-1128,4298159d9d713084171dabf9daf481a7,vcsa01.corp.example,5f3c9a8e-1b2d-4c7e-9a10-2f6b8d4e7c31
PRD-APP-129,poweredOn,False,False,2002,/var,101376,66403,34972,34,2,Owner: app-team,,,,DC-East,Prod-Cluster,esx-prod03.corp.example,Prod,Red Hat Enterprise Linux 9 (64-bit),Red Hat Enterprise Linux 9.2 (Plow),vm-1128,4298159d9d713084171dabf9daf481a7,vcsa01.corp.example,5f3c9a8e-1b2d-4c7e-9a10-2f6b8d4e7c31
PRD-APP-129,poweredOn,False,False,2003,/data,2046976,1227746,819229,40,3,,,,,DC-East,Prod-Cluster,esx-prod03.corp.example,Prod,Red Hat Enterprise Linux 9 (64-bit),Red Hat Enterprise Linux 9.2 (Plow),vm-1128,4298159d9d713084171dabf9daf481a7,vcsa01.corp.example,5f3c9a8e-1b2d-4c7e-9a10-2f6b8d4e7c31
PRD-APP-129,poweredOn,False,False,2004,/opt,254976,96134,158841,62,4,Owner: app-team,,,,DC-East,Prod-Cluster,esx-prod03.corp.example,Prod,Red Hat Enterprise Linux 9 (64-bit),Red Hat Enterprise Linux 9.2 (Plow),vm-1128,4298159d9d713084171dabf9daf481a7,vcsa01.corp.example,5f3c9a8e-1b2d-4c7e-9a10-2f6b8d4e7c31
PRD-APP-130,poweredOn,False,False,2000,/,39936,17847,22088,55,0,,,,,DC-East,Prod-Cluster,esx-prod04.corp.example,Prod,Ubuntu Linux (64-bit),Ubuntu 22.04.4 LTS,vm-1129,42269ed480599b9379c2d2e49ae1a991,vcsa01.corp.example,5f3c9a8e-1b2d-4c7e-9a10-2f6b8d4e7c31
PRD-APP-130,poweredOn,False,False,2001,/boot,1014,376,637,63,1,,,,,DC-East,Prod-Cluster,esx-prod04.corp.example,Prod,Ubuntu Linux (64-bit),Ubuntu 22.04.4 LTS,vm-1129,42269ed480599b9379c2d2e49ae1a991,vcsa01.corp.example,5f3c9a8e-1b2d-4c7e-9a10-2f6b8d4e7c31
PRD-SQL-131,poweredOn,False,False,2000,C:\,60940,14433,46506,76,0,,,,,DC-East,Prod-Cluster,esx-prod06.corp.example,Prod,Microsoft Windows Server 2019 (64-bit),Microsoft Windows Server 2019 Standard,vm-1130,42707df2fdb1429e7010ed13b526b22d,vcsa01.corp.example,5f3c9a8e-1b2d-4c7e-9a10-2f6b8d4e7c31
PRD-SQL-131,poweredOn,False,False,2001,D:\,50700,31358,19341,38,1,,,,,DC-East,Prod-Cluster,esx-prod06.corp.example,Prod,Microsoft Windows Server 2019 (64-bit),Microsoft Windows Server 2019 Standard,vm-1130,42707df2fdb1429e7010ed13b526b22d,vcsa01.corp.example,5f3c9a8e-1b2d-4c7e-9a10-2f6b8d4e7c31
PRD-SQL-132,poweredOn,False,False,2000,C:\,101900,38205,63694,63,0,,,,,DC-East,Prod-Cluster,esx-prod03.corp.example,Prod,Microsoft Windows Server 2016 or later (64-bit),Microsoft Windows Server 2022 Datacenter,vm-1131,4255ab94a5b5cdc2a181c85eca0ac6ac,vcsa01.corp.example,5f3c9a8e-1b2d-4c7e-9a10-2f6b8d4e7c31
PRD-SQL-132,poweredOn,False,False,2001,D:\,1023500,314358,709141,69,1,,,,,DC-East,Prod-Cluster,esx-prod03.corp.example,Prod,Microsoft Windows Server 2016 or later (64-bit),Microsoft Windows Server 2022 Datacenter,vm-1131,4255ab94a5b5cdc2a181c85eca0ac6ac,vcsa01.corp.example,5f3c9a8e-1b2d-4c7e-9a10-2f6b8d4e7c31
PRD-FS-133,poweredOn,False,False,2000,C:\,101900,59016,42883,42,0,,,,,DC-East,Prod-Cluster,esx-prod03.corp.example,Prod,Microsoft Windows Server 2019 (64-bit),Microsoft Windows Server 2019 Standard,vm-1132,42a9e27b952e6abb14dd5061555736f8,vcsa01.corp.example,5f3c9a8e-1b2d-4c7e-9a10-2f6b8d4e7c31
PRD-FS-134,poweredOn,False,False,2000,C:\,81420,38365,43054,53,0,,,,,DC-East,Prod-Cluster,esx-prod02.corp.example,Prod,Microsoft Windows Server 2016 (64-bit),Microsoft Windows Server 2016 Standard,vm-1133,42d02ce054170a17caaa5bbea4bbf962,vcsa01.corp.example,5f3c9a8e-1b2d-4c7e-9a10-2f6b8d4e7c31
PRD-FS-134,poweredOn,False,False,2001,D:\,255500,176302,79197,31,1,,,,,DC-East,Prod-Cluster,esx-prod02.corp.example,Prod,Microsoft Windows Server 2016 (64-bit),Microsoft Windows Server 2016 Standard,vm-1133,42d02ce054170a17caaa5bbea4bbf962,vcsa01.corp.example,5f3c9a8e-1b2d-4c7e-9a10-2f6b8d4e7c31
PRD-SVC-135,poweredOn,False,False,2000,C:\,60940,23988,36951,61,0,,,,,DC-East,Prod-Cluster,esx-prod01.corp.example,Prod,Microsoft Windows Server 2012 (64-bit),Microsoft Windows Server 2012 R2 Standard,vm-1134,42f37fd52e25b5ee4f11d8dc5cd33369,vcsa01.corp.example,5f3c9a8e-1b2d-4c7e-9a10-2f6b8d4e7c31
PRD-WEB-136,poweredOn,False,False,2000,C:\,40460,29042,11417,28,0,Owner: app-team,,,,DC-East,Prod-Cluster,esx-prod02.corp.example,Prod,Microsoft Windows Server 2019 (64-bit),Microsoft Windows Server 2019 Standard,vm-1135,42e238febd17c5e8d5ca69ab8a2e6a93,vcsa01.corp.example,5f3c9a8e-1b2d-4c7e-9a10-2f6b8d4e7c31
PRD-CTX-137,poweredOn,False,False,2000,C:\,101900,58541,43358,43,0,,,,,DC-East,Prod-Cluster,esx-prod02.corp.example,Prod,Microsoft Windows Server 2016 (64-bit),Microsoft Windows Server 2016 Standard,vm-1136,42cf1d7d9feefdffc566aa81b15e54f6,vcsa01.corp.example,5f3c9a8e-1b2d-4c7e-9a10-2f6b8d4e7c31
PRD-CTX-137,poweredOn,False,False,2001,D:\,2047500,473351,1574148,77,1,Owner: app-team,,,,DC-East,Prod-Cluster,esx-prod02.corp.example,Prod,Microsoft Windows Server 2016 (64-bit),Microsoft Windows Server 2016 Standard,vm-1136,42cf1d7d9feefdffc566aa81b15e54f6,vcsa01.corp.example,5f3c9a8e-1b2d-4c7e-9a10-2f6b8d4e7c31
PRD-CTX-137,poweredOn,False,False,2002,E:\,767500,533050,234449,31,2,,,,,DC-East,Prod-Cluster,esx-prod02.corp.example,Prod,Microsoft Windows Server 2016 (64-bit),Microsoft Windows Server 2016 Standard,vm-1136,42cf1d7d9feefdffc566aa81b15e54f6,vcsa01.corp.example,5f3c9a8e-1b2d-4c7e-9a10-2f6b8d4e7c31
PRD-FS-138,poweredOn,False,False,2000,C:\,81420,61874,19545,24,0,,,,,DC-East,Prod-Cluster,esx-prod03.corp.example,Prod,Microsoft Windows Server 2012 (64-bit),Microsoft Windows Server 2012 R2 Standard,vm-1137,4272ecf1c8a723e9bfa016c2c09cb506,vcsa01.corp.example,5f3c9a8e-1b2d-4c7e-9a10-2f6b8d4e7c31
PRD-FS-138,poweredOn,False,False,2001,D:\,511500,161833,349666,68,1,,,,,DC-East,Prod-Cluster,esx-prod03.corp.example,Prod,Microsoft Windows Server 2012 (64-bit),Microsoft Windows Server 2012 R2 Standard,vm-1137,4272ecf1c8a723e9bfa016c2c09cb506,vcsa01.corp.example,5f3c9a8e-1b2d-4c7e-9a10-2f6b8d4e7c31
PRD-RDS-139,poweredOn,False,False,2000,C:\,60940,32470,28469,47,0,Owner: app-team,,,,DC-East,Prod-Cluster,esx-prod02.corp.example,Prod,Microsoft Windows Server 2016 or later (64-bit),Microsoft Windows Server 2022 Datacenter,vm-1138,4280be7e61c2645ac733230448223120,vcsa01.corp.example,5f3c9a8e-1b2d-4c7e-9a10-2f6b8d4e7c31
PRD-RDS-139,poweredOn,False,False,2001,D:\,767500,427600,339899,44,1,,,,,DC-East,Prod-Cluster,esx-prod02.corp.example,Prod,Microsoft Windows Server 2016 or later (64-bit),Microsoft Windows Server 2022 Datacenter,vm-1138,4280be7e61c2645ac733230448223120,vcsa01.corp.example,5f3c9a8e-1b2d-4c7e-9a10-2f6b8d4e7c31
PRD-CTX-140,poweredOn,False,False,2000,/,60416,18554,41861,69,0,,,,,DC-East,Prod-Cluster,esx-prod02.corp.example,Prod,CentOS 7 (64-bit),CentOS Linux 7 (Core),vm-1139,421a4352ef2ddcc48df661da5f07c1a5,vcsa01.corp.example,5f3c9a8e-1b2d-4c7e-9a10-2f6b8d4e7c31
PRD-CTX-140,poweredOn,False,False,2001,/boot,1014,584,429,42,1,Owner: app-team,,,,DC-East,Prod-Cluster,esx-prod02.corp.example,Prod,CentOS 7 (64-bit),CentOS Linux 7 (Core),vm-1139,421a4352ef2ddcc48df661da5f07c1a5,vcsa01.corp.example,5f3c9a8e-1b2d-4c7e-9a10-2f6b8d4e7c31
PRD-APP-141,poweredOn,False,False,2000,C:\,60940,21325,39614,65,0,Owner: app-team,,,,DC-East,Prod-Cluster,esx-prod02.corp.example,Prod,Microsoft Windows Server 2019 (64-bit),Microsoft Windows Server 2019 Standard,vm-1140,4238d77be916da57f24823ab177a8a5f,vcsa01.corp.example,5f3c9a8e-1b2d-4c7e-9a10-2f6b8d4e7c31
PRD-APP-141,poweredOn,False,False,2001,D:\,767500,578431,189068,25,1,,,,,DC-East,Prod-Cluster,esx-prod02.corp.example,Prod,Microsoft Windows Server 2019 (64-bit),Microsoft Windows Server 2019 Standard,vm-1140,4238d77be916da57f24823ab177a8a5f,vcsa01.corp.example,5f3c9a8e-1b2d-4c7e-9a10-2f6b8d4e7c31
PRD-APP-143,poweredOn,False,False,2000,C:\,81420,20312,61107,75,0,,,,,DC-East,Prod-Cluster,esx-prod02.corp.example,Prod,Microsoft Windows Server 2019 (64-bit),Microsoft Windows Server 2019 Standard,vm-1142,420158249d8776a072d78bdd781799ff,vcsa01.corp.example,5f3c9a8e-1b2d-4c7e-9a10-2f6b8d4e7c31
PRD-APP-143,poweredOn,False,False,2001,D:\,204300,96089,108210,53,1,,,,,DC-East,Prod-Cluster,esx-prod02.corp.example,Prod,Microsoft Windows Server 2019 (64-bit),Microsoft Windows Server 2019 Standard,vm-1142,420158249d8776a072d78bdd781799ff,vcsa01.corp.example,5f3c9a8e-1b2d-4c7e-9a10-2f6b8d4e7c31
PRD-APP-144,poweredOn,False,False,2000,/,101376,98610,2765,3,0,,,,,DC-East,Prod-Cluster,esx-prod05.corp.example,Prod,Ubuntu Linux (64-bit),Ubuntu 18.04.6 LTS,vm-1143,424d183e3cd5fd7f49c10669c6b33fe6,vcsa01.corp.example,5f3c9a8e-1b2d-4c7e-9a10-2f6b8d4e7c31
PRD-APP-144,poweredOn,False,False,2001,/boot,1014,390,623,62,1,,,,,DC-East,Prod-Cluster,esx-prod05.corp.example,Prod,Ubuntu Linux (64-bit),Ubuntu 18.04.6 LTS,vm-1143,424d183e3cd5fd7f49c10669c6b33fe6,vcsa01.corp.example,5f3c9a8e-1b2d-4c7e-9a10-2f6b8d4e7c31
PRD-APP-144,poweredOn,False,False,2002,/var,101376,94773,6602,7,2,,,,,DC-East,Prod-Cluster,esx-prod05.corp.example,Prod,Ubuntu Linux (64-bit),Ubuntu 18.04.6 LTS,vm-1143,424d183e3cd5fd7f49c10669c6b33fe6,vcsa01.corp.example,5f3c9a8e-1b2d-4c7e-9a10-2f6b8d4e7c31
PRD-APP-144,poweredOn,False,False,2003,/data,1022976,177475,845500,83,3,,,,,DC-East,Prod-Cluster,esx-prod05.corp.example,Prod,Ubuntu Linux (64-bit),Ubuntu 18.04.6 LTS,vm-1143,424d183e3cd5fd7f49c10669c6b33fe6,vcsa01.corp.example,5f3c9a8e-1b2d-4c7e-9a10-2f6b8d4e7c31
PRD-CTX-145,poweredOn,False,False,2000,C:\,101900,81693,20206,20,0,Owner: app-team,,,,DC-East,Prod-Cluster,esx-prod04.corp.example,Prod,Microsoft Windows Server 2019 (64-bit),Microsoft Windows Server 2019 Standard,vm-1144,423defa893364f7e83efa9f3a1c7cc8a,vcsa01.corp.example,5f3c9a8e-1b2d-4c7e-9a10-2f6b8d4e7c31
PRD-CTX-146,poweredOn,False,False,2000,C:\,40460,24284,16175,40,0,,,,,DC-East,Prod-Cluster,esx-prod03.corp.example,Prod,Microsoft Windows Server 2019 (64-bit),Microsoft Windows Server 2019 Standard,vm-1145,425c5087f982f4e08603156a15eacbcf,vcsa01.corp.example,5f3c9a8e-1b2d-4c7e-9a10-2f6b8d4e7c31
PRD-SVC-147,poweredOn,False,False,2000,C:\,60940,48092,12847,21,0,,,,,DC-East,Prod-Cluster,esx-prod05.corp.example,Prod,Microsoft Windows Server 2019 (64-bit),Microsoft Windows Server 2019 Standard,vm-1146,42bf502340ef39355f90bed6fb25664d,vcsa01.corp.example,5f3c9a8e-1b2d-4c7e-9a10-2f6b8d4e7c31
PRD-SVC-147,poweredOn,False,False,2001,D:\,1023500,396570,626929,61,1,,,,,DC-East,Prod-Cluster,esx-prod05.corp.example,Prod,Microsoft Windows Server 2019 (64-bit),Microsoft Windows Server 2019 Standard,vm-1146,42bf502340ef39355f90bed6fb25664d,vcsa01.corp.example,5f3c9a8e-1b2d-4c7e-9a10-2f6b8d4e7c31
PRD-SVC-147,poweredOn,False,False,2002,E:\,1023500,636308,387191,38,2,,,,,DC-East,Prod-Cluster,esx-prod05.corp.example,Prod,Microsoft Windows Server 2019 (64-bit),Microsoft Windows Server 2019 Standard,vm-1146,42bf502340ef39355f90bed6fb25664d,vcsa01.corp.example,5f3c9a8e-1b2d-4c7e-9a10-2f6b8d4e7c31
PRD-WEB-148,poweredOn,False,False,2000,C:\,60940,44614,16325,27,0,,,,,DC-East,Prod-Cluster,esx-prod06.corp.example,Prod,Microsoft Windows Server 2012 (64-bit),Microsoft Windows Server 2012 R2 Standard,vm-1147,425a30450b5995622227219f551ff086,vcsa01.corp.example,5f3c9a8e-1b2d-4c7e-9a10-2f6b8d4e7c31
PRD-RDS-149,poweredOn,False,False,2000,C:\,60940,13031,47908,79,0,Owner: app-team,,,,DC-East,Prod-Cluster,esx-prod06.corp.example,Prod,Microsoft Windows Server 2016 (64-bit),Microsoft Windows Server 2016 Standard,vm-1148,420977c5752a7d25f1901b7ec6b469ef,vcsa01.corp.example,5f3c9a8e-1b2d-4c7e-9a10-2f6b8d4e7c31
PRD-APP-151,poweredOn,False,False,2000,C:\,101900,33188,68711,67,0,,,,,DC-East,Prod-Cluster,esx-prod06.corp.example,Prod,Microsoft Windows Server 2016 or later (64-bit),Microsoft Windows Server 2022 Datacenter,vm-1150,42e506f67092947dbe4969ec6667d3bb,vcsa01.corp.example,5f3c9a8e-1b2d-4c7e-9a10-2f6b8d4e7c31
PRD-APP-151,poweredOn,False,False,2001,D:\,1023500,793164,230335,23,1,,,,,DC-East,Prod-Cluster,esx-prod06.corp.example,Prod,Microsoft Windows Server 2016 or later (64-bit),Microsoft Windows Server 2022 Datacenter,vm-1150,42e506f67092947dbe4969ec6667d3bb,vcsa01.corp.example,5f3c9a8e-1b2d-4c7e-9a10-2f6b8d4e7c31
PRD-APP-151,poweredOn,False,False,2002,E:\,50700,21747,28952,57,2,,,,,DC-East,Prod-Cluster,esx-prod06.corp.example,Prod,Microsoft Windows Server 2016 or later (64-bit),Microsoft Windows Server 2022 Datacenter,vm-1150,42e506f67092947dbe4969ec6667d3bb,vcsa01.corp.example,5f3c9a8e-1b2d-4c7e-9a10-2f6b8d4e7c31
PRD-RDS-152,poweredOn,False,False,2000,/,60416,41523,18892,31,0,,,,,DC-East,Prod-Cluster,esx-prod03.corp.example,Prod,Ubuntu Linux (64-bit),Ubuntu 22.04.4 LTS,vm-1151,426e3c4514348f626cac028cba220065,vcsa01.corp.example,5f3c9a8e-1b2d-4c7e-9a10-2f6b8d4e7c31
PRD-RDS-152,poweredOn,False,False,2001,/boot,1014,366,647,64,1,,,,,DC-East,Prod-Cluster,esx-prod03.corp.example,Prod,Ubuntu Linux (64-bit),Ubuntu 22.04.4 LTS,vm-1151,426e3c4514348f626cac028cba220065,vcsa01.corp.example,5f3c9a8e-1b2d-4c7e-9a10-2f6b8d4e7c31
PRD-RDS-152,poweredOn,False,False,2002,/var,101376,70854,30521,30,2,,,,,DC-East,Prod-Cluster,esx-prod03.corp.example,Prod,Ubuntu Linux (64-bit),Ubuntu 22.04.4 LTS,vm-1151,426e3c4514348f626cac028cba220065,vcsa01.corp.example,5f3c9a8e-1b2d-4c7e-9a10-2f6b8d4e7c31
PRD-WEB-153,poweredOn,False,False,2000,C:\,40460,37547,2912,7,0,Owner: app-team,,,,DC-East,Prod-Cluster,esx-prod03.corp.example,Prod,Microsoft Windows Server 2019 (64-bit),Microsoft Windows Server 2019 Standard,vm-1152,426d15f1b7b8c1a59a45693d7227890e,vcsa01.corp.example,5f3c9a8e-1b2d-4c7e-9a10-2f6b8d4e7c31
PRD-FS-155,poweredOn,False,False,2000,C:\,40460,14731,25728,64,0,,,,,DC-East,Prod-Cluster,esx-prod03.corp.example,Prod,Microsoft Windows Server 2016 (64-bit),Microsoft Windows Server 2016 Standard,vm-1154,429b89e5d942644c248d31ec07f8d4f0,vcsa01.corp.example,5f3c9a8e-1b2d-4c7e-9a10-2f6b8d4e7c31
PRD-FS-155,poweredOn,False,False,2001,D:\,50700,11789,38910,77,1,,,,,DC-East,Prod-Cluster,esx-prod03.corp.example,Prod,Microsoft Windows Server 2016 (64-bit),Microsoft Windows Server 2016 Standard,vm-1154,429b89e5d942644c248d31ec07f8d4f0,vcsa01.corp.example,5f3c9a8e-1b2d-4c7e-9a10-2f6b8d4e7c31
PRD-APP-156,poweredOn,False,False,2000,/,80896,71713,9182,11,0,,,,,DC-East,Prod-Cluster,esx-prod02.corp.example,Prod,Red Hat Enterprise Linux 8 (64-bit),Red Hat Enterprise Linux 8.8 (Ootpa),vm-1155,422747b99ae77eab084a67809136f1f8,vcsa01.corp.example,5f3c9a8e-1b2d-4c7e-9a10-2f6b8d4e7c31
PRD-APP-156,poweredOn,False,False,2001,/boot,1014,419,594,59,1,,,,,DC-East,Prod-Cluster,esx-prod02.corp.example,Prod,Red Hat Enterprise Linux 8 (64-bit),Red Hat Enterprise Linux 8.8 (Ootpa),vm-1155,422747b99ae77eab084a67809136f1f8,vcsa01.corp.example,5f3c9a8e-1b2d-4c7e-9a10-2f6b8d4e7c31
PRD-APP-156,poweredOn,False,False,2002,/var,50176,15125,35050,70,2,,,,,DC-East,Prod-Cluster,esx-prod02.corp.example,Prod,Red Hat Enterprise Linux 8 (64-bit),Red Hat Enterprise Linux 8.8 (Ootpa),vm-1155,422747b99ae77eab084a67809136f1f8,vcsa01.corp.example,5f3c9a8e-1b2d-4c7e-9a10-2f6b8d4e7c31
PRD-APP-157,poweredOn,False,False,2000,C:\,60940,35942,24997,41,0,,,,,DC-East,Prod-Cluster,esx-prod05.corp.example,Prod,Microsoft Windows Server 2019 (64-bit),Microsoft Windows Server 2019 Standard,vm-1156,421d0af7f5e4a4713fe68c9c4758367b,vcsa01.corp.example,5f3c9a8e-1b2d-4c7e-9a10-2f6b8d4e7c31
PRD-APP-157,poweredOn,False,False,2001,D:\,767500,243965,523534,68,1,,,,,DC-East,Prod-Cluster,esx-prod05.corp.example,Prod,Microsoft Windows Server 2019 (64-bit),Microsoft Windows Server 2019 Standard,vm-1156,421d0af7f5e4a4713fe68c9c4758367b,vcsa01.corp.example,5f3c9a8e-1b2d-4c7e-9a10-2f6b8d4e7c31
PRD-APP-157,poweredOn,False,False,2002,E:\,204300,34795,169504,83,2,Owner: app-team,,,,DC-East,Prod-Cluster,esx-prod05.corp.example,Prod,Microsoft Windows Server 2019 (64-bit),Microsoft Windows Server 2019 Standard,vm-1156,421d0af7f5e4a4713fe68c9c4758367b,vcsa01.corp.example,5f3c9a8e-1b2d-4c7e-9a10-2f6b8d4e7c31
PRD-FS-158,poweredOn,False,False,2000,C:\,60940,23027,37912,62,0,,,,,DC-East,Prod-Cluster,esx-prod05.corp.example,Prod,Microsoft Windows Server 2019 (64-bit),Microsoft Windows Server 2019 Standard,vm-1157,42ea9e5cb1a8b71f491b90e99ca3fbb3,vcsa01.corp.example,5f3c9a8e-1b2d-4c7e-9a10-2f6b8d4e7c31
PRD-FS-158,poweredOn,False,False,2001,D:\,767500,463738,303761,40,1,,,,,DC-East,Prod-Cluster,esx-prod05.corp.example,Prod,Microsoft Windows Server 2019 (64-bit),Microsoft Windows Server 2019 Standard,vm-1157,42ea9e5cb1a8b71f491b90e99ca3fbb3,vcsa01.corp.example,5f3c9a8e-1b2d-4c7e-9a10-2f6b8d4e7c31
PRD-FS-158,poweredOn,False,False,2002,E:\,50700,48771,1928,4,2,,,,,DC-East,Prod-Cluster,esx-prod05.corp.example,Prod,Microsoft Windows Server 2019 (64-bit),Microsoft Windows Server 2019 Standard,vm-1157,42ea9e5cb1a8b71f491b90e99ca3fbb3,vcsa01.corp.example,5f3c9a8e-1b2d-4c7e-9a10-2f6b8d4e7c31
PRD-APP-160,poweredOn,False,False,2000,C:\,81420,30838,50581,62,0,Owner: app-team,,,,DC-East,Prod-Cluster,esx-prod05.corp.example,Prod,Microsoft Windows Server 2016 (64-bit),Microsoft Windows Server 2016 Standard,vm-1159,422c913aa3404f08b34191b8ed6522b4,vcsa01.corp.example,5f3c9a8e-1b2d-4c7e-9a10-2f6b8d4e7c31
PRD-APP-160,poweredOn,False,False,2001,D:\,255500,189530,65969,26,1,,,,,DC-East,Prod-Cluster,esx-prod05.corp.example,Prod,Microsoft Windows Server 2016 (64-bit),Microsoft Windows Server 2016 Standard,vm-1159,422c913aa3404f08b34191b8ed6522b4,vcsa01.corp.example,5f3c9a8e-1b2d-4c7e-9a10-2f6b8d4e7c31
PRD-APP-160,poweredOn,False,False,2002,E:\,511500,252759,258740,51,2,,,,,DC-East,Prod-Cluster,esx-prod05.corp.example,Prod,Microsoft Windows Server 2016 (64-bit),Microsoft Windows Server 2016 Standard,vm-1159,422c913aa3404f08b34191b8ed6522b4,vcsa01.corp.example,5f3c9a8e-1b2d-4c7e-9a10-2f6b8d4e7c31
PRD-WEB-161,poweredOn,False,False,2000,C:\,40460,34645,5814,14,0,,,,,DC-East,Prod-Cluster,esx-prod02.corp.example,Prod,Microsoft Windows Server 2019 (64-bit),Microsoft Windows Server 2019 Standard,vm-1160,42cdbcc677a7e8b75e70f65f9280c5aa,vcsa01.corp.example,5f3c9a8e-1b2d-4c7e-9a10-2f6b8d4e7c31
PRD-APP-162,poweredOn,False,False,2000,C:\,81420,53595,27824,34,0,Owner: app-team,,,,DC-East,Prod-Cluster,esx-prod01.corp.example,Prod,Microsoft Windows Server 2016 or later (64-bit),Microsoft Windows Server 2022 Datacenter,vm-1161,42932caed2c65ee468d0a2a8c4e7f7dd,vcsa01.corp.example,5f3c9a8e-1b2d-4c7e-9a10-2f6b8d4e7c31
PRD-APP-162,poweredOn,False,False,2001,D:\,1023500,809250,214249,21,1,,,,,DC-East,Prod-Cluster,esx-prod01.corp.example,Prod,Microsoft Windows Server 2016 or later (64-bit),Microsoft Windows Server 2022 Datacenter,vm-1161,42932caed2c65ee468d0a2a8c4e7f7dd,vcsa01.corp.example,5f3c9a8e-1b2d-4c7e-9a10-2f6b8d4e7c31
PRD-RDS-163,poweredOn,False,False,2000,C:\,81420,61615,19804,24,0,,,,,DC-East,Prod-Cluster,esx-prod04.corp.example,Prod,Microsoft Windows Server 2012 (64-bit),Microsoft Windows Server 2012 R2 Standard,vm-1162,42967924a3c988e48d2238e6c7bf4fbc,vcsa01.corp.example,5f3c9a8e-1b2d-4c7e-9a10-2f6b8d4e7c31
PRD-APP-164,poweredOn,False,False,2000,C:\,60940,49222,11717,19,0,Owner: app-team,,,,DC-East,Prod-Cluster,esx-prod01.corp.example,Prod,Microsoft Windows Server 2016 (64-bit),Microsoft Windows Server 2016 Standard,vm-1163,425894f739b86bb2b596ca7cef4afa88,vcsa01.corp.example,5f3c9a8e-1b2d-4c7e-9a10-2f6b8d4e7c31
PRD-APP-164,poweredOn,False,False,2001,D:\,255500,149398,106101,42,1,,,,,DC-East,Prod-Cluster,esx-prod01.corp.example,Prod,Microsoft Windows Server 2016 (64-bit),Microsoft Windows Server 2016 Standard,vm-1163,425894f739b86bb2b596ca7cef4afa88,vcsa01.corp.example,5f3c9a8e-1b2d-4c7e-9a10-2f6b8d4e7c31
PRD-APP-165,poweredOn,False,False,2000,C:\,101900,26541,75358,74,0,,,,,DC-East,Prod-Cluster,esx-prod03.corp.example,Prod,Microsoft Windows Server 2019 (64-bit),Microsoft Windows Server 2019 Standard,vm-1164,4217eaec8892042f9d4b2bf94d85e9c7,vcsa01.corp.example,5f3c9a8e-1b2d-4c7e-9a10-2f6b8d4e7c31
PRD-APP-165,poweredOn,False,False,2001,D:\,50700,47193,3506,7,1,,,,,DC-East,Prod-Cluster,esx-prod03.corp.example,Prod,Microsoft Windows Server 2019 (64-bit),Microsoft Windows Server 2019 Standard,vm-1164,4217eaec8892042f9d4b2bf94d85e9c7,vcsa01.corp.example,5f3c9a8e-1b2d-4c7e-9a10-2f6b8d4e7c31
PRD-APP-166,poweredOn,False,False,2000,C:\,101900,55014,46885,46,0,,,,,DC-East,Prod-Cluster,esx-prod02.corp.example,Prod,Microsoft Windows Server 2012 (64-bit),Microsoft Windows Server 2012 R2 Standard,vm-1165,42d342af0a8bb5b490494583ec86a890,vcsa01.corp.example,5f3c9a8e-1b2d-4c7e-9a10-2f6b8d4e7c31
PRD-CTX-167,poweredOn,False,False,2000,C:\,40460,10121,30338,75,0,,,,,DC-East,Prod-Cluster,esx-prod03.corp.example,Prod,Microsoft Windows Server 2012 (64-bit),Microsoft Windows Server 2012 R2 Standard,vm-1166,42a08dd2e3954cb17f7f6c0a07c0d116,vcsa01.corp.example,5f3c9a8e-1b2d-4c7e-9a10-2f6b8d4e7c31
PRD-WEB-168,poweredOn,False,False,2000,C:\,101900,93962,7937,8,0,,,,,DC-East,Prod-Cluster,esx-prod06.corp.example,Prod,Microsoft Windows Server 2016 or later (64-bit),Microsoft Windows Server 2022 Datacenter,vm-1167,427bf7e16a662fce7089fc6d2877f5d9,vcsa01.corp.example,5f3c9a8e-1b2d-4c7e-9a10-2f6b8d4e7c31
PRD-SQL-169,poweredOn,False,False,2000,C:\,101900,61048,40851,40,0,Owner: app-team,,,,DC-East,Prod-Cluster,esx-prod06.corp.example,Prod,Microsoft Windows Server 2016 or later (64-bit),Microsoft Windows Server 2022 Datacenter,vm-1168,421b2ede8fc85fc083d5bceb5edbb8ee,vcsa01.corp.example,5f3c9a8e-1b2d-4c7e-9a10-2f6b8d4e7c31
PRD-RDS-172,poweredOn,False,False,2000,C:\,60940,34537,26402,43,0,,,,,DC-East,Prod-Cluster,esx-prod02.corp.example,Prod,Microsoft Windows Server 2019 (64-bit),Microsoft Windows Server 2019 Standard,vm-1171,42d7c4fee1e0fffc98f6fd7f7eb162f1,vcsa01.corp.example,5f3c9a8e-1b2d-4c7e-9a10-2f6b8d4e7c31
PRD-APP-173,poweredOn,False,False,2000,C:\,40460,36135,4324,11,0,,,,,DC-East,Prod-Cluster,esx-prod01.corp.example,Prod,Microsoft Windows Server 2016 or later (64-bit),Microsoft Windows Server 2022 Datacenter,vm-1172,420d18ab668c84770b95017c5dae1201,vcsa01.corp.example,5f3c9a8e-1b2d-4c7e-9a10-2f6b8d4e7c31
PRD-WEB-174,poweredOn,False,False,2000,C:\,40460,34859,5600,14,0,Owner: app-team,,,,DC-East,Prod-Cluster,esx-prod01.corp.example,Prod,Microsoft Windows Server 2016 or later (64-bit),Microsoft Windows Server 2022 Datacenter,vm-1173,429c6d52ae2e9af99f8cc29ffd350c5f,vcsa01.corp.example,5f3c9a8e-1b2d-4c7e-9a10-2f6b8d4e7c31
PRD-WEB-174,poweredOn,False,False,2001,D:\,767500,563275,204224,27,1,,,,,DC-East,Prod-Cluster,esx-prod01.corp.example,Prod,Microsoft Windows Server 2016 or later (64-bit),Microsoft Windows Server 2022 Datacenter,vm-1173,429c6d52ae2e9af99f8cc29ffd350c5f,vcsa01.corp.example,5f3c9a8e-1b2d-4c7e-9a10-2f6b8d4e7c31
PRD-SQL-175,poweredOn,False,False,2000,/,60416,15998,44417,74,0,,,,,DC-East,Prod-Cluster,esx-prod05.corp.example,Prod,Ubuntu Linux (64-bit),Ubuntu 18.04.6 LTS,vm-1174,420b99000a4e255280051b1066c14dca,vcsa01.corp.example,5f3c9a8e-1b2d-4c7e-9a10-2f6b8d4e7c31
PRD-SQL-175,poweredOn,False,False,2001,/boot,1014,421,592,58,1,,,,,DC-East,Prod-Cluster,esx-prod05.corp.example,Prod,Ubuntu Linux (64-bit),Ubuntu 18.04.6 LTS,vm-1174,420b99000a4e255280051b1066c14dca,vcsa01.corp.example,5f3c9a8e-1b2d-4c7e-9a10-2f6b8d4e7c31
PRD-SQL-175,poweredOn,False,False,2002,/var,50176,41903,8272,16,2,Owner: app-team,,,,DC-East,Prod-Cluster,esx-prod05.corp.example,Prod,Ubuntu Linux (64-bit),Ubuntu 18.04.6 LTS,vm-1174,420b99000a4e255280051b1066c14dca,vcsa01.corp.example,5f3c9a8e-1b2d-4c7e-9a10-2f6b8d4e7c31
PRD-SQL-175,poweredOn,False,False,2003,/data,2046976,1235489,811486,40,3,Owner: app-team,,,,DC-East,Prod-Cluster,esx-prod05.corp.example,Prod,Ubuntu Linux (64-bit),Ubuntu 18.04.6 LTS,vm-1174,420b99000a4e255280051b1066c14dca,vcsa01.corp.example,5f3c9a8e-1b2d-4c7e-9a10-2f6b8d4e7c31
PRD-SQL-175,poweredOn,False,False,2004,/opt,766976,738737,28238,4,4,,,,,DC-East,Prod-Cluster,esx-prod05.corp.example,Prod,Ubuntu Linux (64-bit),Ubuntu 18.04.6 LTS,vm-1174,420b99000a4e255280051b1066c14dca,vcsa01.corp.example,5f3c9a8e-1b2d-4c7e-9a10-2f6b8d4e7c31
PRD-RDS-176,poweredOn,False,False,2000,C:\,60940,57492,3447,6,0,Owner: app-team,,,,DC-East,Prod-Cluster,esx-prod05.corp.example,Prod,Microsoft Windows Server 2016 or later (64-bit),Microsoft Windows Server 2022 Datacenter,vm-1175,422999bb518b2f219cf20859ee6e2e72,vcsa01.corp.example,5f3c9a8e-1b2d-4c7e-9a10-2f6b8d4e7c31
PRD-RDS-176,poweredOn,False,False,2001,D:\,767500,565998,201501,26,1,,,,,DC-East,Prod-Cluster,esx-prod05.corp.example,Prod,Microsoft Windows Server 2016 or later (64-bit),Microsoft Windows Server 2022 Datacenter,vm-1175,422999bb518b2f219cf20859ee6e2e72,vcsa01.corp.example,5f3c9a8e-1b2d-4c7e-9a10-2f6b8d4e7c31
PRD-RDS-176,poweredOn,False,False,2002,E:\,50700,33982,16717,33,2,Owner: app-team,,,,DC-East,Prod-Cluster,esx-prod05.corp.example,Prod,Microsoft Windows Server 2016 or later (64-bit),Microsoft Windows Server 2022 Datacenter,vm-1175,422999bb518b2f219cf20859ee6e2e72,vcsa01.corp.example,5f3c9a8e-1b2d-4c7e-9a10-2f6b8d4e7c31
PRD-WEB-177,poweredOn,False,False,2000,C:\,60940,47820,13119,22,0,,,,,DC-East,Prod-Cluster,esx-prod05.corp.example,Prod,Microsoft Windows Server 2016 or later (64-bit),Microsoft Windows Server 2022 Datacenter,vm-1176,42d0d4ea79928faa4cbf131d901bcdef,vcsa01.corp.example,5f3c9a8e-1b2d-4c7e-9a10-2f6b8d4e7c31
PRD-WEB-177,poweredOn,False,False,2001,D:\,255500,181353,74146,29,1,,,,,DC-East,Prod-Cluster,esx-prod05.corp.example,Prod,Microsoft Windows Server 2016 or later (64-bit),Microsoft Windows Server 2022 Datacenter,vm-1176,42d0d4ea79928faa4cbf131d901bcdef,vcsa01.corp.example,5f3c9a8e-1b2d-4c7e-9a10-2f6b8d4e7c31
PRD-WEB-177,poweredOn,False,False,2002,E:\,511500,398008,113491,22,2,,,,,DC-East,Prod-Cluster,esx-prod05.corp.example,Prod,Microsoft Windows Server 2016 or later (64-bit),Microsoft Windows Server 2022 Datacenter,vm-1176,42d0d4ea79928faa4cbf131d901bcdef,vcsa01.corp.example,5f3c9a8e-1b2d-4c7e-9a10-2f6b8d4e7c31
PRD-FS-178,poweredOn,False,False,2000,C:\,101900,43268,58631,58,0,Owner: app-team,,,,DC-East,Prod-Cluster,esx-prod05.corp.example,Prod,Microsoft Windows Server 2016 or later (64-bit),Microsoft Windows Server 2022 Datacenter,vm-1177,42a7d4cff791f1e543f9cd6b797ebe87,vcsa01.corp.example,5f3c9a8e-1b2d-4c7e-9a10-2f6b8d4e7c31
PRD-FS-178,poweredOn,False,False,2001,D:\,2047500,1457703,589796,29,1,Owner: app-team,,,,DC-East,Prod-Cluster,esx-prod05.corp.example,Prod,Microsoft Windows Server 2016 or later (64-bit),Microsoft Windows Server 2022 Datacenter,vm-1177,42a7d4cff791f1e543f9cd6b797ebe87,vcsa01.corp.example,5f3c9a8e-1b2d-4c7e-9a10-2f6b8d4e7c31
PRD-WEB-179,poweredOn,False,False,2000,C:\,81420,67282,14137,17,0,Owner: app-team,,,,DC-East,Prod-Cluster,esx-prod06.corp.example,Prod,Microsoft Windows Server 2019 (64-bit),Microsoft Windows Server 2019 Standard,vm-1178,42d756bac64c96479ea7017cb89f7039,vcsa01.corp.example,5f3c9a8e-1b2d-4c7e-9a10-2f6b8d4e7c31
PRD-APP-180,poweredOn,False,False,2000,/,60416,43487,16928,28,0,,,,,DC-East,Prod-Cluster,esx-prod05.corp.example,Prod,Ubuntu Linux (64-bit),Ubuntu 18.04.6 LTS,vm-1179,4269b7c026c432f66b352f85504e2687,vcsa01.corp.example,5f3c9a8e-1b2d-4c7e-9a10-2f6b8d4e7c31
PRD-APP-180,poweredOn,False,False,2001,/boot,1014,495,518,51,1,,,,,DC-East,Prod-Cluster,esx-prod05.corp.example,Prod,Ubuntu Linux (64-bit),Ubuntu 18.04.6 LTS,vm-1179,4269b7c026c432f66b352f85504e2687,vcsa01.corp.example,5f3c9a8e-1b2d-4c7e-9a10-2f6b8d4e7c31
PRD-APP-180,poweredOn,False,False,2002,/var,203776,34188,169587,83,2,Owner: app-team,,,,DC-East,Prod-Cluster,esx-prod05.corp.example,Prod,Ubuntu Linux (64-bit),Ubuntu 18.04.6 LTS,vm-1179,4269b7c026c432f66b352f85504e2687,vcsa01.corp.example,5f3c9a8e-1b2d-4c7e-9a10-2f6b8d4e7c31
PRD-CTX-181,poweredOn,False,False,2000,/,60416,36695,23720,39,0,,,,,DC-East,Prod-Cluster,esx-prod04.corp.example,Prod,CentOS 7 (64-bit),CentOS Linux 7 (Core),vm-1180,425336728f9646853514589084c86c46,vcsa01.corp.example,5f3c9a8e-1b2d-4c7e-9a10-2f6b8d4e7c31
PRD-CTX-181,poweredOn,False,False,2001,/boot,1014,660,353,35,1,Owner: app-team,,,,DC-East,Prod-Cluster,esx-prod04.corp.example,Prod,CentOS 7 (64-bit),CentOS Linux 7 (Core),vm-1180,425336728f9646853514589084c86c46,vcsa01.corp.example,5f3c9a8e-1b2d-4c7e-9a10-2f6b8d4e7c31
PRD-SQL-182,poweredOn,False,False,2000,C:\,40460,32847,7612,19,0,,,,,DC-East,Prod-Cluster,esx-prod02.corp.example,Prod,Microsoft Windows Server 2016 or later (64-bit),Microsoft Windows Server 2022 Datacenter,vm-1181,42b88e83de1e994ac5a11f5cad05b912,vcsa01.corp.example,5f3c9a8e-1b2d-4c7e-9a10-2f6b8d4e7c31
PRD-SQL-182,poweredOn,False,False,2001,D:\,204300,193286,11013,5,1,Owner: app-team,,,,DC-East,Prod-Cluster,esx-prod02.corp.example,Prod,Microsoft Windows Server 2016 or later (64-bit),Microsoft Windows Server 2022 Datacenter,vm-1181,42b88e83de1e994ac5a11f5cad05b912,vcsa01.corp.example,5f3c9a8e-1b2d-4c7e-9a10-2f6b8d4e7c31
PRD-CTX-183,poweredOn,False,False,2000,C:\,40460,33863,6596,16,0,,,,,DC-East,Prod-Cluster,esx-prod04.corp.example,Prod,Microsoft Windows Server 2019 (64-bit),Microsoft Windows Server 2019 Standard,vm-1182,42fb7569f910abb3f10532523990e2c9,vcsa01.corp.example,5f3c9a8e-1b2d-4c7e-9a10-2f6b8d4e7c31
PRD-CTX-183,poweredOn,False,False,2001,D:\,50700,11144,39555,78,1,,,,,DC-East,Prod-Cluster,esx-prod04.corp.example,Prod,Microsoft Windows Server 2019 (64-bit),Microsoft Windows Server 2019 Standard,vm-1182,42fb7569f910abb3f10532523990e2c9,vcsa01.corp.example,5f3c9a8e-1b2d-4c7e-9a10-2f6b8d4e7c31
PRD-CTX-183,poweredOn,False,False,2002,E:\,511500,123025,388474,76,2,,,,,DC-East,Prod-Cluster,esx-prod04.corp.example,Prod,Microsoft Windows Server 2019 (64-bit),Microsoft Windows Server 2019 Standard,vm-1182,42fb7569f910abb3f10532523990e2c9,vcsa01.corp.example,5f3c9a8e-1b2d-4c7e-9a10-2f6b8d4e7c31
PRD-RDS-184,poweredOn,False,False,2000,C:\,101900,37323,64576,63,0,,,,,DC-East,Prod-Cluster,esx-prod03.corp.example,Prod,Microsoft Windows Server 2016 (64-bit),Microsoft Windows Server 2016 Standard,vm-1183,426133a38b0e8eb1ad371d9e92cf6021,vcsa01.corp.example,5f3c9a8e-1b2d-4c7e-9a10-2f6b8d4e7c31
PRD-RDS-184,poweredOn,False,False,2001,D:\,767500,144047,623452,81,1,,,,,DC-East,Prod-Cluster,esx-prod03.corp.example,Prod,Microsoft Windows Server 2016 (64-bit),Microsoft Windows Server 2016 Standard,vm-1183,426133a38b0e8eb1ad371d9e92cf6021,vcsa01.corp.example,5f3c9a8e-1b2d-4c7e-9a10-2f6b8d4e7c31
PRD-APP-185,poweredOn,False,False,2000,C:\,40460,27671,12788,32,0,,,,,DC-East,Prod-Cluster,esx-prod03.corp.example,Prod,Microsoft Windows Server 2019 (64-bit),Microsoft Windows Server 2019 Standard,vm-1184,42bf519341a64feda7edc8d8713f8f8c,vcsa01.corp.example,5f3c9a8e-1b2d-4c7e-9a10-2f6b8d4e7c31
PRD-APP-185,poweredOn,False,False,2001,D:\,2047500,623369,1424130,70,1,,,,,DC-East,Prod-Cluster,esx-prod03.corp.example,Prod,Microsoft Windows Server 2019 (64-bit),Microsoft Windows Server 2019 Standard,vm-1184,42bf519341a64feda7edc8d8713f8f8c,vcsa01.corp.example,5f3c9a8e-1b2d-4c7e-9a10-2f6b8d4e7c31
PRD-APP-185,poweredOn,False,False,2002,E:\,255500,49182,206317,81,2,Owner: app-team,,,,DC-East,Prod-Cluster,esx-prod03.corp.example,Prod,Microsoft Windows Server 2019 (64-bit),Microsoft Windows Server 2019 Standard,vm-1184,42bf519341a64feda7edc8d8713f8f8c,vcsa01.corp.example,5f3c9a8e-1b2d-4c7e-9a10-2f6b8d4e7c31
PRD-SVC-186,poweredOn,False,False,2000,C:\,101900,86953,14946,15,0,,,,,DC-East,Prod-Cluster,esx-prod06.corp.example,Prod,Microsoft Windows Server 2019 (64-bit),Microsoft Windows Server 2019 Standard,vm-1185,42ab7a3d0cfef6833e11bafe3d4196fe,vcsa01.corp.example,5f3c9a8e-1b2d-4c7e-9a10-2f6b8d4e7c31
PRD-APP-187,poweredOn,False,False,2000,C:\,40460,32208,8251,20,0,,,,,DC-East,Prod-Cluster,esx-prod01.corp.example,Prod,Microsoft Windows Server 2016 or later (64-bit),Microsoft Windows Server 2022 Datacenter,vm-1186,42f6eab30153922123310a28c550eca8,vcsa01.corp.example,5f3c9a8e-1b2d-4c7e-9a10-2f6b8d4e7c31
PRD-APP-187,poweredOn,False,False,2001,D:\,255500,158515,96984,38,1,,,,,DC-East,Prod-Cluster,esx-prod01.corp.example,Prod,Microsoft Windows Server 2016 or later (64-bit),Microsoft Windows Server 2022 Datacenter,vm-1186,42f6eab30153922123310a28c550eca8,vcsa01.corp.example,5f3c9a8e-1b2d-4c7e-9a10-2f6b8d4e7c31
PRD-RDS-188,poweredOn,False,False,2000,C:\,40460,11949,28510,70,0,,,,,DC-East,Prod-Cluster,esx-prod04.corp.example,Prod,Microsoft Windows Server 2012 (64-bit),Microsoft Windows Server 2012 R2 Standard,vm-1187,4216e6e5c4cb294fe86e8e630f25477d,vcsa01.corp.example,5f3c9a8e-1b2d-4c7e-9a10-2f6b8d4e7c31
PRD-RDS-188,poweredOn,False,False,2001,D:\,2047500,1096424,951075,46,1,,,,,DC-East,Prod-Cluster,esx-prod04.corp.example,Prod,Microsoft Windows Server 2012 (64-bit),Microsoft Windows Server 2012 R2 Standard,vm-1187,4216e6e5c4cb294fe86e8e630f25477d,vcsa01.corp.example,5f3c9a8e-1b2d-4c7e-9a10-2f6b8d4e7c31
PRD-RDS-188,poweredOn,False,False,2002,E:\,1023500,495622,527877,52,2,,,,,DC-East,Prod-Cluster,esx-prod04.corp.example,Prod,Microsoft Windows Server 2012 (64-bit),Microsoft Windows Server 2012 R2 Standard,vm-1187,4216e6e5c4cb294fe86e8e630f25477d,vcsa01.corp.example,5f3c9a8e-1b2d-4c7e-9a10-2f6b8d4e7c31
PRD-WEB-190,poweredOn,False,False,2000,C:\,40460,6742,33717,83,0,,,,,DC-East,Prod-Cluster,esx-prod05.corp.example,Prod,Microsoft Windows Server 2016 (64-bit),Microsoft Windows Server 2016 Standard,vm-1189,427e710b8639bd418b15bd94a42d0cd7,vcsa01.corp.example,5f3c9a8e-1b2d-4c7e-9a10-2f6b8d4e7c31
PRD-WEB-190,poweredOn,False,False,2001,D:\,204300,88105,116194,57,1,Owner: app-team,,,,DC-East,Prod-Cluster,esx-prod05.corp.example,Prod,Microsoft Windows Server 2016 (64-bit),Microsoft Windows Server 2016 Standard,vm-1189,427e710b8639bd418b15bd94a42d0cd7,vcsa01.corp.example,5f3c9a8e-1b2d-4c7e-9a10-2f6b8d4e7c31
PRD-WEB-190,poweredOn,False,False,2002,E:\,50700,16199,34500,68,2,,,,,DC-East,Prod-Cluster,esx-prod05.corp.example,Prod,Microsoft Windows Server 2016 (64-bit),Microsoft Windows Server 2016 Standard,vm-1189,427e710b8639bd418b15bd94a42d0cd7,vcsa01.corp.example,5f3c9a8e-1b2d-4c7e-9a10-2f6b8d4e7c31
PRD-WEB-191,poweredOn,False,False,2000,/,60416,49134,11281,19,0,,,,,DC-East,Prod-Cluster,esx-prod02.corp.example,Prod,Red Hat Enterprise Linux 9 (64-bit),Red Hat Enterprise Linux 9.2 (Plow),vm-1190,422faabeb7f60cdf41dc1c60a5f60735,vcsa01.corp.example,5f3c9a8e-1b2d-4c7e-9a10-2f6b8d4e7c31
PRD-WEB-191,poweredOn,False,False,2001,/boot,1014,677,336,33,1,,,,,DC-East,Prod-Cluster,esx-prod02.corp.example,Prod,Red Hat Enterprise Linux 9 (64-bit),Red Hat Enterprise Linux 9.2 (Plow),vm-1190,422faabeb7f60cdf41dc1c60a5f60735,vcsa01.corp.example,5f3c9a8e-1b2d-4c7e-9a10-2f6b8d4e7c31
PRD-WEB-191,poweredOn,False,False,2002,/var,2046976,1953948,93027,5,2,,,,,DC-East,Prod-Cluster,esx-prod02.corp.example,Prod,Red Hat Enterprise Linux 9 (64-bit),Red Hat Enterprise Linux 9.2 (Plow),vm-1190,422faabeb7f60cdf41dc1c60a5f60735,vcsa01.corp.example,5f3c9a8e-1b2d-4c7e-9a10-2f6b8d4e7c31
PRD-WEB-192,poweredOn,False,False,2000,C:\,40460,31132,9327,23,0,,,,,DC-East,Prod-Cluster,esx-prod02.corp.example,Prod,Microsoft Windows Server 2012 (64-bit),Microsoft Windows Server 2012 R2 Standard,vm-1191,42669d011634725b53f3007383e96ef4,vcsa01.corp.example,5f3c9a8e-1b2d-4c7e-9a10-2f6b8d4e7c31
PRD-WEB-192,poweredOn,False,False,2001,D:\,204300,109460,94839,46,1,,,,,DC-East,Prod-Cluster,esx-prod02.corp.example,Prod,Microsoft Windows Server 2012 (64-bit),Microsoft Windows Server 2012 R2 Standard,vm-1191,42669d011634725b53f3007383e96ef4,vcsa01.corp.example,5f3c9a8e-1b2d-4c7e-9a10-2f6b8d4e7c31
PRD-SQL-193,poweredOn,False,False,2000,C:\,81420,63472,17947,22,0,,,,,DC-East,Prod-Cluster,esx-prod02.corp.example,Prod,Microsoft Windows Server 2019 (64-bit),Microsoft Windows Server 2019 Standard,vm-1192,424d4c52546252e7f43ba0524459bd6e,vcsa01.corp.example,5f3c9a8e-1b2d-4c7e-9a10-2f6b8d4e7c31
PRD-SQL-193,poweredOn,False,False,2001,D:\,767500,679335,88164,11,1,,,,,DC-East,Prod-Cluster,esx-prod02.corp.example,Prod,Microsoft Windows Server 2019 (64-bit),Microsoft Windows Server 2019 Standard,vm-1192,424d4c52546252e7f43ba0524459bd6e,vcsa01.corp.example,5f3c9a8e-1b2d-4c7e-9a10-2f6b8d4e7c31
PRD-SQL-193,poweredOn,False,False,2002,E:\,50700,28402,22297,44,2,Owner: app-team,,,,DC-East,Prod-Cluster,esx-prod02.corp.example,Prod,Microsoft Windows Server 2019 (64-bit),Microsoft Windows Server 2019 Standard,vm-1192,424d4c52546252e7f43ba0524459bd6e,vcsa01.corp.example,5f3c9a8e-1b2d-4c7e-9a10-2f6b8d4e7c31
PRD-SQL-194,poweredOn,False,False,2000,C:\,60940,55850,5089,8,0,,,,,DC-East,Prod-Cluster,esx-prod06.corp.example,Prod,Microsoft Windows Server 2019 (64-bit),Microsoft Windows Server 2019 Standard,vm-1193,4280a52eafa2855967c9620428e333b6,vcsa01.corp.example,5f3c9a8e-1b2d-4c7e-9a10-2f6b8d4e7c31
PRD-SQL-194,poweredOn,False,False,2001,D:\,1023500,891196,132303,13,1,,,,,DC-East,Prod-Cluster,esx-prod06.corp.example,Prod,Microsoft Windows Server 2019 (64-bit),Microsoft Windows Server 2019 Standard,vm-1193,4280a52eafa2855967c9620428e333b6,vcsa01.corp.example,5f3c9a8e-1b2d-4c7e-9a10-2f6b8d4e7c31
PRD-APP-195,poweredOn,False,False,2000,/,39936,20373,19562,49,0,,,,,DC-East,Prod-Cluster,esx-prod06.corp.example,Prod,Ubuntu Linux (64-bit),Ubuntu 22.04.4 LTS,vm-1194,427a6a2122319050f51594943818cfd3,vcsa01.corp.example,5f3c9a8e-1b2d-4c7e-9a10-2f6b8d4e7c31
PRD-APP-195,poweredOn,False,False,2001,/boot,1014,219,794,78,1,,,,,DC-East,Prod-Cluster,esx-prod06.corp.example,Prod,Ubuntu Linux (64-bit),Ubuntu 22.04.4 LTS,vm-1194,427a6a2122319050f51594943818cfd3,vcsa01.corp.example,5f3c9a8e-1b2d-4c7e-9a10-2f6b8d4e7c31
PRD-APP-195,poweredOn,False,False,2002,/var,510976,373050,137925,27,2,,,,,DC-East,Prod-Cluster,esx-prod06.corp.example,Prod,Ubuntu Linux (64-bit),Ubuntu 22.04.4 LTS,vm-1194,427a6a2122319050f51594943818cfd3,vcsa01.corp.example,5f3c9a8e-1b2d-4c7e-9a10-2f6b8d4e7c31
PRD-FS-196,poweredOn,False,False,2000,C:\,101900,55871,46028,45,0,,,,,DC-East,Prod-Cluster,esx-prod06.corp.example,Prod,Microsoft Windows Server 2016 (64-bit),Microsoft Windows Server 2016 Standard,vm-1195,423f59e4c3093b6e37e9d2e2d35ac07a,vcsa01.corp.example,5f3c9a8e-1b2d-4c7e-9a10-2f6b8d4e7c31
PRD-RDS-197,poweredOn,False,False,2000,C:\,101900,36790,65109,64,0,,,,,DC-East,Prod-Cluster,esx-prod05.corp.example,Prod,Microsoft Windows Server 2008 R2 (64-bit),Microsoft Windows Server 2008 R2 Enterprise,vm-1196,42816799e723ada38c32bdb2d42a895e,vcsa01.corp.example,5f3c9a8e-1b2d-4c7e-9a10-2f6b8d4e7c31
PRD-RDS-197,poweredOn,False,False,2001,D:\,204300,155162,49137,24,1,Owner: app-team,,,,DC-East,Prod-Cluster,esx-prod05.corp.example,Prod,Microsoft Windows Server 2008 R2 (64-bit),Microsoft Windows Server 2008 R2 Enterprise,vm-1196,42816799e723ada38c32bdb2d42a895e,vcsa01.corp.example,5f3c9a8e-1b2d-4c7e-9a10-2f6b8d4e7c31
PRD-SQL-198,poweredOn,False,False,2000,C:\,81420,43343,38076,47,0,,,,,DC-East,Prod-Cluster,esx-prod05.corp.example,Prod,Microsoft Windows Server 2016 or later (64-bit),Microsoft Windows Server 2022 Datacenter,vm-1197,4282a7f5e61d9cde1747f3877d23d479,vcsa01.corp.example,5f3c9a8e-1b2d-4c7e-9a10-2f6b8d4e7c31
PRD-SQL-198,poweredOn,False,False,2001,D:\,1023500,455783,567716,55,1,,,,,DC-East,Prod-Cluster,esx-prod05.corp.example,Prod,Microsoft Windows Server 2016 or later (64-bit),Microsoft Windows Server 2022 Datacenter,vm-1197,4282a7f5e61d9cde1747f3877d23d479,vcsa01.corp.example,5f3c9a8e-1b2d-4c7e-9a10-2f6b8d4e7c31
PRD-SQL-198,poweredOn,False,False,2002,E:\,767500,596266,171233,22,2,,,,,DC-East,Prod-Cluster,esx-prod05.corp.example,Prod,Microsoft Windows Server 2016 or later (64-bit),Microsoft Windows Server 2022 Datacenter,vm-1197,4282a7f5e61d9cde1747f3877d23d479,vcsa01.corp.example,5f3c9a8e-1b2d-4c7e-9a10-2f6b8d4e7c31
PRD-SQL-198,poweredOn,False,False,2003,F:\,511500,441306,70193,14,3,,,,,DC-East,Prod-Cluster,esx-prod05.corp.example,Prod,Microsoft Windows Server 2016 or later (64-bit),Microsoft Windows Server 2022 Datacenter,vm-1197,4282a7f5e61d9cde1747f3877d23d479,vcsa01.corp.example,5f3c9a8e-1b2d-4c7e-9a10-2f6b8d4e7c31
PRD-SVC-199,poweredOn,False,False,2000,C:\,81420,27605,53814,66,0,Owner: app-team,,,,DC-East,Prod-Cluster,esx-prod04.corp.example,Prod,Microsoft Windows Server 2016 or later (64-bit),Microsoft Windows Server 2022 Datacenter,vm-1198,420592bfb928e23f4ee4334ece920136,vcsa01.corp.example,5f3c9a8e-1b2d-4c7e-9a10-2f6b8d4e7c31
PRD-WEB-200,poweredOn,False,False,2000,C:\,81420,38136,43283,53,0,Owner: app-team,,,,DC-East,Prod-Cluster,esx-prod05.corp.example,Prod,Microsoft Windows Server 2019 (64-bit),Microsoft Windows Server 2019 Standard,vm-1199,42ef40d10f6ce9bffe7ee3628a89b0f0,vcsa01.corp.example,5f3c9a8e-1b2d-4c7e-9a10-2f6b8d4e7c31
PRD-SVC-202,poweredOn,False,False,2000,C:\,60940,18175,42764,70,0,Owner: app-team,,,,DC-East,Prod-Cluster,esx-prod02.corp.example,Prod,Microsoft Windows Server 2012 (64-bit),Microsoft Windows Server 2012 R2 Standard,vm-1201,422099d187623997649f7d888989c5ab,vcsa01.corp.example,5f3c9a8e-1b2d-4c7e-9a10-2f6b8d4e7c31
PRD-SVC-202,poweredOn,False,False,2001,D:\,511500,396012,115487,23,1,Owner: app-team,,,,DC-East,Prod-Cluster,esx-prod02.corp.example,Prod,Microsoft Windows Server 2012 (64-bit),Microsoft Windows Server 2012 R2 Standard,vm-1201,422099d187623997649f7d888989c5ab,vcsa01.corp.example,5f3c9a8e-1b2d-4c7e-9a10-2f6b8d4e7c31
PRD-APP-203,poweredOn,False,False,2000,C:\,60940,54216,6723,11,0,,,,,DC-East,Prod-Cluster,esx-prod03.corp.example,Prod,Microsoft Windows Server 2016 or later (64-bit),Microsoft Windows Server 2022 Datacenter,vm-1202,423f5cf23acb43a3d2c7bffb6118433b,vcsa01.corp.example,5f3c9a8e-1b2d-4c7e-9a10-2f6b8d4e7c31
PRD-APP-204,poweredOn,False,False,2000,/,60416,19597,40818,68,0,Owner: app-team,,,,DC-East,Prod-Cluster,esx-prod01.corp.example,Prod,Red Hat Enterprise Linux 9 (64-bit),Red Hat Enterprise Linux 9.2 (Plow),vm-1203,423d9c4e04015cede39836bbe23ddfaa,vcsa01.corp.example,5f3c9a8e-1b2d-4c7e-9a10-2f6b8d4e7c31
PRD-APP-204,poweredOn,False,False,2001,/boot,1014,643,370,37,1,,,,,DC-East,Prod-Cluster,esx-prod01.corp.example,Prod,Red Hat Enterprise Linux 9 (64-bit),Red Hat Enterprise Linux 9.2 (Plow),vm-1203,423d9c4e04015cede39836bbe23ddfaa,vcsa01.corp.example,5f3c9a8e-1b2d-4c7e-9a10-2f6b8d4e7c31
PRD-RDS-205,poweredOn,False,False,2000,C:\,60940,44071,16868,28,0,,,,,DC-East,Prod-Cluster,esx-prod05.corp.example,Prod,Microsoft Windows Server 2012 (64-bit),Microsoft Windows Server 2012 R2 Standard,vm-1204,428a2db23bfda8a6705fddf566fadca0,vcsa01.corp.example,5f3c9a8e-1b2d-4c7e-9a10-2f6b8d4e7c31
PRD-SVC-206,poweredOn,False,False,2000,C:\,60940,54105,6834,11,0,,,,,DC-East,Prod-Cluster,esx-prod03.corp.example,Prod,Microsoft Windows Server 2019 (64-bit),Microsoft Windows Server 2019 Standard,vm-1205,42d18183ac2b0cfcc5c51060991121e7,vcsa01.corp.example,5f3c9a8e-1b2d-4c7e-9a10-2f6b8d4e7c31
PRD-SVC-206,poweredOn,False,False,2001,D:\,511500,473517,37982,7,1,,,,,DC-East,Prod-Cluster,esx-prod03.corp.example,Prod,Microsoft Windows Server 2019 (64-bit),Microsoft Windows Server 2019 Standard,vm-1205,42d18183ac2b0cfcc5c51060991121e7,vcsa01.corp.example,5f3c9a8e-1b2d-4c7e-9a10-2f6b8d4e7c31
PRD-SVC-206,poweredOn,False,False,2002,E:\,101900,49458,52441,51,2,Owner: app-team,,,,DC-East,Prod-Cluster,esx-prod03.corp.example,Prod,Microsoft Windows Server 2019 (64-bit),Microsoft Windows Server 2019 Standard,vm-1205,42d18183ac2b0cfcc5c51060991121e7,vcsa01.corp.example,5f3c9a8e-1b2d-4c7e-9a10-2f6b8d4e7c31
PRD-SVC-206,poweredOn,False,False,2003,F:\,50700,49783,916,2,3,,,,,DC-East,Prod-Cluster,esx-prod03.corp.example,Prod,Microsoft Windows Server 2019 (64-bit),Microsoft Windows Server 2019 Standard,vm-1205,42d18183ac2b0cfcc5c51060991121e7,vcsa01.corp.example,5f3c9a8e-1b2d-4c7e-9a10-2f6b8d4e7c31
PRD-SVC-207,poweredOn,False,False,2000,C:\,40460,27175,13284,33,0,,,,,DC-East,Prod-Cluster,esx-prod02.corp.example,Prod,Microsoft Windows Server 2016 or later (64-bit),Microsoft Windows Server 2022 Datacenter,vm-1206,42e95d27bc36dc59e134edfc97777f10,vcsa01.corp.example,5f3c9a8e-1b2d-4c7e-9a10-2f6b8d4e7c31
PRD-RDS-208,poweredOn,False,False,2000,C:\,81420,27715,53704,66,0,,,,,DC-East,Prod-Cluster,esx-prod01.corp.example,Prod,Microsoft Windows 10 (64-bit),Microsoft Windows 10 Enterprise,vm-1207,426a9440b2414482519894d886433603,vcsa01.corp.example,5f3c9a8e-1b2d-4c7e-9a10-2f6b8d4e7c31
PRD-RDS-208,poweredOn,False,False,2001,D:\,50700,37347,13352,26,1,,,,,DC-East,Prod-Cluster,esx-prod01.corp.example,Prod,Microsoft Windows 10 (64-bit),Microsoft Windows 10 Enterprise,vm-1207,426a9440b2414482519894d886433603,vcsa01.corp.example,5f3c9a8e-1b2d-4c7e-9a10-2f6b8d4e7c31
PRD-RDS-208,poweredOn,False,False,2002,E:\,50700,37995,12704,25,2,Owner: app-team,,,,DC-East,Prod-Cluster,esx-prod01.corp.example,Prod,Microsoft Windows 10 (64-bit),Microsoft Windows 10 Enterprise,vm-1207,426a9440b2414482519894d886433603,vcsa01.corp.example,5f3c9a8e-1b2d-4c7e-9a10-2f6b8d4e7c31
PRD-SVC-209,poweredOn,False,False,2000,C:\,60940,18299,42640,70,0,Owner: app-team,,,,DC-East,Prod-Cluster,esx-prod04.corp.example,Prod,Microsoft Windows Server 2019 (64-bit),Microsoft Windows Server 2019 Standard,vm-1208,42ea2c7a7688d11fce4758be24f43c62,vcsa01.corp.example,5f3c9a8e-1b2d-4c7e-9a10-2f6b8d4e7c31
PRD-SVC-209,poweredOn,False,False,2001,D:\,204300,50133,154166,75,1,,,,,DC-East,Prod-Cluster,esx-prod04.corp.example,Prod,Microsoft Windows Server 2019 (64-bit),Microsoft Windows Server 2019 Standard,vm-1208,42ea2c7a7688d11fce4758be24f43c62,vcsa01.corp.example,5f3c9a8e-1b2d-4c7e-9a10-2f6b8d4e7c31
PRD-SVC-209,poweredOn,False,False,2002,E:\,204300,173722,30577,15,2,,,,,DC-East,Prod-Cluster,esx-prod04.corp.example,Prod,Microsoft Windows Server 2019 (64-bit),Microsoft Windows Server 2019 Standard,vm-1208,42ea2c7a7688d11fce4758be24f43c62,vcsa01.corp.example,5f3c9a8e-1b2d-4c7e-9a10-2f6b8d4e7c31
PRD-SVC-210,poweredOn,False,False,2000,C:\,101900,83246,18653,18,0,,,,,DC-East,Prod-Cluster,esx-prod02.corp.example,Prod,Microsoft Windows Server 2016 or later (64-bit),Microsoft Windows Server 2022 Datacenter,vm-1209,42d8ddbb73253aa3ec170298143df5b3,vcsa01.corp.example,5f3c9a8e-1b2d-4c7e-9a10-2f6b8d4e7c31
PRD-SVC-210,poweredOn,False,False,2001,D:\,255500,138540,116959,46,1,,,,,DC-East,Prod-Cluster,esx-prod02.corp.example,Prod,Microsoft Windows Server 2016 or later (64-bit),Microsoft Windows Server 2022 Datacenter,vm-1209,42d8ddbb73253aa3ec170298143df5b3,vcsa01.corp.example,5f3c9a8e-1b2d-4c7e-9a10-2f6b8d4e7c31
PRD-SVC-210,poweredOn,False,False,2002,E:\,101900,20799,81100,80,2,Owner: app-team,,,,DC-East,Prod-Cluster,esx-prod02.corp.example,Prod,Microsoft Windows Server 2016 or later (64-bit),Microsoft Windows Server 2022 Datacenter,vm-1209,42d8ddbb73253aa3ec170298143df5b3,vcsa01.corp.example,5f3c9a8e-1b2d-4c7e-9a10-2f6b8d4e7c31
PRD-WEB-211,poweredOn,False,False,2000,C:\,81420,21668,59751,73,0,,,,,DC-East,Prod-Cluster,esx-prod01.corp.example,Prod,Microsoft Windows Server 2019 (64-bit),Microsoft Windows Server 2019 Standard,vm-1210,42cdfd95302b783112a1fe7ddfa59722,vcsa01.corp.example,5f3c9a8e-1b2d-4c7e-9a10-2f6b8d4e7c31
PRD-WEB-211,poweredOn,False,False,2001,D:\,204300,126404,77895,38,1,,,,,DC-East,Prod-Cluster,esx-prod01.corp.example,Prod,Microsoft Windows Server 2019 (64-bit),Microsoft Windows Server 2019 Standard,vm-1210,42cdfd95302b783112a1fe7ddfa59722,vcsa01.corp.example,5f3c9a8e-1b2d-4c7e-9a10-2f6b8d4e7c31
PRD-WEB-211,poweredOn,False,False,2002,E:\,101900,64987,36912,36,2,Owner: app-team,,,,DC-East,Prod-Cluster,esx-prod01.corp.example,Prod,Microsoft Windows Server 2019 (64-bit),Microsoft Windows Server 2019 Standard,vm-1210,42cdfd95302b783112a1fe7ddfa59722,vcsa01.corp.example,5f3c9a8e-1b2d-4c7e-9a10-2f6b8d4e7c31
PRD-RDS-213,poweredOn,False,False,2000,C:\,40460,7012,33447,83,0,,,,,DC-East,Prod-Cluster,esx-prod02.corp.example,Prod,Microsoft Windows Server 2008 R2 (64-bit),Microsoft Windows Server 2008 R2 Enterprise,vm-1212,42c6881352555c758d55119e3d44cb2c,vcsa01.corp.example,5f3c9a8e-1b2d-4c7e-9a10-2f6b8d4e7c31
PRD-SQL-214,poweredOn,False,False,2000,C:\,60940,49669,11270,18,0,,,,,DC-East,Prod-Cluster,esx-prod03.corp.example,Prod,Microsoft Windows Server 2019 (64-bit),Microsoft Windows Server 2019 Standard,vm-1213,42783086b8f0188efb37afaecd8563ca,vcsa01.corp.example,5f3c9a8e-1b2d-4c7e-9a10-2f6b8d4e7c31
PRD-SQL-214,poweredOn,False,False,2001,D:\,204300,159602,44697,22,1,,,,,DC-East,Prod-Cluster,esx-prod03.corp.example,Prod,Microsoft Windows Server 2019 (64-bit),Microsoft Windows Server 2019 Standard,vm-1213,42783086b8f0188efb37afaecd8563ca,vcsa01.corp.example,5f3c9a8e-1b2d-4c7e-9a10-2f6b8d4e7c31
PRD-SQL-215,poweredOn,False,False,2000,C:\,81420,74776,6643,8,0,Owner: app-team,,,,DC-East,Prod-Cluster,esx-prod04.corp.example,Prod,Microsoft Windows Server 2019 (64-bit),Microsoft Windows Server 2019 Standard,vm-1214,429442b595831d58ef4c51198da5d39b,vcsa01.corp.example,5f3c9a8e-1b2d-4c7e-9a10-2f6b8d4e7c31
PRD-SQL-216,poweredOn,False,False,2000,C:\,81420,54486,26933,33,0,,,,,DC-East,Prod-Cluster,esx-prod02.corp.example,Prod,Microsoft Windows Server 2016 or later (64-bit),Microsoft Windows Server 2022 Datacenter,vm-1215,4241e02a566a9ce7af521b94f186e47a,vcsa01.corp.example,5f3c9a8e-1b2d-4c7e-9a10-2f6b8d4e7c31
PRD-SQL-216,poweredOn,False,False,2001,D:\,204300,134334,69965,34,1,,,,,DC-East,Prod-Cluster,esx-prod02.corp.example,Prod,Microsoft Windows Server 2016 or later (64-bit),Microsoft Windows Server 2022 Datacenter,vm-1215,4241e02a566a9ce7af521b94f186e47a,vcsa01.corp.example,5f3c9a8e-1b2d-4c7e-9a10-2f6b8d4e7c31
PRD-RDS-217,poweredOn,False,False,2000,C:\,81420,58464,22955,28,0,,,,,DC-East,Prod-Cluster,esx-prod04.corp.example,Prod,Microsoft Windows Server 2019 (64-bit),Microsoft Windows Server 2019 Standard,vm-1216,42eab9eb2f1dc1217d024c6d8bea75c1,vcsa01.corp.example,5f3c9a8e-1b2d-4c7e-9a10-2f6b8d4e7c31
PRD-RDS-217,poweredOn,False,False,2001,D:\,50700,47567,3132,6,1,Owner: app-team,,,,DC-East,Prod-Cluster,esx-prod04.corp.example,Prod,Microsoft Windows Server 2019 (64-bit),Microsoft Windows Server 2019 Standard,vm-1216,42eab9eb2f1dc1217d024c6d8bea75c1,vcsa01.corp.example,5f3c9a8e-1b2d-4c7e-9a10-2f6b8d4e7c31
PRD-APP-218,poweredOn,False,False,2000,/,60416,22807,37608,62,0,,,,,DC-East,Prod-Cluster,esx-prod01.corp.example,Prod,Ubuntu Linux (64-bit),Ubuntu 18.04.6 LTS,vm-1217,42a175a9d7b102a92332a50e6992896e,vcsa01.corp.example,5f3c9a8e-1b2d-4c7e-9a10-2f6b8d4e7c31
PRD-APP-218,poweredOn,False,False,2001,/boot,1014,562,451,45,1,,,,,DC-East,Prod-Cluster,esx-prod01.corp.example,Prod,Ubuntu Linux (64-bit),Ubuntu 18.04.6 LTS,vm-1217,42a175a9d7b102a92332a50e6992896e,vcsa01.corp.example,5f3c9a8e-1b2d-4c7e-9a10-2f6b8d4e7c31
PRD-APP-218,poweredOn,False,False,2002,/var,1022976,663594,359381,35,2,,,,,DC-East,Prod-Cluster,esx-prod01.corp.example,Prod,Ubuntu Linux (64-bit),Ubuntu 18.04.6 LTS,vm-1217,42a175a9d7b102a92332a50e6992896e,vcsa01.corp.example,5f3c9a8e-1b2d-4c7e-9a10-2f6b8d4e7c31
PRD-WEB-219,poweredOn,False,False,2000,C:\,81420,21286,60133,74,0,,,,,DC-East,Prod-Cluster,esx-prod05.corp.example,Prod,Microsoft Windows Server 2016 or later (64-bit),Microsoft Windows Server 2022 Datacenter,vm-1218,427bb344e9aa144b9dd43675ef145064,vcsa01.corp.example,5f3c9a8e-1b2d-4c7e-9a10-2f6b8d4e7c31
PRD-WEB-219,poweredOn,False,False,2001,D:\,1023500,949515,73984,7,1,Owner: app-team,,,,DC-East,Prod-Cluster,esx-prod05.corp.example,Prod,Microsoft Windows Server 2016 or later (64-bit),Microsoft Windows Server 2022 Datacenter,vm-1218,427bb344e9aa144b9dd43675ef145064,vcsa01.corp.example,5f3c9a8e-1b2d-4c7e-9a10-2f6b8d4e7c31
PRD-WEB-219,poweredOn,False,False,2002,E:\,255500,78985,176514,69,2,,,,,DC-East,Prod-Cluster,esx-prod05.corp.example,Prod,Microsoft Windows Server 2016 or later (64-bit),Microsoft Windows Server 2022 Datacenter,vm-1218,427bb344e9aa144b9dd43675ef145064,vcsa01.corp.example,5f3c9a8e-1b2d-4c7e-9a10-2f6b8d4e7c31
PRD-WEB-219,poweredOn,False,False,2003,F:\,204300,93339,110960,54,3,,,,,DC-East,Prod-Cluster,esx-prod05.corp.example,Prod,Microsoft Windows Server 2016 or later (64-bit),Microsoft Windows Server 2022 Datacenter,vm-1218,427bb344e9aa144b9dd43675ef145064,vcsa01.corp.example,5f3c9a8e-1b2d-4c7e-9a10-2f6b8d4e7c31
PRD-SVC-220,poweredOn,False,False,2000,C:\,101900,91548,10351,10,0,,,,,DC-East,Prod-Cluster,esx-prod04.corp.example,Prod,Microsoft Windows Server 2019 (64-bit),Microsoft Windows Server 2019 Standard,vm-1219,42d02b1280913ac10463750e49646b96,vcsa01.corp.example,5f3c9a8e-1b2d-4c7e-9a10-2f6b8d4e7c31
PRD-SVC-220,poweredOn,False,False,2001,D:\,50700,24664,26035,51,1,Owner: app-team,,,,DC-East,Prod-Cluster,esx-prod04.corp.example,Prod,Microsoft Windows Server 2019 (64-bit),Microsoft Windows Server 2019 Standard,vm-1219,42d02b1280913ac10463750e49646b96,vcsa01.corp.example,5f3c9a8e-1b2d-4c7e-9a10-2f6b8d4e7c31
DEV-APP-001,poweredOn,False,False,2000,C:\,101900,31970,69929,69,0,,,,,DC-East,Dev-Cluster,esx-dev03.corp.example,Dev,Microsoft Windows Server 2019 (64-bit),Microsoft Windows Server 2019 Standard,vm-1220,42cb80f2446f64dd5abca6e5d0b1e3eb,vcsa01.corp.example,5f3c9a8e-1b2d-4c7e-9a10-2f6b8d4e7c31
DEV-CTX-002,poweredOn,False,False,2000,/,80896,43353,37542,46,0,,,,,DC-East,Dev-Cluster,esx-dev01.corp.example,Dev,Other 3.x or later Linux (64-bit),,vm-1221,42fdde64a75b395a14a34f7fd90dd19b,vcsa01.corp.example,5f3c9a8e-1b2d-4c7e-9a10-2f6b8d4e7c31
DEV-CTX-002,poweredOn,False,False,2001,/boot,1014,268,745,74,1,Owner: app-team,,,,DC-East,Dev-Cluster,esx-dev01.corp.example,Dev,Other 3.x or later Linux (64-bit),,vm-1221,42fdde64a75b395a14a34f7fd90dd19b,vcsa01.corp.example,5f3c9a8e-1b2d-4c7e-9a10-2f6b8d4e7c31
DEV-CTX-002,poweredOn,False,False,2002,/var,254976,216247,38728,15,2,,,,,DC-East,Dev-Cluster,esx-dev01.corp.example,Dev,Other 3.x or later Linux (64-bit),,vm-1221,42fdde64a75b395a14a34f7fd90dd19b,vcsa01.corp.example,5f3c9a8e-1b2d-4c7e-9a10-2f6b8d4e7c31
DEV-FS-003,poweredOn,False,False,2000,C:\,101900,29697,72202,71,0,,,,,DC-East,Dev-Cluster,esx-dev02.corp.example,Dev,Microsoft Windows Server 2016 or later (64-bit),Microsoft Windows Server 2022 Datacenter,vm-1222,427ff6b8152aeaec2bdfcb41b3eda8f1,vcsa01.corp.example,5f3c9a8e-1b2d-4c7e-9a10-2f6b8d4e7c31
DEV-FS-003,poweredOn,False,False,2001,D:\,255500,158124,97375,38,1,,,,,DC-East,Dev-Cluster,esx-dev02.corp.example,Dev,Microsoft Windows Server 2016 or later (64-bit),Microsoft Windows Server 2022 Datacenter,vm-1222,427ff6b8152aeaec2bdfcb41b3eda8f1,vcsa01.corp.example,5f3c9a8e-1b2d-4c7e-9a10-2f6b8d4e7c31
DEV-FS-006,poweredOn,False,False,2000,C:\,60940,57596,3343,5,0,,,,,DC-East,Dev-Cluster,esx-dev01.corp.example,Dev,Microsoft Windows Server 2016 or later (64-bit),Microsoft Windows Server 2022 Datacenter,vm-1225,42e582b6ad5229dd639fc471d9750f00,vcsa01.corp.example,5f3c9a8e-1b2d-4c7e-9a10-2f6b8d4e7c31
DEV-FS-006,poweredOn,False,False,2001,D:\,1023500,294287,729212,71,1,,,,,DC-East,Dev-Cluster,esx-dev01.corp.example,Dev,Microsoft Windows Server 2016 or later (64-bit),Microsoft Windows Server 2022 Datacenter,vm-1225,42e582b6ad5229dd639fc471d9750f00,vcsa01.corp.example,5f3c9a8e-1b2d-4c7e-9a10-2f6b8d4e7c31
DEV-APP-007,poweredOn,False,False,2000,/,101376,20261,81114,80,0,,,,,DC-East,Dev-Cluster,esx-dev03.corp.example,Dev,Red Hat Enterprise Linux 8 (64-bit),Red Hat Enterprise Linux 8.8 (Ootpa),vm-1226,425731161375ee90d6b361e43b6dca0d,vcsa01.corp.example,5f3c9a8e-1b2d-4c7e-9a10-2f6b8d4e7c31
DEV-APP-007,poweredOn,False,False,2001,/boot,1014,707,306,30,1,,,,,DC-East,Dev-Cluster,esx-dev03.corp.example,Dev,Red Hat Enterprise Linux 8 (64-bit),Red Hat Enterprise Linux 8.8 (Ootpa),vm-1226,425731161375ee90d6b361e43b6dca0d,vcsa01.corp.example,5f3c9a8e-1b2d-4c7e-9a10-2f6b8d4e7c31
DEV-APP-007,poweredOn,False,False,2002,/var,2046976,542897,1504078,73,2,,,,,DC-East,Dev-Cluster,esx-dev03.corp.example,Dev,Red Hat Enterprise Linux 8 (64-bit),Red Hat Enterprise Linux 8.8 (Ootpa),vm-1226,425731161375ee90d6b361e43b6dca0d,vcsa01.corp.example,5f3c9a8e-1b2d-4c7e-9a10-2f6b8d4e7c31
DEV-APP-007,poweredOn,False,False,2003,/data,50176,30420,19755,39,3,,,,,DC-East,Dev-Cluster,esx-dev03.corp.example,Dev,Red Hat Enterprise Linux 8 (64-bit),Red Hat Enterprise Linux 8.8 (Ootpa),vm-1226,425731161375ee90d6b361e43b6dca0d,vcsa01.corp.example,5f3c9a8e-1b2d-4c7e-9a10-2f6b8d4e7c31
DEV-SQL-008,poweredOn,False,False,2000,C:\,60940,46192,14747,24,0,Owner: app-team,,,,DC-East,Dev-Cluster,esx-dev01.corp.example,Dev,Microsoft Windows Server 2012 (64-bit),Microsoft Windows Server 2012 R2 Standard,vm-1227,426e8d96601bfbcbf0eebcce8d93e14a,vcsa01.corp.example,5f3c9a8e-1b2d-4c7e-9a10-2f6b8d4e7c31
DEV-APP-009,poweredOn,False,False,2000,C:\,40460,28964,11495,28,0,Owner: app-team,,,,DC-East,Dev-Cluster,esx-dev03.corp.example,Dev,Microsoft Windows Server 2016 or later (64-bit),Microsoft Windows Server 2022 Datacenter,vm-1228,42c8ad08b630794d6147adeb277b0667,vcsa01.corp.example,5f3c9a8e-1b2d-4c7e-9a10-2f6b8d4e7c31
DEV-SQL-010,poweredOn,False,False,2000,C:\,60940,39191,21748,36,0,,,,,DC-East,Dev-Cluster,esx-dev01.corp.example,Dev,Microsoft Windows Server 2019 (64-bit),Microsoft Windows Server 2019 Standard,vm-1229,4216591c21ebfaa91a2bd69c450f69ee,vcsa01.corp.example,5f3c9a8e-1b2d-4c7e-9a10-2f6b8d4e7c31
DEV-SQL-010,poweredOn,False,False,2001,D:\,511500,431454,80045,16,1,,,,,DC-East,Dev-Cluster,esx-dev01.corp.example,Dev,Microsoft Windows Server 2019 (64-bit),Microsoft Windows Server 2019 Standard,vm-1229,4216591c21ebfaa91a2bd69c450f69ee,vcsa01.corp.example,5f3c9a8e-1b2d-4c7e-9a10-2f6b8d4e7c31
DEV-SVC-011,poweredOn,False,False,2000,C:\,101900,74288,27611,27,0,,,,,DC-East,Dev-Cluster,esx-dev02.corp.example,Dev,Microsoft Windows Server 2019 (64-bit),Microsoft Windows Server 2019 Standard,vm-1230,42530dddc8d0f9e5991965ea98d00c2c,vcsa01.corp.example,5f3c9a8e-1b2d-4c7e-9a10-2f6b8d4e7c31
DEV-SVC-011,poweredOn,False,False,2001,D:\,2047500,1427602,619897,30,1,,,,,DC-East,Dev-Cluster,esx-dev02.corp.example,Dev,Microsoft Windows Server 2019 (64-bit),Microsoft Windows Server 2019 Standard,vm-1230,42530dddc8d0f9e5991965ea98d00c2c,vcsa01.corp.example,5f3c9a8e-1b2d-4c7e-9a10-2f6b8d4e7c31
DEV-FS-012,poweredOn,False,False,2000,/,60416,52844,7571,13,0,,,,,DC-East,Dev-Cluster,esx-dev01.corp.example,Dev,Red Hat Enterprise Linux 8 (64-bit),Red Hat Enterprise Linux 8.8 (Ootpa),vm-1231,422b64776177a771af70de702b69c95e,vcsa01.corp.example,5f3c9a8e-1b2d-4c7e-9a10-2f6b8d4e7c31
DEV-FS-012,poweredOn,False,False,2001,/boot,1014,663,350,35,1,Owner: app-team,,,,DC-East,Dev-Cluster,esx-dev01.corp.example,Dev,Red Hat Enterprise Linux 8 (64-bit),Red Hat Enterprise Linux 8.8 (Ootpa),vm-1231,422b64776177a771af70de702b69c95e,vcsa01.corp.example,5f3c9a8e-1b2d-4c7e-9a10-2f6b8d4e7c31
DEV-APP-013,poweredOn,False,False,2000,C:\,81420,24659,56760,70,0,Owner: app-team,,,,DC-East,Dev-Cluster,esx-dev01.corp.example,Dev,Microsoft Windows Server 2019 (64-bit),Microsoft Windows Server 2019 Standard,vm-1232,42406f645c72aebd13b11e59c85cd714,vcsa01.corp.example,5f3c9a8e-1b2d-4c7e-9a10-2f6b8d4e7c31
DEV-CTX-014,poweredOn,False,False,2000,C:\,40460,34428,6031,15,0,,,,,DC-East,Dev-Cluster,esx-dev03.corp.example,Dev,Microsoft Windows Server 2019 (64-bit),Microsoft Windows Server 2019 Standard,vm-1233,42d773f9550c2fe9654c11d9f2e61828,vcsa01.corp.example,5f3c9a8e-1b2d-4c7e-9a10-2f6b8d4e7c31
DEV-CTX-014,poweredOn,False,False,2001,D:\,767500,246704,520795,68,1,Owner: app-team,,,,DC-East,Dev-Cluster,esx-dev03.corp.example,Dev,Microsoft Windows Server 2019 (64-bit),Microsoft Windows Server 2019 Standard,vm-1233,42d773f9550c2fe9654c11d9f2e61828,vcsa01.corp.example,5f3c9a8e-1b2d-4c7e-9a10-2f6b8d4e7c31
DEV-SQL-015,poweredOn,False,False,2000,/,39936,37087,2848,7,0,Owner: app-team,,,,DC-East,Dev-Cluster,esx-dev02.corp.example,Dev,Red Hat Enterprise Linux 9 (64-bit),Red Hat Enterprise Linux 9.2 (Plow),vm-1234,42b1feadf280df1d9a6c0db952171c88,vcsa01.corp.example,5f3c9a8e-1b2d-4c7e-9a10-2f6b8d4e7c31
DEV-SQL-015,poweredOn,False,False,2001,/boot,1014,459,554,55,1,,,,,DC-East,Dev-Cluster,esx-dev02.corp.example,Dev,Red Hat Enterprise Linux 9 (64-bit),Red Hat Enterprise Linux 9.2 (Plow),vm-1234,42b1feadf280df1d9a6c0db952171c88,vcsa01.corp.example,5f3c9a8e-1b2d-4c7e-9a10-2f6b8d4e7c31
DEV-APP-017,poweredOn,False,False,2000,C:\,81420,16222,65197,80,0,,,,,DC-East,Dev-Cluster,esx-dev03.corp.example,Dev,Microsoft Windows Server 2019 (64-bit),Microsoft Windows Server 2019 Standard,vm-1236,42ba2aa7f3f81c3106e3f9498cd34c62,vcsa01.corp.example,5f3c9a8e-1b2d-4c7e-9a10-2f6b8d4e7c31
DEV-APP-017,poweredOn,False,False,2001,D:\,767500,656363,111136,14,1,,,,,DC-East,Dev-Cluster,esx-dev03.corp.example,Dev,Microsoft Windows Server 2019 (64-bit),Microsoft Windows Server 2019 Standard,vm-1236,42ba2aa7f3f81c3106e3f9498cd34c62,vcsa01.corp.example,5f3c9a8e-1b2d-4c7e-9a10-2f6b8d4e7c31
DEV-WEB-018,poweredOn,False,False,2000,C:\,40460,7741,32718,81,0,,,,,DC-East,Dev-Cluster,esx-dev03.corp.example,Dev,Microsoft Windows Server 2019 (64-bit),Microsoft Windows Server 2019 Standard,vm-1237,4240afbf3df519674d8670bda2224f96,vcsa01.corp.example,5f3c9a8e-1b2d-4c7e-9a10-2f6b8d4e7c31
DEV-FS-019,poweredOn,False,False,2000,C:\,60940,13401,47538,78,0,,,,,DC-East,Dev-Cluster,esx-dev01.corp.example,Dev,Microsoft Windows Server 2016 or later (64-bit),Microsoft Windows Server 2022 Datacenter,vm-1238,42eb9ed2ec6a37ad81b15db988cc4d49,vcsa01.corp.example,5f3c9a8e-1b2d-4c7e-9a10-2f6b8d4e7c31
DEV-FS-019,poweredOn,False,False,2001,D:\,511500,480764,30735,6,1,Owner: app-team,,,,DC-East,Dev-Cluster,esx-dev01.corp.example,Dev,Microsoft Windows Server 2016 or later (64-bit),Microsoft Windows Server 2022 Datacenter,vm-1238,42eb9ed2ec6a37ad81b15db988cc4d49,vcsa01.corp.example,5f3c9a8e-1b2d-4c7e-9a10-2f6b8d4e7c31
DEV-SQL-020,poweredOn,False,False,2000,/,80896,52086,28809,36,0,Owner: app-team,,,,DC-East,Dev-Cluster,esx-dev03.corp.example,Dev,Ubuntu Linux (64-bit),Ubuntu 22.04.4 LTS,vm-1239,423f8c10c4da2c2e1bffa27915c1604f,vcsa01.corp.example,5f3c9a8e-1b2d-4c7e-9a10-2f6b8d4e7c31
DEV-SQL-020,poweredOn,False,False,2001,/boot,1014,655,358,35,1,,,,,DC-East,Dev-Cluster,esx-dev03.corp.example,Dev,Ubuntu Linux (64-bit),Ubuntu 22.04.4 LTS,vm-1239,423f8c10c4da2c2e1bffa27915c1604f,vcsa01.corp.example,5f3c9a8e-1b2d-4c7e-9a10-2f6b8d4e7c31
DEV-SQL-020,poweredOn,False,False,2002,/var,101376,56089,45286,45,2,,,,,DC-East,Dev-Cluster,esx-dev03.corp.example,Dev,Ubuntu Linux (64-bit),Ubuntu 22.04.4 LTS,vm-1239,423f8c10c4da2c2e1bffa27915c1604f,vcsa01.corp.example,5f3c9a8e-1b2d-4c7e-9a10-2f6b8d4e7c31
DEV-SQL-020,poweredOn,False,False,2003,/data,254976,223444,31531,12,3,Owner: app-team,,,,DC-East,Dev-Cluster,esx-dev03.corp.example,Dev,Ubuntu Linux (64-bit),Ubuntu 22.04.4 LTS,vm-1239,423f8c10c4da2c2e1bffa27915c1604f,vcsa01.corp.example,5f3c9a8e-1b2d-4c7e-9a10-2f6b8d4e7c31
DEV-CTX-021,poweredOn,False,False,2000,C:\,60940,12658,48281,79,0,,,,,DC-East,Dev-Cluster,esx-dev01.corp.example,Dev,Microsoft Windows Server 2016 (64-bit),Microsoft Windows Server 2016 Standard,vm-1240,42f7393654e38579c0afd193f780ef2f,vcsa01.corp.example,5f3c9a8e-1b2d-4c7e-9a10-2f6b8d4e7c31
DEV-CTX-021,poweredOn,False,False,2001,D:\,2047500,439331,1608168,79,1,,,,,DC-East,Dev-Cluster,esx-dev01.corp.example,Dev,Microsoft Windows Server 2016 (64-bit),Microsoft Windows Server 2016 Standard,vm-1240,42f7393654e38579c0afd193f780ef2f,vcsa01.corp.example,5f3c9a8e-1b2d-4c7e-9a10-2f6b8d4e7c31
DEV-WEB-022,poweredOn,False,False,2000,C:\,81420,76016,5403,7,0,,,,,DC-East,Dev-Cluster,esx-dev01.corp.example,Dev,Microsoft Windows Server 2016 (64-bit),Microsoft Windows Server 2016 Standard,vm-1241,425fc64c721e8b1f389589399342a09f,vcsa01.corp.example,5f3c9a8e-1b2d-4c7e-9a10-2f6b8d4e7c31
DEV-WEB-022,poweredOn,False,False,2001,D:\,2047500,341425,1706074,83,1,,,,,DC-East,Dev-Cluster,esx-dev01.corp.example,Dev,Microsoft Windows Server 2016 (64-bit),Microsoft Windows Server 2016 Standard,vm-1241,425fc64c721e8b1f389589399342a09f,vcsa01.corp.example,5f3c9a8e-1b2d-4c7e-9a10-2f6b8d4e7c31
DEV-WEB-022,poweredOn,False,False,2002,E:\,204300,50991,153308,75,2,Owner: app-team,,,,DC-East,Dev-Cluster,esx-dev01.corp.example,Dev,Microsoft Windows Server 2016 (64-bit),Microsoft Windows Server 2016 Standard,vm-1241,425fc64c721e8b1f389589399342a09f,vcsa01.corp.example,5f3c9a8e-1b2d-4c7e-9a10-2f6b8d4e7c31
DEV-SVC-023,poweredOn,False,False,2000,C:\,81420,16594,64825,80,0,,,,,DC-East,Dev-Cluster,esx-dev01.corp.example,Dev,Microsoft Windows Server 2016 or later (64-bit),Microsoft Windows Server 2022 Datacenter,vm-1242,4215fa94f633cc2deba900e16a7d5d96,vcsa01.corp.example,5f3c9a8e-1b2d-4c7e-9a10-2f6b8d4e7c31
DEV-SVC-023,poweredOn,False,False,2001,D:\,2047500,1409908,637591,31,1,,,,,DC-East,Dev-Cluster,esx-dev01.corp.example,Dev,Microsoft Windows Server 2016 or later (64-bit),Microsoft Windows Server 2022 Datacenter,vm-1242,4215fa94f633cc2deba900e16a7d5d96,vcsa01.corp.example,5f3c9a8e-1b2d-4c7e-9a10-2f6b8d4e7c31
DEV-WEB-024,poweredOn,False,False,2000,C:\,81420,45113,36306,45,0,Owner: app-team,,,,DC-East,Dev-Cluster,esx-dev02.corp.example,Dev,Microsoft Windows Server 2016 or later (64-bit),Microsoft Windows Server 2022 Datacenter,vm-1243,42b8d498702ba49f18fdd2b979e5c9aa,vcsa01.corp.example,5f3c9a8e-1b2d-4c7e-9a10-2f6b8d4e7c31
DEV-APP-025,poweredOn,False,False,2000,C:\,40460,32474,7985,20,0,Owner: app-team,,,,DC-East,Dev-Cluster,esx-dev03.corp.example,Dev,Microsoft Windows Server 2019 (64-bit),Microsoft Windows Server 2019 Standard,vm-1244,42fbe0e6ee0f65a82a131c1fccd015c1,vcsa01.corp.example,5f3c9a8e-1b2d-4c7e-9a10-2f6b8d4e7c31
DEV-APP-025,poweredOn,False,False,2001,D:\,2047500,1294245,753254,37,1,,,,,DC-East,Dev-Cluster,esx-dev03.corp.example,Dev,Microsoft Windows Server 2019 (64-bit),Microsoft Windows Server 2019 Standard,vm-1244,42fbe0e6ee0f65a82a131c1fccd015c1,vcsa01.corp.example,5f3c9a8e-1b2d-4c7e-9a10-2f6b8d4e7c31
DEV-APP-026,poweredOn,False,False,2000,C:\,81420,69023,12396,15,0,,,,,DC-East,Dev-Cluster,esx-dev02.corp.example,Dev,Microsoft Windows Server 2016 (64-bit),Microsoft Windows Server 2016 Standard,vm-1245,42a3f66c2fb70dab2f383b43a137f8e4,vcsa01.corp.example,5f3c9a8e-1b2d-4c7e-9a10-2f6b8d4e7c31
DEV-APP-026,poweredOn,False,False,2001,D:\,1023500,390985,632514,62,1,,,,,DC-East,Dev-Cluster,esx-dev02.corp.example,Dev,Microsoft Windows Server 2016 (64-bit),Microsoft Windows Server 2016 Standard,vm-1245,42a3f66c2fb70dab2f383b43a137f8e4,vcsa01.corp.example,5f3c9a8e-1b2d-4c7e-9a10-2f6b8d4e7c31
DEV-APP-026,poweredOn,False,False,2002,E:\,2047500,1931511,115988,6,2,,,,,DC-East,Dev-Cluster,esx-dev02.corp.example,Dev,Microsoft Windows Server 2016 (64-bit),Microsoft Windows Server 2016 Standard,vm-1245,42a3f66c2fb70dab2f383b43a137f8e4,vcsa01.corp.example,5f3c9a8e-1b2d-4c7e-9a10-2f6b8d4e7c31
DEV-CTX-027,poweredOn,False,False,2000,C:\,81420,60969,20450,25,0,,,,,DC-East,Dev-Cluster,esx-dev01.corp.example,Dev,Microsoft Windows Server 2016 or later (64-bit),Microsoft Windows Server 2022 Datacenter,vm-1246,42c0986747419b4834ae4abd36fce0ac,vcsa01.corp.example,5f3c9a8e-1b2d-4c7e-9a10-2f6b8d4e7c31
DEV-CTX-027,poweredOn,False,False,2001,D:\,1023500,410629,612870,60,1,,,,,DC-East,Dev-Cluster,esx-dev01.corp.example,Dev,Microsoft Windows Server 2016 or later (64-bit),Microsoft Windows Server 2022 Datacenter,vm-1246,42c0986747419b4834ae4abd36fce0ac,vcsa01.corp.example,5f3c9a8e-1b2d-4c7e-9a10-2f6b8d4e7c31
DEV-APP-028,poweredOn,False,False,2000,C:\,40460,8404,32055,79,0,,,,,DC-East,Dev-Cluster,esx-dev03.corp.example,Dev,Microsoft Windows Server 2019 (64-bit),Microsoft Windows Server 2019 Standard,vm-1247,427d4ed2dcd5bfaeabb316a743299780,vcsa01.corp.example,5f3c9a8e-1b2d-4c7e-9a10-2f6b8d4e7c31
DEV-APP-028,poweredOn,False,False,2001,D:\,511500,94580,416919,82,1,,,,,DC-East,Dev-Cluster,esx-dev03.corp.example,Dev,Microsoft Windows Server 2019 (64-bit),Microsoft Windows Server 2019 Standard,vm-1247,427d4ed2dcd5bfaeabb316a743299780,vcsa01.corp.example,5f3c9a8e-1b2d-4c7e-9a10-2f6b8d4e7c31
DEV-APP-028,poweredOn,False,False,2002,E:\,101900,62753,39146,38,2,Owner: app-team,,,,DC-East,Dev-Cluster,esx-dev03.corp.example,Dev,Microsoft Windows Server 2019 (64-bit),Microsoft Windows Server 2019 Standard,vm-1247,427d4ed2dcd5bfaeabb316a743299780,vcsa01.corp.example,5f3c9a8e-1b2d-4c7e-9a10-2f6b8d4e7c31
DEV-FS-029,poweredOn,False,False,2000,C:\,101900,23169,78730,77,0,Owner: app-team,,,,DC-East,Dev-Cluster,esx-dev03.corp.example,Dev,Microsoft Windows Server 2016 or later (64-bit),Microsoft Windows Server 2022 Datacenter,vm-1248,42d051262c2ac34b9e0b7b01753659ef,vcsa01.corp.example,5f3c9a8e-1b2d-4c7e-9a10-2f6b8d4e7c31
DEV-CTX-030,poweredOn,False,False,2000,C:\,81420,60031,21388,26,0,,,,,DC-East,Dev-Cluster,esx-dev03.corp.example,Dev,Microsoft Windows Server 2019 (64-bit),Microsoft Windows Server 2019 Standard,vm-1249,425f90fc2edc017e1df05d184e2d6255,vcsa01.corp.example,5f3c9a8e-1b2d-4c7e-9a10-2f6b8d4e7c31
DEV-CTX-030,poweredOn,False,False,2001,D:\,2047500,1394867,652632,32,1,Owner: app-team,,,,DC-East,Dev-Cluster,esx-dev03.corp.example,Dev,Microsoft Windows Server 2019 (64-bit),Microsoft Windows Server 2019 Standard,vm-1249,425f90fc2edc017e1df05d184e2d6255,vcsa01.corp.example,5f3c9a8e-1b2d-4c7e-9a10-2f6b8d4e7c31
DEV-CTX-031,poweredOn,False,False,2000,C:\,60940,30864,30075,49,0,Owner: app-team,,,,DC-East,Dev-Cluster,esx-dev01.corp.example,Dev,Microsoft Windows Server 2016 (64-bit),Microsoft Windows Server 2016 Standard,vm-1250,42a52fc3eb4e2281b184d1fc8991b01a,vcsa01.corp.example,5f3c9a8e-1b2d-4c7e-9a10-2f6b8d4e7c31
DEV-RDS-032,poweredOn,False,False,2000,C:\,101900,43339,58560,57,0,Owner: app-team,,,,DC-East,Dev-Cluster,esx-dev02.corp.example,Dev,Microsoft Windows Server 2019 (64-bit),Microsoft Windows Server 2019 Standard,vm-1251,4202740ff3abea0d5be9fdb3dd92dd7c,vcsa01.corp.example,5f3c9a8e-1b2d-4c7e-9a10-2f6b8d4e7c31
DEV-RDS-032,poweredOn,False,False,2001,D:\,511500,99999,411500,80,1,,,,,DC-East,Dev-Cluster,esx-dev02.corp.example,Dev,Microsoft Windows Server 2019 (64-bit),Microsoft Windows Server 2019 Standard,vm-1251,4202740ff3abea0d5be9fdb3dd92dd7c,vcsa01.corp.example,5f3c9a8e-1b2d-4c7e-9a10-2f6b8d4e7c31
DEV-RDS-032,poweredOn,False,False,2002,E:\,767500,375118,392381,51,2,,,,,DC-East,Dev-Cluster,esx-dev02.corp.example,Dev,Microsoft Windows Server 2019 (64-bit),Microsoft Windows Server 2019 Standard,vm-1251,4202740ff3abea0d5be9fdb3dd92dd7c,vcsa01.corp.example,5f3c9a8e-1b2d-4c7e-9a10-2f6b8d4e7c31
DEV-SVC-033,poweredOn,False,False,2000,C:\,101900,86564,15335,15,0,Owner: app-team,,,,DC-East,Dev-Cluster,esx-dev03.corp.example,Dev,Microsoft Windows Server 2016 (64-bit),Microsoft Windows Server 2016 Standard,vm-1252,422ad11f7d1b695e71a0449dd703262f,vcsa01.corp.example,5f3c9a8e-1b2d-4c7e-9a10-2f6b8d4e7c31
DEV-APP-034,poweredOn,False,False,2000,C:\,60940,18191,42748,70,0,Owner: app-team,,,,DC-East,Dev-Cluster,esx-dev02.corp.example,Dev,Microsoft Windows Server 2019 (64-bit),Microsoft Windows Server 2019 Standard,vm-1253,42c4134dc5c5ae8abe15ad1290ce77e9,vcsa01.corp.example,5f3c9a8e-1b2d-4c7e-9a10-2f6b8d4e7c31
DEV-APP-035,poweredOn,False,False,2000,/,101376,72167,29208,29,0,Owner: app-team,,,,DC-East,Dev-Cluster,esx-dev02.corp.example,Dev,Red Hat Enterprise Linux 8 (64-bit),Red Hat Enterprise Linux 8.8 (Ootpa),vm-1254,4270fd66b80f16c5c28fa16b0aa6fcb9,vcsa01.corp.example,5f3c9a8e-1b2d-4c7e-9a10-2f6b8d4e7c31
DEV-APP-035,poweredOn,False,False,2001,/boot,1014,353,660,65,1,,,,,DC-East,Dev-Cluster,esx-dev02.corp.example,Dev,Red Hat Enterprise Linux 8 (64-bit),Red Hat Enterprise Linux 8.8 (Ootpa),vm-1254,4270fd66b80f16c5c28fa16b0aa6fcb9,vcsa01.corp.example,5f3c9a8e-1b2d-4c7e-9a10-2f6b8d4e7c31
DEV-APP-035,poweredOn,False,False,2002,/var,101376,66793,34582,34,2,Owner: app-team,,,,DC-East,Dev-Cluster,esx-dev02.corp.example,Dev,Red Hat Enterprise Linux 8 (64-bit),Red Hat Enterprise Linux 8.8 (Ootpa),vm-1254,4270fd66b80f16c5c28fa16b0aa6fcb9,vcsa01.corp.example,5f3c9a8e-1b2d-4c7e-9a10-2f6b8d4e7c31
DEV-APP-035,poweredOn,False,False,2003,/data,101376,91678,9697,10,3,,,,,DC-East,Dev-Cluster,esx-dev02.corp.example,Dev,Red Hat Enterprise Linux 8 (64-bit),Red Hat Enterprise Linux 8.8 (Ootpa),vm-1254,4270fd66b80f16c5c28fa16b0aa6fcb9,vcsa01.corp.example,5f3c9a8e-1b2d-4c7e-9a10-2f6b8d4e7c31
DEV-WEB-036,poweredOn,False,False,2000,/,80896,75544,5351,7,0,,,,,DC-East,Dev-Cluster,esx-dev02.corp.example,Dev,CentOS 7 (64-bit),CentOS Linux 7 (Core),vm-1255,427066e2164484a0d1151fffdcb91d5f,vcsa01.corp.example,5f3c9a8e-1b2d-4c7e-9a10-2f6b8d4e7c31
DEV-WEB-036,poweredOn,False,False,2001,/boot,1014,459,554,55,1,Owner: app-team,,,,DC-East,Dev-Cluster,esx-dev02.corp.example,Dev,CentOS 7 (64-bit),CentOS Linux 7 (Core),vm-1255,427066e2164484a0d1151fffdcb91d5f,vcsa01.corp.example,5f3c9a8e-1b2d-4c7e-9a10-2f6b8d4e7c31
DEV-CTX-037,poweredOn,False,False,2000,C:\,81420,26455,54964,68,0,,,,,DC-East,Dev-Cluster,esx-dev03.corp.example,Dev,Microsoft Windows Server 2016 or later (64-bit),Microsoft Windows Server 2022 Datacenter,vm-1256,42c8ebe223a4e70e9dbc15c02a7dc57c,vcsa01.corp.example,5f3c9a8e-1b2d-4c7e-9a10-2f6b8d4e7c31
DEV-CTX-037,poweredOn,False,False,2001,D:\,255500,81123,174376,68,1,,,,,DC-East,Dev-Cluster,esx-dev03.corp.example,Dev,Microsoft Windows Server 2016 or later (64-bit),Microsoft Windows Server 2022 Datacenter,vm-1256,42c8ebe223a4e70e9dbc15c02a7dc57c,vcsa01.corp.example,5f3c9a8e-1b2d-4c7e-9a10-2f6b8d4e7c31
DEV-CTX-037,poweredOn,False,False,2002,E:\,255500,52778,202721,79,2,Owner: app-team,,,,DC-East,Dev-Cluster,esx-dev03.corp.example,Dev,Microsoft Windows Server 2016 or later (64-bit),Microsoft Windows Server 2022 Datacenter,vm-1256,42c8ebe223a4e70e9dbc15c02a7dc57c,vcsa01.corp.example,5f3c9a8e-1b2d-4c7e-9a10-2f6b8d4e7c31
DEV-SQL-038,poweredOn,False,False,2000,C:\,40460,38285,2174,5,0,,,,,DC-East,Dev-Cluster,esx-dev03.corp.example,Dev,Microsoft Windows Server 2016 or later (64-bit),Microsoft Windows Server 2022 Datacenter,vm-1257,42929ecc4a11be444aea1b8fb43cde0a,vcsa01.corp.example,5f3c9a8e-1b2d-4c7e-9a10-2f6b8d4e7c31
DEV-SQL-040,poweredOn,False,False,2000,/,101376,30544,70831,70,0,,,,,DC-East,Dev-Cluster,esx-dev01.corp.example,Dev,Red Hat Enterprise Linux 8 (64-bit),Red Hat Enterprise Linux 8.8 (Ootpa),vm-1259,42a0b85744caa5a2a1e518a293d228d4,vcsa01.corp.example,5f3c9a8e-1b2d-4c7e-9a10-2f6b8d4e7c31
DEV-SQL-040,poweredOn,False,False,2001,/boot,1014,691,322,32,1,,,,,DC-East,Dev-Cluster,esx-dev01.corp.example,Dev,Red Hat Enterprise Linux 8 (64-bit),Red Hat Enterprise Linux 8.8 (Ootpa),vm-1259,42a0b85744caa5a2a1e518a293d228d4,vcsa01.corp.example,5f3c9a8e-1b2d-4c7e-9a10-2f6b8d4e7c31
DEV-SQL-040,poweredOn,False,False,2002,/var,510976,501181,9794,2,2,,,,,DC-East,Dev-Cluster,esx-dev01.corp.example,Dev,Red Hat Enterprise Linux 8 (64-bit),Red Hat Enterprise Linux 8.8 (Ootpa),vm-1259,42a0b85744caa5a2a1e518a293d228d4,vcsa01.corp.example,5f3c9a8e-1b2d-4c7e-9a10-2f6b8d4e7c31
DEV-APP-041,poweredOn,False,False,2000,C:\,101900,18803,83096,82,0,Owner: app-team,,,,DC-East,Dev-Cluster,esx-dev02.corp.example,Dev,Microsoft Windows Server 2016 (64-bit),Microsoft Windows Server 2016 Standard,vm-1260,4200a21394fb09f053c93ae77cf07bb3,vcsa01.corp.example,5f3c9a8e-1b2d-4c7e-9a10-2f6b8d4e7c31
DEV-APP-041,poweredOn,False,False,2001,D:\,255500,141957,113542,44,1,,,,,DC-East,Dev-Cluster,esx-dev02.corp.example,Dev,Microsoft Windows Server 2016 (64-bit),Microsoft Windows Server 2016 Standard,vm-1260,4200a21394fb09f053c93ae77cf07bb3,vcsa01.corp.example,5f3c9a8e-1b2d-4c7e-9a10-2f6b8d4e7c31
DEV-RDS-042,poweredOn,False,False,2000,C:\,101900,82185,19714,19,0,Owner: app-team,,,,DC-East,Dev-Cluster,esx-dev03.corp.example,Dev,Microsoft Windows Server 2012 (64-bit),Microsoft Windows Server 2012 R2 Standard,vm-1261,426dfd17f7d7465d37c3b3c965d0b517,vcsa01.corp.example,5f3c9a8e-1b2d-4c7e-9a10-2f6b8d4e7c31
DEV-RDS-042,poweredOn,False,False,2001,D:\,2047500,1124249,923250,45,1,Owner: app-team,,,,DC-East,Dev-Cluster,esx-dev03.corp.example,Dev,Microsoft Windows Server 2012 (64-bit),Microsoft Windows Server 2012 R2 Standard,vm-1261,426dfd17f7d7465d37c3b3c965d0b517,vcsa01.corp.example,5f3c9a8e-1b2d-4c7e-9a10-2f6b8d4e7c31
DEV-WEB-043,poweredOn,False,False,2000,C:\,81420,32299,49120,60,0,,,,,DC-East,Dev-Cluster,esx-dev02.corp.example,Dev,Microsoft Windows Server 2016 (64-bit),Microsoft Windows Server 2016 Standard,vm-1262,42aebbb9e4e751de57ff51d9c9ce44bd,vcsa01.corp.example,5f3c9a8e-1b2d-4c7e-9a10-2f6b8d4e7c31
DEV-WEB-043,poweredOn,False,False,2001,D:\,50700,28252,22447,44,1,,,,,DC-East,Dev-Cluster,esx-dev02.corp.example,Dev,Microsoft Windows Server 2016 (64-bit),Microsoft Windows Server 2016 Standard,vm-1262,42aebbb9e4e751de57ff51d9c9ce44bd,vcsa01.corp.example,5f3c9a8e-1b2d-4c7e-9a10-2f6b8d4e7c31
DEV-WEB-043,poweredOn,False,False,2002,E:\,2047500,1485977,561522,27,2,,,,,DC-East,Dev-Cluster,esx-dev02.corp.example,Dev,Microsoft Windows Server 2016 (64-bit),Microsoft Windows Server 2016 Standard,vm-1262,42aebbb9e4e751de57ff51d9c9ce44bd,vcsa01.corp.example,5f3c9a8e-1b2d-4c7e-9a10-2f6b8d4e7c31
DEV-RDS-044,poweredOn,False,False,2000,C:\,81420,71434,9985,12,0,,,,,DC-East,Dev-Cluster,esx-dev01.corp.example,Dev,Microsoft Windows Server 2019 (64-bit),Microsoft Windows Server 2019 Standard,vm-1263,4233cb206d84414df54191eafde91c42,vcsa01.corp.example,5f3c9a8e-1b2d-4c7e-9a10-2f6b8d4e7c31
DEV-RDS-044,poweredOn,False,False,2001,D:\,767500,507113,260386,34,1,,,,,DC-East,Dev-Cluster,esx-dev01.corp.example,Dev,Microsoft Windows Server 2019 (64-bit),Microsoft Windows Server 2019 Standard,vm-1263,4233cb206d84414df54191eafde91c42,vcsa01.corp.example,5f3c9a8e-1b2d-4c7e-9a10-2f6b8d4e7c31
DEV-APP-045,poweredOn,False,False,2000,C:\,81420,24941,56478,69,0,,,,,DC-East,Dev-Cluster,esx-dev02.corp.example,Dev,Microsoft Windows Server 2019 (64-bit),Microsoft Windows Server 2019 Standard,vm-1264,422a5fdaa61f0b96e75f745aaa1d3fc6,vcsa01.corp.example,5f3c9a8e-1b2d-4c7e-9a10-2f6b8d4e7c31
DEV-APP-045,poweredOn,False,False,2001,D:\,50700,24926,25773,51,1,,,,,DC-East,Dev-Cluster,esx-dev02.corp.example,Dev,Microsoft Windows Server 2019 (64-bit),Microsoft Windows Server 2019 Standard,vm-1264,422a5fdaa61f0b96e75f745aaa1d3fc6,vcsa01.corp.example,5f3c9a8e-1b2d-4c7e-9a10-2f6b8d4e7c31
DEV-WEB-046,poweredOn,False,False,2000,C:\,101900,17660,84239,83,0,,,,,DC-East,Dev-Cluster,esx-dev02.corp.example,Dev,Microsoft Windows Server 2012 (64-bit),Microsoft Windows Server 2012 R2 Standard,vm-1265,4297fb6121f89d0613f3cade7a10013f,vcsa01.corp.example,5f3c9a8e-1b2d-4c7e-9a10-2f6b8d4e7c31
DEV-WEB-046,poweredOn,False,False,2001,D:\,50700,25387,25312,50,1,Owner: app-team,,,,DC-East,Dev-Cluster,esx-dev02.corp.example,Dev,Microsoft Windows Server 2012 (64-bit),Microsoft Windows Server 2012 R2 Standard,vm-1265,4297fb6121f89d0613f3cade7a10013f,vcsa01.corp.example,5f3c9a8e-1b2d-4c7e-9a10-2f6b8d4e7c31
DEV-WEB-046,poweredOn,False,False,2002,E:\,767500,187806,579693,76,2,,,,,DC-East,Dev-Cluster,esx-dev02.corp.example,Dev,Microsoft Windows Server 2012 (64-bit),Microsoft Windows Server 2012 R2 Standard,vm-1265,4297fb6121f89d0613f3cade7a10013f,vcsa01.corp.example,5f3c9a8e-1b2d-4c7e-9a10-2f6b8d4e7c31
DEV-WEB-046,poweredOn,False,False,2003,F:\,255500,84121,171378,67,3,Owner: app-team,,,,DC-East,Dev-Cluster,esx-dev02.corp.example,Dev,Microsoft Windows Server 2012 (64-bit),Microsoft Windows Server 2012 R2 Standard,vm-1265,4297fb6121f89d0613f3cade7a10013f,vcsa01.corp.example,5f3c9a8e-1b2d-4c7e-9a10-2f6b8d4e7c31
DEV-APP-047,poweredOn,False,False,2000,C:\,101900,63910,37989,37,0,,,,,DC-East,Dev-Cluster,esx-dev03.corp.example,Dev,Microsoft Windows Server 2016 or later (64-bit),Microsoft Windows Server 2022 Datacenter,vm-1266,426210de3a9c43081221cddf7a4a902f,vcsa01.corp.example,5f3c9a8e-1b2d-4c7e-9a10-2f6b8d4e7c31
DEV-APP-047,poweredOn,False,False,2001,D:\,511500,244868,266631,52,1,,,,,DC-East,Dev-Cluster,esx-dev03.corp.example,Dev,Microsoft Windows Server 2016 or later (64-bit),Microsoft Windows Server 2022 Datacenter,vm-1266,426210de3a9c43081221cddf7a4a902f,vcsa01.corp.example,5f3c9a8e-1b2d-4c7e-9a10-2f6b8d4e7c31
DEV-SQL-048,poweredOn,False,False,2000,/,80896,25477,55418,69,0,,,,,DC-East,Dev-Cluster,esx-dev02.corp.example,Dev,CentOS 7 (64-bit),CentOS Linux 7 (Core),vm-1267,42a43e552215df00dfdf0e05c0cef31b,vcsa01.corp.example,5f3c9a8e-1b2d-4c7e-9a10-2f6b8d4e7c31
DEV-SQL-048,poweredOn,False,False,2001,/boot,1014,342,671,66,1,Owner: app-team,,,,DC-East,Dev-Cluster,esx-dev02.corp.example,Dev,CentOS 7 (64-bit),CentOS Linux 7 (Core),vm-1267,42a43e552215df00dfdf0e05c0cef31b,vcsa01.corp.example,5f3c9a8e-1b2d-4c7e-9a10-2f6b8d4e7c31
DEV-CTX-049,poweredOn,False,False,2000,C:\,81420,39795,41624,51,0,,,,,DC-East,Dev-Cluster,esx-dev01.corp.example,Dev,Microsoft Windows Server 2012 (64-bit),Microsoft Windows Server 2012 R2 Standard,vm-1268,4226c074bf8e8bfaa0c9da72368acd40,vcsa01.corp.example,5f3c9a8e-1b2d-4c7e-9a10-2f6b8d4e7c31
DEV-CTX-049,poweredOn,False,False,2001,D:\,767500,164773,602726,79,1,,,,,DC-East,Dev-Cluster,esx-dev01.corp.example,Dev,Microsoft Windows Server 2012 (64-bit),Microsoft Windows Server 2012 R2 Standard,vm-1268,4226c074bf8e8bfaa0c9da72368acd40,vcsa01.corp.example,5f3c9a8e-1b2d-4c7e-9a10-2f6b8d4e7c31
DEV-WEB-050,poweredOn,False,False,2000,/,60416,43203,17212,28,0,,,,,DC-East,Dev-Cluster,esx-dev01.corp.example,Dev,Ubuntu Linux (64-bit),Ubuntu 22.04.4 LTS,vm-1269,426dec6bf69777a159fe3d53624fea4b,vcsa01.corp.example,5f3c9a8e-1b2d-4c7e-9a10-2f6b8d4e7c31
DEV-WEB-050,poweredOn,False,False,2001,/boot,1014,604,409,40,1,,,,,DC-East,Dev-Cluster,esx-dev01.corp.example,Dev,Ubuntu Linux (64-bit),Ubuntu 22.04.4 LTS,vm-1269,426dec6bf69777a159fe3d53624fea4b,vcsa01.corp.example,5f3c9a8e-1b2d-4c7e-9a10-2f6b8d4e7c31
DEV-APP-051,poweredOn,False,False,2000,C:\,40460,30493,9966,25,0,,,,,DC-East,Dev-Cluster,esx-dev01.corp.example,Dev,Microsoft Windows Server 2016 (64-bit),Microsoft Windows Server 2016 Standard,vm-1270,42d90f7406ddf6cab0c30a59f0f7ad22,vcsa01.corp.example,5f3c9a8e-1b2d-4c7e-9a10-2f6b8d4e7c31
DEV-APP-051,poweredOn,False,False,2001,D:\,1023500,532308,491191,48,1,,,,,DC-East,Dev-Cluster,esx-dev01.corp.example,Dev,Microsoft Windows Server 2016 (64-bit),Microsoft Windows Server 2016 Standard,vm-1270,42d90f7406ddf6cab0c30a59f0f7ad22,vcsa01.corp.example,5f3c9a8e-1b2d-4c7e-9a10-2f6b8d4e7c31
DEV-APP-051,poweredOn,False,False,2002,E:\,101900,27780,74119,73,2,,,,,DC-East,Dev-Cluster,esx-dev01.corp.example,Dev,Microsoft Windows Server 2016 (64-bit),Microsoft Windows Server 2016 Standard,vm-1270,42d90f7406ddf6cab0c30a59f0f7ad22,vcsa01.corp.example,5f3c9a8e-1b2d-4c7e-9a10-2f6b8d4e7c31
DEV-CTX-052,poweredOn,False,False,2000,C:\,40460,23555,16904,42,0,,,,,DC-East,Dev-Cluster,esx-dev03.corp.example,Dev,Microsoft Windows Server 2019 (64-bit),Microsoft Windows Server 2019 Standard,vm-1271,42f4655acb35097ae5dd98f1c8a738ab,vcsa01.corp.example,5f3c9a8e-1b2d-4c7e-9a10-2f6b8d4e7c31
DEV-CTX-052,poweredOn,False,False,2001,D:\,255500,173395,82104,32,1,,,,,DC-East,Dev-Cluster,esx-dev03.corp.example,Dev,Microsoft Windows Server 2019 (64-bit),Microsoft Windows Server 2019 Standard,vm-1271,42f4655acb35097ae5dd98f1c8a738ab,vcsa01.corp.example,5f3c9a8e-1b2d-4c7e-9a10-2f6b8d4e7c31
DEV-CTX-052,poweredOn,False,False,2002,E:\,204300,103827,100472,49,2,Owner: app-team,,,,DC-East,Dev-Cluster,esx-dev03.corp.example,Dev,Microsoft Windows Server 2019 (64-bit),Microsoft Windows Server 2019 Standard,vm-1271,42f4655acb35097ae5dd98f1c8a738ab,vcsa01.corp.example,5f3c9a8e-1b2d-4c7e-9a10-2f6b8d4e7c31
DEV-SVC-054,poweredOn,False,False,2000,C:\,60940,47868,13071,21,0,Owner: app-team,,,,DC-East,Dev-Cluster,esx-dev03.corp.example,Dev,Microsoft Windows Server 2019 (64-bit),Microsoft Windows Server 2019 Standard,vm-1273,42373aed431e930f0387f74d1149d096,vcsa01.corp.example,5f3c9a8e-1b2d-4c7e-9a10-2f6b8d4e7c31
DEV-WEB-055,poweredOn,False,False,2000,C:\,40460,36251,4208,10,0,,,,,DC-East,Dev-Cluster,esx-dev03.corp.example,Dev,Microsoft Windows Server 2008 R2 (64-bit),Microsoft Windows Server 2008 R2 Enterprise,vm-1274,4289a3c8895c4fdea3fa40691519fd38,vcsa01.corp.example,5f3c9a8e-1b2d-4c7e-9a10-2f6b8d4e7c31
DEV-WEB-055,poweredOn,False,False,2001,D:\,255500,221930,33569,13,1,,,,,DC-East,Dev-Cluster,esx-dev03.corp.example,Dev,Microsoft Windows Server 2008 R2 (64-bit),Microsoft Windows Server 2008 R2 Enterprise,vm-1274,4289a3c8895c4fdea3fa40691519fd38,vcsa01.corp.example,5f3c9a8e-1b2d-4c7e-9a10-2f6b8d4e7c31
DEV-WEB-055,poweredOn,False,False,2002,E:\,767500,485057,282442,37,2,,,,,DC-East,Dev-Cluster,esx-dev03.corp.example,Dev,Microsoft Windows Server 2008 R2 (64-bit),Microsoft Windows Server 2008 R2 Enterprise,vm-1274,4289a3c8895c4fdea3fa40691519fd38,vcsa01.corp.example,5f3c9a8e-1b2d-4c7e-9a10-2f6b8d4e7c31
DEV-APP-056,poweredOn,False,False,2000,/,60416,54091,6324,10,0,,,,,DC-East,Dev-Cluster,esx-dev03.corp.example,Dev,Ubuntu Linux (64-bit),Ubuntu 22.04.4 LTS,vm-1275,42d5a386c362a810a2611b8d9620bee6,vcsa01.corp.example,5f3c9a8e-1b2d-4c7e-9a10-2f6b8d4e7c31
DEV-APP-056,poweredOn,False,False,2001,/boot,1014,575,438,43,1,,,,,DC-East,Dev-Cluster,esx-dev03.corp.example,Dev,Ubuntu Linux (64-bit),Ubuntu 22.04.4 LTS,vm-1275,42d5a386c362a810a2611b8d9620bee6,vcsa01.corp.example,5f3c9a8e-1b2d-4c7e-9a10-2f6b8d4e7c31
DEV-APP-056,poweredOn,False,False,2002,/var,1022976,663722,359253,35,2,,,,,DC-East,Dev-Cluster,esx-dev03.corp.example,Dev,Ubuntu Linux (64-bit),Ubuntu 22.04.4 LTS,vm-1275,42d5a386c362a810a2611b8d9620bee6,vcsa01.corp.example,5f3c9a8e-1b2d-4c7e-9a10-2f6b8d4e7c31
DEV-FS-057,poweredOn,False,False,2000,/,39936,10170,29765,75,0,,,,,DC-East,Dev-Cluster,esx-dev03.corp.example,Dev,SUSE Linux Enterprise 15 (64-bit),SUSE Linux Enterprise Server 15 SP5,vm-1276,4274102d1db14bfc6f3a5115ecb4678c,vcsa01.corp.example,5f3c9a8e-1b2d-4c7e-9a10-2f6b8d4e7c31
DEV-FS-057,poweredOn,False,False,2001,/boot,1014,661,352,35,1,,,,,DC-East,Dev-Cluster,esx-dev03.corp.example,Dev,SUSE Linux Enterprise 15 (64-bit),SUSE Linux Enterprise Server 15 SP5,vm-1276,4274102d1db14bfc6f3a5115ecb4678c,vcsa01.corp.example,5f3c9a8e-1b2d-4c7e-9a10-2f6b8d4e7c31
DEV-FS-057,poweredOn,False,False,2002,/var,50176,40243,9932,20,2,,,,,DC-East,Dev-Cluster,esx-dev03.corp.example,Dev,SUSE Linux Enterprise 15 (64-bit),SUSE Linux Enterprise Server 15 SP5,vm-1276,4274102d1db14bfc6f3a5115ecb4678c,vcsa01.corp.example,5f3c9a8e-1b2d-4c7e-9a10-2f6b8d4e7c31
DEV-APP-058,poweredOn,False,False,2000,C:\,40460,33881,6578,16,0,,,,,DC-East,Dev-Cluster,esx-dev01.corp.example,Dev,Microsoft Windows Server 2019 (64-bit),Microsoft Windows Server 2019 Standard,vm-1277,428468b785e3ade558c1aad6f3f8dea4,vcsa01.corp.example,5f3c9a8e-1b2d-4c7e-9a10-2f6b8d4e7c31
DEV-APP-058,poweredOn,False,False,2001,D:\,1023500,946525,76974,8,1,Owner: app-team,,,,DC-East,Dev-Cluster,esx-dev01.corp.example,Dev,Microsoft Windows Server 2019 (64-bit),Microsoft Windows Server 2019 Standard,vm-1277,428468b785e3ade558c1aad6f3f8dea4,vcsa01.corp.example,5f3c9a8e-1b2d-4c7e-9a10-2f6b8d4e7c31
DEV-SQL-059,poweredOn,False,False,2000,/,39936,11503,28432,71,0,Owner: app-team,,,,DC-East,Dev-Cluster,esx-dev01.corp.example,Dev,Red Hat Enterprise Linux 8 (64-bit),Red Hat Enterprise Linux 8.8 (Ootpa),vm-1278,426de837ce9e9ebd55c348530783e43c,vcsa01.corp.example,5f3c9a8e-1b2d-4c7e-9a10-2f6b8d4e7c31
DEV-SQL-059,poweredOn,False,False,2001,/boot,1014,507,506,50,1,,,,,DC-East,Dev-Cluster,esx-dev01.corp.example,Dev,Red Hat Enterprise Linux 8 (64-bit),Red Hat Enterprise Linux 8.8 (Ootpa),vm-1278,426de837ce9e9ebd55c348530783e43c,vcsa01.corp.example,5f3c9a8e-1b2d-4c7e-9a10-2f6b8d4e7c31
DEV-CTX-060,poweredOn,False,False,2000,C:\,60940,59575,1364,2,0,,,,,DC-East,Dev-Cluster,esx-dev03.corp.example,Dev,Microsoft Windows Server 2019 (64-bit),Microsoft Windows Server 2019 Standard,vm-1279,422ab8bd911f730bdbff00b07fe670f3,vcsa01.corp.example,5f3c9a8e-1b2d-4c7e-9a10-2f6b8d4e7c31
DEV-CTX-060,poweredOn,False,False,2001,D:\,511500,450749,60750,12,1,,,,,DC-East,Dev-Cluster,esx-dev03.corp.example,Dev,Microsoft Windows Server 2019 (64-bit),Microsoft Windows Server 2019 Standard,vm-1279,422ab8bd911f730bdbff00b07fe670f3,vcsa01.corp.example,5f3c9a8e-1b2d-4c7e-9a10-2f6b8d4e7c31
DEV-CTX-060,poweredOn,False,False,2002,E:\,204300,71507,132792,65,2,,,,,DC-East,Dev-Cluster,esx-dev03.corp.example,Dev,Microsoft Windows Server 2019 (64-bit),Microsoft Windows Server 2019 Standard,vm-1279,422ab8bd911f730bdbff00b07fe670f3,vcsa01.corp.example,5f3c9a8e-1b2d-4c7e-9a10-2f6b8d4e7c31
DEV-CTX-061,poweredOn,False,False,2000,/,101376,26531,74844,74,0,,,,,DC-East,Dev-Cluster,esx-dev03.corp.example,Dev,Red Hat Enterprise Linux 8 (64-bit),Red Hat Enterprise Linux 8.8 (Ootpa),vm-1280,423e9aec03254fbddce8e1c5dbd30aec,vcsa01.corp.example,5f3c9a8e-1b2d-4c7e-9a10-2f6b8d4e7c31
DEV-CTX-061,poweredOn,False,False,2001,/boot,1014,321,692,68,1,,,,,DC-East,Dev-Cluster,esx-dev03.corp.example,Dev,Red Hat Enterprise Linux 8 (64-bit),Red Hat Enterprise Linux 8.8 (Ootpa),vm-1280,423e9aec03254fbddce8e1c5dbd30aec,vcsa01.corp.example,5f3c9a8e-1b2d-4c7e-9a10-2f6b8d4e7c31
DEV-CTX-061,poweredOn,False,False,2002,/var,254976,139604,115371,45,2,,,,,DC-East,Dev-Cluster,esx-dev03.corp.example,Dev,Red Hat Enterprise Linux 8 (64-bit),Red Hat Enterprise Linux 8.8 (Ootpa),vm-1280,423e9aec03254fbddce8e1c5dbd30aec,vcsa01.corp.example,5f3c9a8e-1b2d-4c7e-9a10-2f6b8d4e7c31
DEV-APP-062,poweredOn,False,False,2000,/,39936,37244,2691,7,0,,,,,DC-East,Dev-Cluster,esx-dev01.corp.example,Dev,Ubuntu Linux (64-bit),Ubuntu 22.04.4 LTS,vm-1281,426b5bc9a7dc2bc0bd9c4693b6ca1127,vcsa01.corp.example,5f3c9a8e-1b2d-4c7e-9a10-2f6b8d4e7c31
DEV-APP-062,poweredOn,False,False,2001,/boot,1014,402,611,60,1,,,,,DC-East,Dev-Cluster,esx-dev01.corp.example,Dev,Ubuntu Linux (64-bit),Ubuntu 22.04.4 LTS,vm-1281,426b5bc9a7dc2bc0bd9c4693b6ca1127,vcsa01.corp.example,5f3c9a8e-1b2d-4c7e-9a10-2f6b8d4e7c31
DEV-APP-062,poweredOn,False,False,2002,/var,1022976,791012,231963,23,2,Owner: app-team,,,,DC-East,Dev-Cluster,esx-dev01.corp.example,Dev,Ubuntu Linux (64-bit),Ubuntu 22.04.4 LTS,vm-1281,426b5bc9a7dc2bc0bd9c4693b6ca1127,vcsa01.corp.example,5f3c9a8e-1b2d-4c7e-9a10-2f6b8d4e7c31
DEV-APP-062,poweredOn,False,False,2003,/data,101376,77145,24230,24,3,Owner: app-team,,,,DC-East,Dev-Cluster,esx-dev01.corp.example,Dev,Ubuntu Linux (64-bit),Ubuntu 22.04.4 LTS,vm-1281,426b5bc9a7dc2bc0bd9c4693b6ca1127,vcsa01.corp.example,5f3c9a8e-1b2d-4c7e-9a10-2f6b8d4e7c31
DEV-SQL-063,poweredOn,False,False,2000,/,39936,7944,31991,80,0,Owner: app-team,,,,DC-East,Dev-Cluster,esx-dev02.corp.example,Dev,Red Hat Enterprise Linux 9 (64-bit),Red Hat Enterprise Linux 9.2 (Plow),vm-1282,422de9820d7bec04e6e59b32ac5f12ef,vcsa01.corp.example,5f3c9a8e-1b2d-4c7e-9a10-2f6b8d4e7c31
DEV-SQL-063,poweredOn,False,False,2001,/boot,1014,454,559,55,1,Owner: app-team,,,,DC-East,Dev-Cluster,esx-dev02.corp.example,Dev,Red Hat Enterprise Linux 9 (64-bit),Red Hat Enterprise Linux 9.2 (Plow),vm-1282,422de9820d7bec04e6e59b32ac5f12ef,vcsa01.corp.example,5f3c9a8e-1b2d-4c7e-9a10-2f6b8d4e7c31
DEV-APP-064,poweredOn,False,False,2000,/,39936,8737,31198,78,0,,,,,DC-East,Dev-Cluster,esx-dev02.corp.example,Dev,CentOS 7 (64-bit),CentOS Linux 7 (Core),vm-1283,42335f2f5e717fca020a449774ed5145,vcsa01.corp.example,5f3c9a8e-1b2d-4c7e-9a10-2f6b8d4e7c31
DEV-APP-064,poweredOn,False,False,2001,/boot,1014,300,713,70,1,,,,,DC-East,Dev-Cluster,esx-dev02.corp.example,Dev,CentOS 7 (64-bit),CentOS Linux 7 (Core),vm-1283,42335f2f5e717fca020a449774ed5145,vcsa01.corp.example,5f3c9a8e-1b2d-4c7e-9a10-2f6b8d4e7c31
DEV-APP-066,poweredOn,False,False,2000,C:\,60940,32228,28711,47,0,,,,,DC-East,Dev-Cluster,esx-dev02.corp.example,Dev,Microsoft Windows Server 2019 (64-bit),Microsoft Windows Server 2019 Standard,vm-1285,42f374190274ce40e09016b6b186a5a8,vcsa01.corp.example,5f3c9a8e-1b2d-4c7e-9a10-2f6b8d4e7c31
DEV-APP-066,poweredOn,False,False,2001,D:\,511500,333829,177670,35,1,,,,,DC-East,Dev-Cluster,esx-dev02.corp.example,Dev,Microsoft Windows Server 2019 (64-bit),Microsoft Windows Server 2019 Standard,vm-1285,42f374190274ce40e09016b6b186a5a8,vcsa01.corp.example,5f3c9a8e-1b2d-4c7e-9a10-2f6b8d4e7c31
DEV-WEB-067,poweredOn,False,False,2000,C:\,60940,19836,41103,67,0,Owner: app-team,,,,DC-East,Dev-Cluster,esx-dev01.corp.example,Dev,Microsoft Windows Server 2019 (64-bit),Microsoft Windows Server 2019 Standard,vm-1286,42247296ff38b918f8f9a45d0f554896,vcsa01.corp.example,5f3c9a8e-1b2d-4c7e-9a10-2f6b8d4e7c31
DEV-CTX-069,poweredOn,False,False,2000,C:\,81420,65539,15880,20,0,Owner: app-team,,,,DC-East,Dev-Cluster,esx-dev03.corp.example,Dev,Microsoft Windows Server 2019 (64-bit),Microsoft Windows Server 2019 Standard,vm-1288,42ed111550a46c85d9d57b0242d04d55,vcsa01.corp.example,5f3c9a8e-1b2d-4c7e-9a10-2f6b8d4e7c31
DEV-CTX-069,poweredOn,False,False,2001,D:\,511500,368149,143350,28,1,,,,,DC-East,Dev-Cluster,esx-dev03.corp.example,Dev,Microsoft Windows Server 2019 (64-bit),Microsoft Windows Server 2019 Standard,vm-1288,42ed111550a46c85d9d57b0242d04d55,vcsa01.corp.example,5f3c9a8e-1b2d-4c7e-9a10-2f6b8d4e7c31
DEV-SQL-070,poweredOn,False,False,2000,C:\,101900,32406,69493,68,0,Owner: app-team,,,,DC-East,Dev-Cluster,esx-dev02.corp.example,Dev,Microsoft Windows Server 2019 (64-bit),Microsoft Windows Server 2019 Standard,vm-1289,4227c8fc1be5a4c395af6d0cc5285425,vcsa01.corp.example,5f3c9a8e-1b2d-4c7e-9a10-2f6b8d4e7c31
DEV-FS-071,poweredOn,False,False,2000,C:\,40460,16923,23536,58,0,Owner: app-team,,,,DC-East,Dev-Cluster,esx-dev01.corp.example,Dev,Microsoft Windows Server 2016 (64-bit),Microsoft Windows Server 2016 Standard,vm-1290,421725d21eb2a7b8da3c45ca43d78f2b,vcsa01.corp.example,5f3c9a8e-1b2d-4c7e-9a10-2f6b8d4e7c31
DEV-CTX-072,poweredOn,False,False,2000,C:\,60940,39309,21630,35,0,Owner: app-team,,,,DC-East,Dev-Cluster,esx-dev01.corp.example,Dev,Microsoft Windows Server 2019 (64-bit),Microsoft Windows Server 2019 Standard,vm-1291,426570465b11f51ff7e9101d3f8b4433,vcsa01.corp.example,5f3c9a8e-1b2d-4c7e-9a10-2f6b8d4e7c31
DEV-CTX-072,poweredOn,False,False,2001,D:\,255500,125971,129528,51,1,,,,,DC-East,Dev-Cluster,esx-dev01.corp.example,Dev,Microsoft Windows Server 2019 (64-bit),Microsoft Windows Server 2019 Standard,vm-1291,426570465b11f51ff7e9101d3f8b4433,vcsa01.corp.example,5f3c9a8e-1b2d-4c7e-9a10-2f6b8d4e7c31
DEV-CTX-072,poweredOn,False,False,2002,E:\,255500,134112,121387,48,2,Owner: app-team,,,,DC-East,Dev-Cluster,esx-dev01.corp.example,Dev,Microsoft Windows Server 2019 (64-bit),Microsoft Windows Server 2019 Standard,vm-1291,426570465b11f51ff7e9101d3f8b4433,vcsa01.corp.example,5f3c9a8e-1b2d-4c7e-9a10-2f6b8d4e7c31
DEV-APP-073,poweredOn,False,False,2000,/,39936,9872,30063,75,0,Owner: app-team,,,,DC-East,Dev-Cluster,esx-dev01.corp.example,Dev,SUSE Linux Enterprise 15 (64-bit),SUSE Linux Enterprise Server 15 SP5,vm-1292,421a16997648776e183fea703ff6579e,vcsa01.corp.example,5f3c9a8e-1b2d-4c7e-9a10-2f6b8d4e7c31
DEV-APP-073,poweredOn,False,False,2001,/boot,1014,328,685,68,1,,,,,DC-East,Dev-Cluster,esx-dev01.corp.example,Dev,SUSE Linux Enterprise 15 (64-bit),SUSE Linux Enterprise Server 15 SP5,vm-1292,421a16997648776e183fea703ff6579e,vcsa01.corp.example,5f3c9a8e-1b2d-4c7e-9a10-2f6b8d4e7c31
DEV-APP-074,poweredOn,False,False,2000,C:\,101900,24575,77324,76,0,,,,,DC-East,Dev-Cluster,esx-dev01.corp.example,Dev,Microsoft Windows Server 2019 (64-bit),Microsoft Windows Server 2019 Standard,vm-1293,4295132c15839b99a50a13dcf004e897,vcsa01.corp.example,5f3c9a8e-1b2d-4c7e-9a10-2f6b8d4e7c31
DEV-APP-075,poweredOn,False,False,2000,/,39936,22274,17661,44,0,Owner: app-team,,,,DC-East,Dev-Cluster,esx-dev01.corp.example,Dev,Ubuntu Linux (64-bit),Ubuntu 22.04.4 LTS,vm-1294,4254e074cf133b65d450afa2d8e70aeb,vcsa01.corp.example,5f3c9a8e-1b2d-4c7e-9a10-2f6b8d4e7c31
DEV-APP-075,poweredOn,False,False,2001,/boot,1014,403,610,60,1,,,,,DC-East,Dev-Cluster,esx-dev01.corp.example,Dev,Ubuntu Linux (64-bit),Ubuntu 22.04.4 LTS,vm-1294,4254e074cf133b65d450afa2d8e70aeb,vcsa01.corp.example,5f3c9a8e-1b2d-4c7e-9a10-2f6b8d4e7c31
DEV-CTX-076,poweredOn,False,False,2000,/,101376,42254,59121,58,0,,,,,DC-East,Dev-Cluster,esx-dev02.corp.example,Dev,Red Hat Enterprise Linux 9 (64-bit),Red Hat Enterprise Linux 9.2 (Plow),vm-1295,425a9c062c3d17e26d39da75aee70ab2,vcsa01.corp.example,5f3c9a8e-1b2d-4c7e-9a10-2f6b8d4e7c31
DEV-CTX-076,poweredOn,False,False,2001,/boot,1014,267,746,74,1,Owner: app-team,,,,DC-East,Dev-Cluster,esx-dev02.corp.example,Dev,Red Hat Enterprise Linux 9 (64-bit),Red Hat Enterprise Linux 9.2 (Plow),vm-1295,425a9c062c3d17e26d39da75aee70ab2,vcsa01.corp.example,5f3c9a8e-1b2d-4c7e-9a10-2f6b8d4e7c31
DEV-RDS-077,poweredOn,False,False,2000,C:\,81420,55354,26065,32,0,,,,,DC-East,Dev-Cluster,esx-dev01.corp.example,Dev,Microsoft Windows Server 2019 (64-bit),Microsoft Windows Server 2019 Standard,vm-1296,42e1fdc6697852217fb75c574b8c031f,vcsa01.corp.example,5f3c9a8e-1b2d-4c7e-9a10-2f6b8d4e7c31
DEV-RDS-077,poweredOn,False,False,2001,D:\,511500,153586,357913,70,1,Owner: app-team,,,,DC-East,Dev-Cluster,esx-dev01.corp.example,Dev,Microsoft Windows Server 2019 (64-bit),Microsoft Windows Server 2019 Standard,vm-1296,42e1fdc6697852217fb75c574b8c031f,vcsa01.corp.example,5f3c9a8e-1b2d-4c7e-9a10-2f6b8d4e7c31
DEV-FS-078,poweredOn,False,False,2000,C:\,81420,33974,47445,58,0,,,,,DC-East,Dev-Cluster,esx-dev01.corp.example,Dev,Microsoft Windows Server 2016 or later (64-bit),Microsoft Windows Server 2022 Datacenter,vm-1297,42cb7b0b8b2d158acd5ae324fe7c80e9,vcsa01.corp.example,5f3c9a8e-1b2d-4c7e-9a10-2f6b8d4e7c31
DEV-FS-078,poweredOn,False,False,2001,D:\,101900,44825,57074,56,1,,,,,DC-East,Dev-Cluster,esx-dev01.corp.example,Dev,Microsoft Windows Server 2016 or later (64-bit),Microsoft Windows Server 2022 Datacenter,vm-1297,42cb7b0b8b2d158acd5ae324fe7c80e9,vcsa01.corp.example,5f3c9a8e-1b2d-4c7e-9a10-2f6b8d4e7c31
DEV-FS-078,poweredOn,False,False,2002,E:\,511500,280164,231335,45,2,,,,,DC-East,Dev-Cluster,esx-dev01.corp.example,Dev,Microsoft Windows Server 2016 or later (64-bit),Microsoft Windows Server 2022 Datacenter,vm-1297,42cb7b0b8b2d158acd5ae324fe7c80e9,vcsa01.corp.example,5f3c9a8e-1b2d-4c7e-9a10-2f6b8d4e7c31
DEV-FS-078,poweredOn,False,False,2003,F:\,511500,281338,230161,45,3,,,,,DC-East,Dev-Cluster,esx-dev01.corp.example,Dev,Microsoft Windows Server 2016 or later (64-bit),Microsoft Windows Server 2022 Datacenter,vm-1297,42cb7b0b8b2d158acd5ae324fe7c80e9,vcsa01.corp.example,5f3c9a8e-1b2d-4c7e-9a10-2f6b8d4e7c31
DEV-RDS-079,poweredOn,False,False,2000,/,80896,37906,42989,53,0,,,,,DC-East,Dev-Cluster,esx-dev03.corp.example,Dev,Red Hat Enterprise Linux 8 (64-bit),Red Hat Enterprise Linux 8.8 (Ootpa),vm-1298,4206ac102e0869c1453b45fe636cf499,vcsa01.corp.example,5f3c9a8e-1b2d-4c7e-9a10-2f6b8d4e7c31
DEV-RDS-079,poweredOn,False,False,2001,/boot,1014,435,578,57,1,,,,,DC-East,Dev-Cluster,esx-dev03.corp.example,Dev,Red Hat Enterprise Linux 8 (64-bit),Red Hat Enterprise Linux 8.8 (Ootpa),vm-1298,4206ac102e0869c1453b45fe636cf499,vcsa01.corp.example,5f3c9a8e-1b2d-4c7e-9a10-2f6b8d4e7c31
DEV-WEB-080,poweredOn,False,False,2000,/,60416,31812,28603,47,0,,,,,DC-East,Dev-Cluster,esx-dev01.corp.example,Dev,Red Hat Enterprise Linux 9 (64-bit),Red Hat Enterprise Linux 9.2 (Plow),vm-1299,42f956be3b964c74ffe6299495804c2a,vcsa01.corp.example,5f3c9a8e-1b2d-4c7e-9a10-2f6b8d4e7c31
DEV-WEB-080,poweredOn,False,False,2001,/boot,1014,694,319,31,1,Owner: app-team,,,,DC-East,Dev-Cluster,esx-dev01.corp.example,Dev,Red Hat Enterprise Linux 9 (64-bit),Red Hat Enterprise Linux 9.2 (Plow),vm-1299,42f956be3b964c74ffe6299495804c2a,vcsa01.corp.example,5f3c9a8e-1b2d-4c7e-9a10-2f6b8d4e7c31
DEV-WEB-080,poweredOn,False,False,2002,/var,50176,23214,26961,54,2,,,,,DC-East,Dev-Cluster,esx-dev01.corp.example,Dev,Red Hat Enterprise Linux 9 (64-bit),Red Hat Enterprise Linux 9.2 (Plow),vm-1299,42f956be3b964c74ffe6299495804c2a,vcsa01.corp.example,5f3c9a8e-1b2d-4c7e-9a10-2f6b8d4e7c31
DEV-WEB-080,poweredOn,False,False,2003,/data,2046976,1614474,432501,21,3,,,,,DC-East,Dev-Cluster,esx-dev01.corp.example,Dev,Red Hat Enterprise Linux 9 (64-bit),Red Hat Enterprise Linux 9.2 (Plow),vm-1299,42f956be3b964c74ffe6299495804c2a,vcsa01.corp.example,5f3c9a8e-1b2d-4c7e-9a10-2f6b8d4e7c31
DEV-WEB-081,poweredOn,False,False,2000,/,80896,17261,63634,79,0,,,,,DC-East,Dev-Cluster,esx-dev03.corp.example,Dev,Red Hat Enterprise Linux 9 (64-bit),Red Hat Enterprise Linux 9.2 (Plow),vm-1300,42d8b48e93608edf382b5b86f2a32efd,vcsa01.corp.example,5f3c9a8e-1b2d-4c7e-9a10-2f6b8d4e7c31
DEV-WEB-081,poweredOn,False,False,2001,/boot,1014,323,690,68,1,,,,,DC-East,Dev-Cluster,esx-dev03.corp.example,Dev,Red Hat Enterprise Linux 9 (64-bit),Red Hat Enterprise Linux 9.2 (Plow),vm-1300,42d8b48e93608edf382b5b86f2a32efd,vcsa01.corp.example,5f3c9a8e-1b2d-4c7e-9a10-2f6b8d4e7c31
DEV-WEB-083,poweredOn,False,False,2000,C:\,40460,32595,7864,19,0,,,,,DC-East,Dev-Cluster,esx-dev02.corp.example,Dev,Microsoft Windows Server 2016 (64-bit),Microsoft Windows Server 2016 Standard,vm-1302,423803dc9a0692953b8d34470e61065f,vcsa01.corp.example,5f3c9a8e-1b2d-4c7e-9a10-2f6b8d4e7c31
DEV-WEB-083,poweredOn,False,False,2001,D:\,101900,40389,61510,60,1,Owner: app-team,,,,DC-East,Dev-Cluster,esx-dev02.corp.example,Dev,Microsoft Windows Server 2016 (64-bit),Microsoft Windows Server 2016 Standard,vm-1302,423803dc9a0692953b8d34470e61065f,vcsa01.corp.example,5f3c9a8e-1b2d-4c7e-9a10-2f6b8d4e7c31
DEV-APP-085,poweredOn,False,False,2000,/,101376,48692,52683,52,0,,,,,DC-East,Dev-Cluster,esx-dev01.corp.example,Dev,CentOS 7 (64-bit),CentOS Linux 7 (Core),vm-1304,429605306545c030a981fa54f121e129,vcsa01.corp.example,5f3c9a8e-1b2d-4c7e-9a10-2f6b8d4e7c31
DEV-APP-085,poweredOn,False,False,2001,/boot,1014,390,623,61,1,,,,,DC-East,Dev-Cluster,esx-dev01.corp.example,Dev,CentOS 7 (64-bit),CentOS Linux 7 (Core),vm-1304,429605306545c030a981fa54f121e129,vcsa01.corp.example,5f3c9a8e-1b2d-4c7e-9a10-2f6b8d4e7c31
DEV-APP-085,poweredOn,False,False,2002,/var,50176,11746,38429,77,2,,,,,DC-East,Dev-Cluster,esx-dev01.corp.example,Dev,CentOS 7 (64-bit),CentOS Linux 7 (Core),vm-1304,429605306545c030a981fa54f121e129,vcsa01.corp.example,5f3c9a8e-1b2d-4c7e-9a10-2f6b8d4e7c31
DEV-APP-086,poweredOn,False,False,2000,/,39936,29932,10003,25,0,Owner: app-team,,,,DC-East,Dev-Cluster,esx-dev03.corp.example,Dev,Ubuntu Linux (64-bit),Ubuntu 18.04.6 LTS,vm-1305,428fddbef7ff88d4b509f08a2c988bca,vcsa01.corp.example,5f3c9a8e-1b2d-4c7e-9a10-2f6b8d4e7c31
DEV-APP-086,poweredOn,False,False,2001,/boot,1014,360,653,64,1,Owner: app-team,,,,DC-East,Dev-Cluster,esx-dev03.corp.example,Dev,Ubuntu Linux (64-bit),Ubuntu 18.04.6 LTS,vm-1305,428fddbef7ff88d4b509f08a2c988bca,vcsa01.corp.example,5f3c9a8e-1b2d-4c7e-9a10-2f6b8d4e7c31
DEV-CTX-087,poweredOn,False,False,2000,C:\,81420,25061,56358,69,0,Owner: app-team,,,,DC-East,Dev-Cluster,esx-dev01.corp.example,Dev,Microsoft Windows Server 2016 or later (64-bit),Microsoft Windows Server 2022 Datacenter,vm-1306,42b3b6d3f2e3c6f00075d3d5ba94aa66,vcsa01.corp.example,5f3c9a8e-1b2d-4c7e-9a10-2f6b8d4e7c31
DEV-APP-088,poweredOn,False,False,2000,C:\,60940,29055,31884,52,0,Owner: app-team,,,,DC-East,Dev-Cluster,esx-dev03.corp.example,Dev,Microsoft Windows Server 2016 or later (64-bit),Microsoft Windows Server 2022 Datacenter,vm-1307,422401347f05fbf5efcac5771aa6f7cb,vcsa01.corp.example,5f3c9a8e-1b2d-4c7e-9a10-2f6b8d4e7c31
DEV-SQL-089,poweredOn,False,False,2000,C:\,101900,45587,56312,55,0,,,,,DC-East,Dev-Cluster,esx-dev01.corp.example,Dev,Microsoft Windows Server 2012 (64-bit),Microsoft Windows Server 2012 R2 Standard,vm-1308,4202ead2725656e355f3ad50e2fbb984,vcsa01.corp.example,5f3c9a8e-1b2d-4c7e-9a10-2f6b8d4e7c31
DEV-SQL-089,poweredOn,False,False,2001,D:\,50700,13653,37046,73,1,,,,,DC-East,Dev-Cluster,esx-dev01.corp.example,Dev,Microsoft Windows Server 2012 (64-bit),Microsoft Windows Server 2012 R2 Standard,vm-1308,4202ead2725656e355f3ad50e2fbb984,vcsa01.corp.example,5f3c9a8e-1b2d-4c7e-9a10-2f6b8d4e7c31
DEV-SQL-089,poweredOn,False,False,2002,E:\,255500,196007,59492,23,2,Owner: app-team,,,,DC-East,Dev-Cluster,esx-dev01.corp.example,Dev,Microsoft Windows Server 2012 (64-bit),Microsoft Windows Server 2012 R2 Standard,vm-1308,4202ead2725656e355f3ad50e2fbb984,vcsa01.corp.example,5f3c9a8e-1b2d-4c7e-9a10-2f6b8d4e7c31
DEV-SQL-090,poweredOn,False,False,2000,/,60416,34703,25712,43,0,,,,,DC-East,Dev-Cluster,esx-dev02.corp.example,Dev,Red Hat Enterprise Linux 8 (64-bit),Red Hat Enterprise Linux 8.8 (Ootpa),vm-1309,42f8170e6b6e64c5bb8aa843702f31e5,vcsa01.corp.example,5f3c9a8e-1b2d-4c7e-9a10-2f6b8d4e7c31
DEV-SQL-090,poweredOn,False,False,2001,/boot,1014,619,394,39,1,,,,,DC-East,Dev-Cluster,esx-dev02.corp.example,Dev,Red Hat Enterprise Linux 8 (64-bit),Red Hat Enterprise Linux 8.8 (Ootpa),vm-1309,42f8170e6b6e64c5bb8aa843702f31e5,vcsa01.corp.example,5f3c9a8e-1b2d-4c7e-9a10-2f6b8d4e7c31
vcsa01,poweredOn,False,False,2000,/,101376,78385,22990,23,0,Owner: app-team,,,,DC-West,Mgmt-Cluster,esx-mgmt02.corp.example,Mgmt,VMware Photon OS (64-bit),VMware Photon OS 3.0,vm-1310,427abfced42cb1ae19f738cb6016c743,vcsa01.corp.example,5f3c9a8e-1b2d-4c7e-9a10-2f6b8d4e7c31
vcsa01,poweredOn,False,False,2001,/boot,1014,667,346,34,1,Owner: app-team,,,,DC-West,Mgmt-Cluster,esx-mgmt02.corp.example,Mgmt,VMware Photon OS (64-bit),VMware Photon OS 3.0,vm-1310,427abfced42cb1ae19f738cb6016c743,vcsa01.corp.example,5f3c9a8e-1b2d-4c7e-9a10-2f6b8d4e7c31
nsx-mgr-01,poweredOn,False,False,2000,/,60416,30955,29460,49,0,,,,,DC-West,Mgmt-Cluster,esx-mgmt01.corp.example,Mgmt,VMware Photon OS (64-bit),VMware Photon OS 3.0,vm-1311,42088dbdd883e3f8cc9803de12de9e5a,vcsa01.corp.example,5f3c9a8e-1b2d-4c7e-9a10-2f6b8d4e7c31
nsx-mgr-01,poweredOn,False,False,2001,/boot,1014,454,559,55,1,,,,,DC-West,Mgmt-Cluster,esx-mgmt01.corp.example,Mgmt,VMware Photon OS (64-bit),VMware Photon OS 3.0,vm-1311,42088dbdd883e3f8cc9803de12de9e5a,vcsa01.corp.example,5f3c9a8e-1b2d-4c7e-9a10-2f6b8d4e7c31
nsx-mgr-01,poweredOn,False,False,2002,/var,2046976,1976537,70438,3,2,,,,,DC-West,Mgmt-Cluster,esx-mgmt01.corp.example,Mgmt,VMware Photon OS (64-bit),VMware Photon OS 3.0,vm-1311,42088dbdd883e3f8cc9803de12de9e5a,vcsa01.corp.example,5f3c9a8e-1b2d-4c7e-9a10-2f6b8d4e7c31
nsx-mgr-01,poweredOn,False,False,2003,/data,203776,122604,81171,40,3,Owner: app-team,,,,DC-West,Mgmt-Cluster,esx-mgmt01.corp.example,Mgmt,VMware Photon OS (64-bit),VMware Photon OS 3.0,vm-1311,42088dbdd883e3f8cc9803de12de9e5a,vcsa01.corp.example,5f3c9a8e-1b2d-4c7e-9a10-2f6b8d4e7c31
nsx-mgr-02,poweredOn,False,False,2000,/,60416,46100,14315,24,0,,,,,DC-West,Mgmt-Cluster,esx-mgmt01.corp.example,Mgmt,VMware Photon OS (64-bit),VMware Photon OS 3.0,vm-1312,42bb635f29310971601e0211e34f76b4,vcsa01.corp.example,5f3c9a8e-1b2d-4c7e-9a10-2f6b8d4e7c31
nsx-mgr-02,poweredOn,False,False,2001,/boot,1014,369,644,64,1,,,,,DC-West,Mgmt-Cluster,esx-mgmt01.corp.example,Mgmt,VMware Photon OS (64-bit),VMware Photon OS 3.0,vm-1312,42bb635f29310971601e0211e34f76b4,vcsa01.corp.example,5f3c9a8e-1b2d-4c7e-9a10-2f6b8d4e7c31
nsx-mgr-03,poweredOn,False,False,2000,/,101376,85082,16293,16,0,Owner: app-team,,,,DC-West,Mgmt-Cluster,esx-mgmt02.corp.example,Mgmt,VMware Photon OS (64-bit),VMware Photon OS 3.0,vm-1313,422a3d41a754a29ff143e5456e6b34b9,vcsa01.corp.example,5f3c9a8e-1b2d-4c7e-9a10-2f6b8d4e7c31
nsx-mgr-03,poweredOn,False,False,2001,/boot,1014,530,483,48,1,,,,,DC-West,Mgmt-Cluster,esx-mgmt02.corp.example,Mgmt,VMware Photon OS (64-bit),VMware Photon OS 3.0,vm-1313,422a3d41a754a29ff143e5456e6b34b9,vcsa01.corp.example,5f3c9a8e-1b2d-4c7e-9a10-2f6b8d4e7c31
ad-dc01,poweredOn,False,False,2000,C:\,81420,59332,22087,27,0,,,,,DC-West,Mgmt-Cluster,esx-mgmt01.corp.example,Mgmt,Microsoft Windows Server 2016 or later (64-bit),Microsoft Windows Server 2022 Datacenter,vm-1314,42ecf264b8d77d2f8dda4ff2b27b7bb4,vcsa01.corp.example,5f3c9a8e-1b2d-4c7e-9a10-2f6b8d4e7c31
ad-dc01,poweredOn,False,False,2001,D:\,2047500,904115,1143384,56,1,Owner: app-team,,,,DC-West,Mgmt-Cluster,esx-mgmt01.corp.example,Mgmt,Microsoft Windows Server 2016 or later (64-bit),Microsoft Windows Server 2022 Datacenter,vm-1314,42ecf264b8d77d2f8dda4ff2b27b7bb4,vcsa01.corp.example,5f3c9a8e-1b2d-4c7e-9a10-2f6b8d4e7c31
ad-dc01,poweredOn,False,False,2002,E:\,511500,102357,409142,80,2,,,,,DC-West,Mgmt-Cluster,esx-mgmt01.corp.example,Mgmt,Microsoft Windows Server 2016 or later (64-bit),Microsoft Windows Server 2022 Datacenter,vm-1314,42ecf264b8d77d2f8dda4ff2b27b7bb4,vcsa01.corp.example,5f3c9a8e-1b2d-4c7e-9a10-2f6b8d4e7c31
ad-dc01,poweredOn,False,False,2003,F:\,1023500,659346,364153,36,3,Owner: app-team,,,,DC-West,Mgmt-Cluster,esx-mgmt01.corp.example,Mgmt,Microsoft Windows Server 2016 or later (64-bit),Microsoft Windows Server 2022 Datacenter,vm-1314,42ecf264b8d77d2f8dda4ff2b27b7bb4,vcsa01.corp.example,5f3c9a8e-1b2d-4c7e-9a10-2f6b8d4e7c31
ad-dc02,poweredOn,False,False,2000,C:\,60940,24338,36601,60,0,,,,,DC-West,Mgmt-Cluster,esx-mgmt02.corp.example,Mgmt,Microsoft Windows Server 2019 (64-bit),Microsoft Windows Server 2019 Standard,vm-1315,427daec9d700b4618cb6b0ba925f8199,vcsa01.corp.example,5f3c9a8e-1b2d-4c7e-9a10-2f6b8d4e7c31
veeam-br01,poweredOn,False,False,2000,C:\,81420,29963,51456,63,0,,,,,DC-West,Mgmt-Cluster,esx-mgmt01.corp.example,Mgmt,Microsoft Windows Server 2016 or later (64-bit),Microsoft Windows Server 2022 Datacenter,vm-1316,4218d422331de35c7af6cd4199a7b99b,vcsa01.corp.example,5f3c9a8e-1b2d-4c7e-9a10-2f6b8d4e7c31
veeam-br01,poweredOn,False,False,2001,D:\,204300,52436,151863,74,1,,,,,DC-West,Mgmt-Cluster,esx-mgmt01.corp.example,Mgmt,Microsoft Windows Server 2016 or later (64-bit),Microsoft Windows Server 2022 Datacenter,vm-1316,4218d422331de35c7af6cd4199a7b99b,vcsa01.corp.example,5f3c9a8e-1b2d-4c7e-9a10-2f6b8d4e7c31
veeam-proxy-01,poweredOn,False,False,2000,C:\,101900,89832,12067,12,0,Owner: app-team,,,,DC-West,Mgmt-Cluster,esx-mgmt01.corp.example,Mgmt,Microsoft Windows Server 2016 (64-bit),Microsoft Windows Server 2016 Standard,vm-1317,427d3572788fd0cd65c06b93c8edabdd,vcsa01.corp.example,5f3c9a8e-1b2d-4c7e-9a10-2f6b8d4e7c31
veeam-proxy-02,poweredOn,False,False,2000,C:\,101900,90221,11678,11,0,Owner: app-team,,,,DC-West,Mgmt-Cluster,esx-mgmt02.corp.example,Mgmt,Microsoft Windows Server 2019 (64-bit),Microsoft Windows Server 2019 Standard,vm-1318,4243675d0b6c03c8721e54192fc3e649,vcsa01.corp.example,5f3c9a8e-1b2d-4c7e-9a10-2f6b8d4e7c31
vrli-01,poweredOn,False,False,2000,/,101376,31102,70273,69,0,,,,,DC-West,Mgmt-Cluster,esx-mgmt02.corp.example,Mgmt,VMware Photon OS (64-bit),VMware Photon OS 3.0,vm-1319,42aadf36b24beb96c0927b7426b07ff6,vcsa01.corp.example,5f3c9a8e-1b2d-4c7e-9a10-2f6b8d4e7c31
vrli-01,poweredOn,False,False,2001,/boot,1014,614,399,39,1,,,,,DC-West,Mgmt-Cluster,esx-mgmt02.corp.example,Mgmt,VMware Photon OS (64-bit),VMware Photon OS 3.0,vm-1319,42aadf36b24beb96c0927b7426b07ff6,vcsa01.corp.example,5f3c9a8e-1b2d-4c7e-9a10-2f6b8d4e7c31
vrli-01,poweredOn,False,False,2002,/var,766976,311866,455109,59,2,,,,,DC-West,Mgmt-Cluster,esx-mgmt02.corp.example,Mgmt,VMware Photon OS (64-bit),VMware Photon OS 3.0,vm-1319,42aadf36b24beb96c0927b7426b07ff6,vcsa01.corp.example,5f3c9a8e-1b2d-4c7e-9a10-2f6b8d4e7c31
vrops-01,poweredOn,False,False,2000,/,60416,37728,22687,38,0,Owner: app-team,,,,DC-West,Mgmt-Cluster,esx-mgmt02.corp.example,Mgmt,VMware Photon OS (64-bit),VMware Photon OS 3.0,vm-1320,42631962d73e7bb90f9ca17b8db8dadf,vcsa01.corp.example,5f3c9a8e-1b2d-4c7e-9a10-2f6b8d4e7c31
vrops-01,poweredOn,False,False,2001,/boot,1014,486,527,52,1,,,,,DC-West,Mgmt-Cluster,esx-mgmt02.corp.example,Mgmt,VMware Photon OS (64-bit),VMware Photon OS 3.0,vm-1320,42631962d73e7bb90f9ca17b8db8dadf,vcsa01.corp.example,5f3c9a8e-1b2d-4c7e-9a10-2f6b8d4e7c31
jump-01,poweredOn,False,False,2000,C:\,60940,47797,13142,22,0,,,,,DC-West,Mgmt-Cluster,esx-mgmt02.corp.example,Mgmt,Microsoft Windows Server 2016 (64-bit),Microsoft Windows Server 2016 Standard,vm-1321,42e71c686511e61a143665f54c819260,vcsa01.corp.example,5f3c9a8e-1b2d-4c7e-9a10-2f6b8d4e7c31
jump-02,poweredOn,False,False,2000,C:\,81420,38185,43234,53,0,Owner: app-team,,,,DC-West,Mgmt-Cluster,esx-mgmt01.corp.example,Mgmt,Microsoft Windows Server 2019 (64-bit),Microsoft Windows Server 2019 Standard,vm-1322,42f8dfcc2acb4fbdfbff8a7df2f5b176,vcsa01.corp.example,5f3c9a8e-1b2d-4c7e-9a10-2f6b8d4e7c31
pki-root,poweredOn,False,False,2000,C:\,101900,90785,11114,11,0,Owner: app-team,,,,DC-West,Mgmt-Cluster,esx-mgmt02.corp.example,Mgmt,Microsoft Windows Server 2019 (64-bit),Microsoft Windows Server 2019 Standard,vm-1323,42a091e5d2938e6eff4d093033b0fb53,vcsa01.corp.example,5f3c9a8e-1b2d-4c7e-9a10-2f6b8d4e7c31
pki-sub01,poweredOn,False,False,2000,C:\,101900,75214,26685,26,0,,,,,DC-West,Mgmt-Cluster,esx-mgmt01.corp.example,Mgmt,Microsoft Windows Server 2019 (64-bit),Microsoft Windows Server 2019 Standard,vm-1324,4246b518db4bb8eb537d0bd18d536c75,vcsa01.corp.example,5f3c9a8e-1b2d-4c7e-9a10-2f6b8d4e7c31
syslog-01,poweredOn,False,False,2000,C:\,101900,44669,57230,56,0,,,,,DC-West,Mgmt-Cluster,esx-mgmt02.corp.example,Mgmt,Microsoft Windows Server 2019 (64-bit),Microsoft Windows Server 2019 Standard,vm-1325,42c22505952a53459682d9ff910c4cb7,vcsa01.corp.example,5f3c9a8e-1b2d-4c7e-9a10-2f6b8d4e7c31
syslog-01,poweredOn,False,False,2001,D:\,1023500,376853,646646,63,1,,,,,DC-West,Mgmt-Cluster,esx-mgmt02.corp.example,Mgmt,Microsoft Windows Server 2019 (64-bit),Microsoft Windows Server 2019 Standard,vm-1325,42c22505952a53459682d9ff910c4cb7,vcsa01.corp.example,5f3c9a8e-1b2d-4c7e-9a10-2f6b8d4e7c31
syslog-01,poweredOn,False,False,2002,E:\,204300,128604,75695,37,2,,,,,DC-West,Mgmt-Cluster,esx-mgmt02.corp.example,Mgmt,Microsoft Windows Server 2019 (64-bit),Microsoft Windows Server 2019 Standard,vm-1325,42c22505952a53459682d9ff910c4cb7,vcsa01.corp.example,5f3c9a8e-1b2d-4c7e-9a10-2f6b8d4e7c31
ntp-01,poweredOn,False,False,2000,/,60416,43657,16758,28,0,Owner: app-team,,,,DC-West,Mgmt-Cluster,esx-mgmt01.corp.example,Mgmt,Red Hat Enterprise Linux 8 (64-bit),Red Hat Enterprise Linux 8.8 (Ootpa),vm-1326,42620f23439e754c693016eae0bda1ee,vcsa01.corp.example,5f3c9a8e-1b2d-4c7e-9a10-2f6b8d4e7c31
ntp-01,poweredOn,False,False,2001,/boot,1014,616,397,39,1,,,,,DC-West,Mgmt-Cluster,esx-mgmt01.corp.example,Mgmt,Red Hat Enterprise Linux 8 (64-bit),Red Hat Enterprise Linux 8.8 (Ootpa),vm-1326,42620f23439e754c693016eae0bda1ee,vcsa01.corp.example,5f3c9a8e-1b2d-4c7e-9a10-2f6b8d4e7c31
dns-01,poweredOn,False,False,2000,C:\,60940,21585,39354,65,0,,,,,DC-West,Mgmt-Cluster,esx-mgmt01.corp.example,Mgmt,Microsoft Windows Server 2019 (64-bit),Microsoft Windows Server 2019 Standard,vm-1327,42b193c8ae49c0799bd0d4c79e45455e,vcsa01.corp.example,5f3c9a8e-1b2d-4c7e-9a10-2f6b8d4e7c31
dns-01,poweredOn,False,False,2001,D:\,204300,73196,131103,64,1,,,,,DC-West,Mgmt-Cluster,esx-mgmt01.corp.example,Mgmt,Microsoft Windows Server 2019 (64-bit),Microsoft Windows Server 2019 Standard,vm-1327,42b193c8ae49c0799bd0d4c79e45455e,vcsa01.corp.example,5f3c9a8e-1b2d-4c7e-9a10-2f6b8d4e7c31
dns-01,poweredOn,False,False,2002,E:\,1023500,763835,259664,25,2,Owner: app-team,,,,DC-West,Mgmt-Cluster,esx-mgmt01.corp.example,Mgmt,Microsoft Windows Server 2019 (64-bit),Microsoft Windows Server 2019 Standard,vm-1327,42b193c8ae49c0799bd0d4c79e45455e,vcsa01.corp.example,5f3c9a8e-1b2d-4c7e-9a10-2f6b8d4e7c31
dns-01,poweredOn,False,False,2003,F:\,50700,21900,28799,57,3,,,,,DC-West,Mgmt-Cluster,esx-mgmt01.corp.example,Mgmt,Microsoft Windows Server 2019 (64-bit),Microsoft Windows Server 2019 Standard,vm-1327,42b193c8ae49c0799bd0d4c79e45455e,vcsa01.corp.example,5f3c9a8e-1b2d-4c7e-9a10-2f6b8d4e7c31
dns-02,poweredOn,False,False,2000,C:\,101900,40320,61579,60,0,,,,,DC-West,Mgmt-Cluster,esx-mgmt01.corp.example,Mgmt,Microsoft Windows Server 2019 (64-bit),Microsoft Windows Server 2019 Standard,vm-1328,42567e64052dfb9a5f584603e5a3d8e9,vcsa01.corp.example,5f3c9a8e-1b2d-4c7e-9a10-2f6b8d4e7c31
wsus-01,poweredOn,False,False,2000,/,39936,29207,10728,27,0,,,,,DC-West,Mgmt-Cluster,esx-mgmt02.corp.example,Mgmt,CentOS 7 (64-bit),CentOS Linux 7 (Core),vm-1329,422267163a5b6ac5de703b72f8f58a26,vcsa01.corp.example,5f3c9a8e-1b2d-4c7e-9a10-2f6b8d4e7c31
wsus-01,poweredOn,False,False,2001,/boot,1014,232,781,77,1,,,,,DC-West,Mgmt-Cluster,esx-mgmt02.corp.example,Mgmt,CentOS 7 (64-bit),CentOS Linux 7 (Core),vm-1329,422267163a5b6ac5de703b72f8f58a26,vcsa01.corp.example,5f3c9a8e-1b2d-4c7e-9a10-2f6b8d4e7c31
wsus-01,poweredOn,False,False,2002,/var,203776,35155,168620,83,2,,,,,DC-West,Mgmt-Cluster,esx-mgmt02.corp.example,Mgmt,CentOS 7 (64-bit),CentOS Linux 7 (Core),vm-1329,422267163a5b6ac5de703b72f8f58a26,vcsa01.corp.example,5f3c9a8e-1b2d-4c7e-9a10-2f6b8d4e7c31
sccm-01,poweredOn,False,False,2000,C:\,81420,50711,30708,38,0,Owner: app-team,,,,DC-West,Mgmt-Cluster,esx-mgmt02.corp.example,Mgmt,Microsoft Windows Server 2019 (64-bit),Microsoft Windows Server 2019 Standard,vm-1330,42711456301c8db316db80dba543148e,vcsa01.corp.example,5f3c9a8e-1b2d-4c7e-9a10-2f6b8d4e7c31
sccm-db01,poweredOn,False,False,2000,/,80896,61928,18967,23,0,,,,,DC-West,Mgmt-Cluster,esx-mgmt02.corp.example,Mgmt,Red Hat Enterprise Linux 8 (64-bit),Red Hat Enterprise Linux 8.8 (Ootpa),vm-1331,4210cc4628b26b1bca9f1d5983e8b700,vcsa01.corp.example,5f3c9a8e-1b2d-4c7e-9a10-2f6b8d4e7c31
sccm-db01,poweredOn,False,False,2001,/boot,1014,570,443,44,1,,,,,DC-West,Mgmt-Cluster,esx-mgmt02.corp.example,Mgmt,Red Hat Enterprise Linux 8 (64-bit),Red Hat Enterprise Linux 8.8 (Ootpa),vm-1331,4210cc4628b26b1bca9f1d5983e8b700,vcsa01.corp.example,5f3c9a8e-1b2d-4c7e-9a10-2f6b8d4e7c31
monitor-01,poweredOn,False,False,2000,C:\,40460,12299,28160,70,0,Owner: app-team,,,,DC-West,Mgmt-Cluster,esx-mgmt01.corp.example,Mgmt,Microsoft Windows Server 2019 (64-bit),Microsoft Windows Server 2019 Standard,vm-1332,420cf17374d9d1f5087758043fde9814,vcsa01.corp.example,5f3c9a8e-1b2d-4c7e-9a10-2f6b8d4e7c31
backup-repo-01,poweredOn,False,False,2000,/,39936,22427,17508,44,0,,,,,DC-West,Mgmt-Cluster,esx-mgmt02.corp.example,Mgmt,Red Hat Enterprise Linux 9 (64-bit),Red Hat Enterprise Linux 9.2 (Plow),vm-1333,42ae61711fb621aeec4e8cbba2aa378c,vcsa01.corp.example,5f3c9a8e-1b2d-4c7e-9a10-2f6b8d4e7c31
backup-repo-01,poweredOn,False,False,2001,/boot,1014,497,516,51,1,,,,,DC-West,Mgmt-Cluster,esx-mgmt02.corp.example,Mgmt,Red Hat Enterprise Linux 9 (64-bit),Red Hat Enterprise Linux 9.2 (Plow),vm-1333,42ae61711fb621aeec4e8cbba2aa378c,vcsa01.corp.example,5f3c9a8e-1b2d-4c7e-9a10-2f6b8d4e7c31
backup-repo-01,poweredOn,False,False,2002,/var,766976,494222,272753,36,2,Owner: app-team,,,,DC-West,Mgmt-Cluster,esx-mgmt02.corp.example,Mgmt,Red Hat Enterprise Linux 9 (64-bit),Red Hat Enterprise Linux 9.2 (Plow),vm-1333,42ae61711fb621aeec4e8cbba2aa378c,vcsa01.corp.example,5f3c9a8e-1b2d-4c7e-9a10-2f6b8d4e7c31
backup-repo-01,poweredOn,False,False,2003,/data,1022976,799745,223230,22,3,Owner: app-team,,,,DC-West,Mgmt-Cluster,esx-mgmt02.corp.example,Mgmt,Red Hat Enterprise Linux 9 (64-bit),Red Hat Enterprise Linux 9.2 (Plow),vm-1333,42ae61711fb621aeec4e8cbba2aa378c,vcsa01.corp.example,5f3c9a8e-1b2d-4c7e-9a10-2f6b8d4e7c31
kms-01,poweredOn,False,False,2000,C:\,40460,13922,26537,66,0,,,,,DC-West,Mgmt-Cluster,esx-mgmt02.corp.example,Mgmt,Microsoft Windows Server 2019 (64-bit),Microsoft Windows Server 2019 Standard,vm-1334,4229dc075820b3f25989dd6c8d2434f9,vcsa01.corp.example,5f3c9a8e-1b2d-4c7e-9a10-2f6b8d4e7c31
kms-01,poweredOn,False,False,2001,D:\,101900,48985,52914,52,1,,,,,DC-West,Mgmt-Cluster,esx-mgmt02.corp.example,Mgmt,Microsoft Windows Server 2019 (64-bit),Microsoft Windows Server 2019 Standard,vm-1334,4229dc075820b3f25989dd6c8d2434f9,vcsa01.corp.example,5f3c9a8e-1b2d-4c7e-9a10-2f6b8d4e7c31
kms-01,poweredOn,False,False,2002,E:\,767500,551359,216140,28,2,,,,,DC-West,Mgmt-Cluster,esx-mgmt02.corp.example,Mgmt,Microsoft Windows Server 2019 (64-bit),Microsoft Windows Server 2019 Standard,vm-1334,4229dc075820b3f25989dd6c8d2434f9,vcsa01.corp.example,5f3c9a8e-1b2d-4c7e-9a10-2f6b8d4e7c31
DMZ-WEB-01,poweredOn,False,False,2000,C:\,81420,19166,62253,76,0,,,,,DC-West,,esx-dmz01.corp.example,DMZ,Microsoft Windows Server 2008 R2 (64-bit),Microsoft Windows Server 2008 R2 Enterprise,vm-1335,42da940829b44cb10cb5ee5c62f5f7c2,vcsa01.corp.example,5f3c9a8e-1b2d-4c7e-9a10-2f6b8d4e7c31
DMZ-WEB-01,poweredOn,False,False,2001,D:\,50700,38127,12572,25,1,,,,,DC-West,,esx-dmz01.corp.example,DMZ,Microsoft Windows Server 2008 R2 (64-bit),Microsoft Windows Server 2008 R2 Enterprise,vm-1335,42da940829b44cb10cb5ee5c62f5f7c2,vcsa01.corp.example,5f3c9a8e-1b2d-4c7e-9a10-2f6b8d4e7c31
DMZ-WEB-01,poweredOn,False,False,2002,E:\,204300,154371,49928,24,2,,,,,DC-West,,esx-dmz01.corp.example,DMZ,Microsoft Windows Server 2008 R2 (64-bit),Microsoft Windows Server 2008 R2 Enterprise,vm-1335,42da940829b44cb10cb5ee5c62f5f7c2,vcsa01.corp.example,5f3c9a8e-1b2d-4c7e-9a10-2f6b8d4e7c31
DMZ-WEB-02,poweredOn,False,False,2000,C:\,60940,23872,37067,61,0,,,,,DC-West,,esx-dmz01.corp.example,DMZ,Microsoft Windows Server 2019 (64-bit),Microsoft Windows Server 2019 Standard,vm-1336,420522268366663668d576b8a6ce6d7a,vcsa01.corp.example,5f3c9a8e-1b2d-4c7e-9a10-2f6b8d4e7c31
DMZ-WEB-03,poweredOn,False,False,2000,C:\,60940,58367,2572,4,0,Owner: app-team,,,,DC-West,,esx-dmz01.corp.example,DMZ,Microsoft Windows Server 2016 (64-bit),Microsoft Windows Server 2016 Standard,vm-1337,42022aadcd0579e299e4704c2c56e0cd,vcsa01.corp.example,5f3c9a8e-1b2d-4c7e-9a10-2f6b8d4e7c31
DMZ-WEB-03,poweredOn,False,False,2001,D:\,1023500,223814,799685,78,1,Owner: app-team,,,,DC-West,,esx-dmz01.corp.example,DMZ,Microsoft Windows Server 2016 (64-bit),Microsoft Windows Server 2016 Standard,vm-1337,42022aadcd0579e299e4704c2c56e0cd,vcsa01.corp.example,5f3c9a8e-1b2d-4c7e-9a10-2f6b8d4e7c31
DMZ-WEB-03,poweredOn,False,False,2002,E:\,511500,86686,424813,83,2,,,,,DC-West,,esx-dmz01.corp.example,DMZ,Microsoft Windows Server 2016 (64-bit),Microsoft Windows Server 2016 Standard,vm-1337,42022aadcd0579e299e4704c2c56e0cd,vcsa01.corp.example,5f3c9a8e-1b2d-4c7e-9a10-2f6b8d4e7c31
DMZ-WEB-04,poweredOn,False,False,2000,/,101376,57197,44178,44,0,,,,,DC-West,,esx-dmz01.corp.example,DMZ,SUSE Linux Enterprise 15 (64-bit),SUSE Linux Enterprise Server 15 SP5,vm-1338,42da018d6060b1ebe53e5f4c6c7e9a2c,vcsa01.corp.example,5f3c9a8e-1b2d-4c7e-9a10-2f6b8d4e7c31
DMZ-WEB-04,poweredOn,False,False,2001,/boot,1014,644,369,36,1,,,,,DC-West,,esx-dmz01.corp.example,DMZ,SUSE Linux Enterprise 15 (64-bit),SUSE Linux Enterprise Server 15 SP5,vm-1338,42da018d6060b1ebe53e5f4c6c7e9a2c,vcsa01.corp.example,5f3c9a8e-1b2d-4c7e-9a10-2f6b8d4e7c31
DMZ-WEB-04,poweredOn,False,False,2002,/var,510976,408019,102956,20,2,Owner: app-team,,,,DC-West,,esx-dmz01.corp.example,DMZ,SUSE Linux Enterprise 15 (64-bit),SUSE Linux Enterprise Server 15 SP5,vm-1338,42da018d6060b1ebe53e5f4c6c7e9a2c,vcsa01.corp.example,5f3c9a8e-1b2d-4c7e-9a10-2f6b8d4e7c31
DMZ-WEB-04,poweredOn,False,False,2003,/data,254976,77854,177121,69,3,Owner: app-team,,,,DC-West,,esx-dmz01.corp.example,DMZ,SUSE Linux Enterprise 15 (64-bit),SUSE Linux Enterprise Server 15 SP5,vm-1338,42da018d6060b1ebe53e5f4c6c7e9a2c,vcsa01.corp.example,5f3c9a8e-1b2d-4c7e-9a10-2f6b8d4e7c31
DMZ-WEB-05,poweredOn,False,False,2000,C:\,60940,10905,50034,82,0,,,,,DC-West,,esx-dmz01.corp.example,DMZ,Microsoft Windows Server 2016 or later (64-bit),Microsoft Windows Server 2022 Datacenter,vm-1339,4201e1871a31204495a0f35665abc9ff,vcsa01.corp.example,5f3c9a8e-1b2d-4c7e-9a10-2f6b8d4e7c31
DMZ-WEB-05,poweredOn,False,False,2001,D:\,50700,9201,41498,82,1,,,,,DC-West,,esx-dmz01.corp.example,DMZ,Microsoft Windows Server 2016 or later (64-bit),Microsoft Windows Server 2022 Datacenter,vm-1339,4201e1871a31204495a0f35665abc9ff,vcsa01.corp.example,5f3c9a8e-1b2d-4c7e-9a10-2f6b8d4e7c31
DMZ-WEB-06,poweredOn,False,False,2000,C:\,81420,27912,53507,66,0,Owner: app-team,,,,DC-West,,esx-dmz01.corp.example,DMZ,Microsoft Windows Server 2012 (64-bit),Microsoft Windows Server 2012 R2 Standard,vm-1340,427b53351bacbd0daf35b30b4c68eb17,vcsa01.corp.example,5f3c9a8e-1b2d-4c7e-9a10-2f6b8d4e7c31
DMZ-WEB-06,poweredOn,False,False,2001,D:\,767500,294949,472550,62,1,,,,,DC-West,,esx-dmz01.corp.example,DMZ,Microsoft Windows Server 2012 (64-bit),Microsoft Windows Server 2012 R2 Standard,vm-1340,427b53351bacbd0daf35b30b4c68eb17,vcsa01.corp.example,5f3c9a8e-1b2d-4c7e-9a10-2f6b8d4e7c31
DMZ-WEB-06,poweredOn,False,False,2002,E:\,1023500,778593,244906,24,2,,,,,DC-West,,esx-dmz01.corp.example,DMZ,Microsoft Windows Server 2012 (64-bit),Microsoft Windows Server 2012 R2 Standard,vm-1340,427b53351bacbd0daf35b30b4c68eb17,vcsa01.corp.example,5f3c9a8e-1b2d-4c7e-9a10-2f6b8d4e7c31
DMZ-WEB-07,poweredOn,False,False,2000,/,39936,37899,2036,5,0,Owner: app-team,,,,DC-West,,esx-dmz01.corp.example,DMZ,CentOS 7 (64-bit),CentOS Linux 7 (Core),vm-1341,42a6c681e4729be5f3c2944ab60a3dcc,vcsa01.corp.example,5f3c9a8e-1b2d-4c7e-9a10-2f6b8d4e7c31
DMZ-WEB-07,poweredOn,False,False,2001,/boot,1014,520,493,49,1,,,,,DC-West,,esx-dmz01.corp.example,DMZ,CentOS 7 (64-bit),CentOS Linux 7 (Core),vm-1341,42a6c681e4729be5f3c2944ab60a3dcc,vcsa01.corp.example,5f3c9a8e-1b2d-4c7e-9a10-2f6b8d4e7c31
DMZ-WEB-08,poweredOn,False,False,2000,C:\,60940,46236,14703,24,0,Owner: app-team,,,,DC-West,,esx-dmz01.corp.example,DMZ,Microsoft Windows Server 2019 (64-bit),Microsoft Windows Server 2019 Standard,vm-1342,42ae460251d05ef3a91883fc6772fe9f,vcsa01.corp.example,5f3c9a8e-1b2d-4c7e-9a10-2f6b8d4e7c31
DMZ-WEB-08,poweredOn,False,False,2001,D:\,255500,173401,82098,32,1,,,,,DC-West,,esx-dmz01.corp.example,DMZ,Microsoft Windows Server 2019 (64-bit),Microsoft Windows Server 2019 Standard,vm-1342,42ae460251d05ef3a91883fc6772fe9f,vcsa01.corp.example,5f3c9a8e-1b2d-4c7e-9a10-2f6b8d4e7c31
PRD-SQL-BIG01,poweredOn,False,False,2000,C:\,81420,43123,38296,47,0,,,,,DC-East,Prod-Cluster,esx-prod03.corp.example,Prod,Microsoft Windows Server 2019 (64-bit),Microsoft Windows Server 2019 Standard,vm-1349,4276b9044b46ef3395e7f61442b40281,vcsa01.corp.example,5f3c9a8e-1b2d-4c7e-9a10-2f6b8d4e7c31
PRD-SQL-BIG01,poweredOn,False,False,2001,D:\,767500,532932,234567,31,1,,,,,DC-East,Prod-Cluster,esx-prod03.corp.example,Prod,Microsoft Windows Server 2019 (64-bit),Microsoft Windows Server 2019 Standard,vm-1349,4276b9044b46ef3395e7f61442b40281,vcsa01.corp.example,5f3c9a8e-1b2d-4c7e-9a10-2f6b8d4e7c31
PRD-SQL-BIG01,poweredOn,False,False,2002,E:\,255500,220266,35233,14,2,Owner: app-team,,,,DC-East,Prod-Cluster,esx-prod03.corp.example,Prod,Microsoft Windows Server 2019 (64-bit),Microsoft Windows Server 2019 Standard,vm-1349,4276b9044b46ef3395e7f61442b40281,vcsa01.corp.example,5f3c9a8e-1b2d-4c7e-9a10-2f6b8d4e7c31
PRD-ANALYTICS01,poweredOn,False,False,2000,/,101376,31095,70280,69,0,,,,,DC-East,Prod-Cluster,esx-prod02.corp.example,Prod,Red Hat Enterprise Linux 8 (64-bit),Red Hat Enterprise Linux 8.8 (Ootpa),vm-1350,42f1bdb5948f664a9565257ba267d32f,vcsa01.corp.example,5f3c9a8e-1b2d-4c7e-9a10-2f6b8d4e7c31
PRD-ANALYTICS01,poweredOn,False,False,2001,/boot,1014,565,448,44,1,,,,,DC-East,Prod-Cluster,esx-prod02.corp.example,Prod,Red Hat Enterprise Linux 8 (64-bit),Red Hat Enterprise Linux 8.8 (Ootpa),vm-1350,42f1bdb5948f664a9565257ba267d32f,vcsa01.corp.example,5f3c9a8e-1b2d-4c7e-9a10-2f6b8d4e7c31
DEV-BUILD-MONSTER,poweredOn,False,False,2000,/,101376,88979,12396,12,0,,,,,DC-East,Dev-Cluster,esx-dev01.corp.example,Dev,Ubuntu Linux (64-bit),Ubuntu 22.04.4 LTS,vm-1351,4261b512ae423568de14553b1eac41d9,vcsa01.corp.example,5f3c9a8e-1b2d-4c7e-9a10-2f6b8d4e7c31
DEV-BUILD-MONSTER,poweredOn,False,False,2001,/boot,1014,667,346,34,1,,,,,DC-East,Dev-Cluster,esx-dev01.corp.example,Dev,Ubuntu Linux (64-bit),Ubuntu 22.04.4 LTS,vm-1351,4261b512ae423568de14553b1eac41d9,vcsa01.corp.example,5f3c9a8e-1b2d-4c7e-9a10-2f6b8d4e7c31
PRD-APP-LEGACYOS,poweredOn,False,False,2000,C:\,60940,29920,31019,51,0,Owner: app-team,,,,DC-East,Prod-Cluster,esx-prod01.corp.example,Prod,Microsoft Windows Server 2016 (64-bit),Microsoft Windows Server 2019 Datacenter,vm-1352,4268c0cb57b936b03346a332fe0a824e,vcsa01.corp.example,5f3c9a8e-1b2d-4c7e-9a10-2f6b8d4e7c31
PRD-APP-LEGACYOS,poweredOn,False,False,2001,D:\,50700,26123,24576,48,1,,,,,DC-East,Prod-Cluster,esx-prod01.corp.example,Prod,Microsoft Windows Server 2016 (64-bit),Microsoft Windows Server 2019 Datacenter,vm-1352,4268c0cb57b936b03346a332fe0a824e,vcsa01.corp.example,5f3c9a8e-1b2d-4c7e-9a10-2f6b8d4e7c31
