VM,Powerstate,Template,SRM Placeholder,VM Version,Tools,Tools Version,Required Version,Upgradeable,Upgrade Policy,Sync time,App status,Heartbeat status,Kernel Crash state,Operation Ready,State change support,Interactive Guest,Annotation,CBT Reset Lock,NB_LAST_BACKUP,DataProtection,Datacenter,Cluster,Host,Folder,OS according to the configuration file,OS according to the VMware Tools,VMRef,VM ID,VM UUID,VI SDK Server,VI SDK UUID
PRD-FS-001,poweredOn,False,False,20,toolsOk,12352,12352,No,manual,False,appStatusGray,appStatusGray,,True,True,False,,,,,DC-East,Prod-Cluster,esx-prod03.corp.example,Prod,Microsoft Windows Server 2016 or later (64-bit),Microsoft Windows Server 2022 Datacenter,vm-1000,vm-1000,42d8f5645be6128e18c267976142ea7d,vcsa01.corp.example,5f3c9a8e-1b2d-4c7e-9a10-2f6b8d4e7c31
PRD-RDS-002,poweredOn,False,False,13,toolsOk,12352,12352,No,manual,False,appStatusGray,appStatusGray,,True,True,False,Owner: app-team,,,,DC-East,Prod-Cluster,esx-prod05.corp.example,Prod,Microsoft Windows Server 2019 (64-bit),Microsoft Windows Server 2019 Standard,vm-1001,vm-1001,42e2acf79e574f7aa0ee89aed453dd32,vcsa01.corp.example,5f3c9a8e-1b2d-4c7e-9a10-2f6b8d4e7c31
PRD-APP-003,poweredOn,False,False,19,toolsOld,10346,12352,Yes,upgradeAtPowerCycle,False,appStatusGray,appStatusGray,,True,True,False,Owner: app-team,,,,DC-East,Prod-Cluster,esx-prod01.corp.example,Prod,Microsoft Windows Server 2012 (64-bit),Microsoft Windows Server 2012 R2 Standard,vm-1002,vm-1002,42472947614ff3d719db3ad0ddd1dfb2,vcsa01.corp.example,5f3c9a8e-1b2d-4c7e-9a10-2f6b8d4e7c31
PRD-SQL-004,poweredOn,False,False,14,toolsNotInstalled,0,12352,No,manual,False,appStatusGray,appStatusGray,,True,True,False,,,,,DC-East,Prod-Cluster,esx-prod02.corp.example,Prod,Microsoft Windows Server 2012 (64-bit),Microsoft Windows Server 2012 R2 Standard,vm-1003,vm-1003,4288bd642bcfbe01a28defe39bf00273,vcsa01.corp.example,5f3c9a8e-1b2d-4c7e-9a10-2f6b8d4e7c31
PRD-WEB-005,poweredOn,False,False,13,toolsOk,12352,12352,No,manual,False,appStatusGray,appStatusGray,,True,True,False,Owner: app-team,,,,DC-East,Prod-Cluster,esx-prod06.corp.example,Prod,Microsoft Windows Server 2008 R2 (64-bit),Microsoft Windows Server 2008 R2 Enterprise,vm-1004,vm-1004,423aa2e40e51f30dc6a7ee39c4b032cc,vcsa01.corp.example,5f3c9a8e-1b2d-4c7e-9a10-2f6b8d4e7c31
PRD-WEB-006,poweredOn,False,False,17,toolsOld,10346,12352,Yes,upgradeAtPowerCycle,False,appStatusGray,appStatusGray,,True,True,False,,,,,DC-East,Prod-Cluster,esx-prod01.corp.example,Prod,Microsoft Windows Server 2019 (64-bit),Microsoft Windows Server 2019 Standard,vm-1005,vm-1005,42ea1fcae27a984d654821d07fcd9eb1,vcsa01.corp.example,5f3c9a8e-1b2d-4c7e-9a10-2f6b8d4e7c31
PRD-WEB-007,poweredOn,False,False,9,toolsOk,12352,12352,No,manual,False,appStatusGray,appStatusGray,,True,True,False,,,,,DC-East,Prod-Cluster,esx-prod06.corp.example,Prod,Microsoft Windows Server 2016 (64-bit),Microsoft Windows Server 2016 Standard,vm-1006,vm-1006,423825675cabcc97663f1c97956269f0,vcsa01.corp.example,5f3c9a8e-1b2d-4c7e-9a10-2f6b8d4e7c31
PRD-APP-008,poweredOn,False,False,20,toolsOk,12352,12352,No,manual,False,appStatusGray,appStatusGray,,True,True,False,Owner: app-team,,,,DC-East,Prod-Cluster,esx-prod01.corp.example,Prod,CentOS 7 (64-bit),CentOS Linux 7 (Core),vm-1007,vm-1007,4210435a98ae43346c12ace8ae340454,vcsa01.corp.example,5f3c9a8e-1b2d-4c7e-9a10-2f6b8d4e7c31
PRD-WEB-009,poweredOn,False,False,20,toolsOld,10346,12352,Yes,manual,False,appStatusGray,appStatusGray,,True,True,False,Owner: app-team,,,,DC-East,Prod-Cluster,esx-prod05.corp.example,Prod,CentOS 7 (64-bit),CentOS Linux 7 (Core),vm-1008,vm-1008,42c039878976e334e2817efdae849217,vcsa01.corp.example,5f3c9a8e-1b2d-4c7e-9a10-2f6b8d4e7c31
PRD-WEB-010,poweredOff,False,False,20,toolsNotRunning,12320,12352,No,upgradeAtPowerCycle,False,appStatusGray,appStatusGray,,False,True,False,,,,,DC-East,Prod-Cluster,esx-prod04.corp.example,Prod,Microsoft Windows Server 2019 (64-bit),,vm-1009,vm-1009,42e9a1fa81f76d1c2dbc2134c30ff46e,vcsa01.corp.example,5f3c9a8e-1b2d-4c7e-9a10-2f6b8d4e7c31
PRD-SVC-011,poweredOn,False,False,21,toolsOk,12352,12352,No,manual,False,appStatusGray,appStatusGray,,True,True,False,,,,,DC-East,Prod-Cluster,esx-prod05.corp.example,Prod,Microsoft Windows Server 2019 (64-bit),Microsoft Windows Server 2019 Standard,vm-1010,vm-1010,42eb226387c5421eec24a3c5c754108f,vcsa01.corp.example,5f3c9a8e-1b2d-4c7e-9a10-2f6b8d4e7c31
PRD-APP-012,poweredOn,False,False,21,toolsOk,12352,12352,No,upgradeAtPowerCycle,False,appStatusGray,appStatusGray,,True,True,False,,,,,DC-East,Prod-Cluster,esx-prod03.corp.example,Prod,CentOS 7 (64-bit),CentOS Linux 7 (Core),vm-1011,vm-1011,4214296cf26b4776913e4de2e0c53cb8,vcsa01.corp.example,5f3c9a8e-1b2d-4c7e-9a10-2f6b8d4e7c31
PRD-SVC-013,poweredOn,False,False,10,toolsOk,12352,12352,No,manual,False,appStatusGray,appStatusGray,,True,True,False,,,,,DC-East,Prod-Cluster,esx-prod02.corp.example,Prod,Microsoft Windows Server 2019 (64-bit),Microsoft Windows Server 2019 Standard,vm-1012,vm-1012,426c52c49b49bd26df57c59a8715a103,vcsa01.corp.example,5f3c9a8e-1b2d-4c7e-9a10-2f6b8d4e7c31
PRD-WEB-014,poweredOn,False,False,20,toolsOk,12352,12352,No,upgradeAtPowerCycle,False,appStatusGray,appStatusGray,,True,True,False,,,,,DC-East,Prod-Cluster,esx-prod06.corp.example,Prod,Microsoft Windows Server 2016 or later (64-bit),Microsoft Windows Server 2022 Datacenter,vm-1013,vm-1013,421efa217394988f847fd9b4e64d1bcb,vcsa01.corp.example,5f3c9a8e-1b2d-4c7e-9a10-2f6b8d4e7c31
PRD-CTX-015,poweredOn,False,False,11,toolsOld,11333,12352,Yes,upgradeAtPowerCycle,False,appStatusGray,appStatusGray,,True,True,False,,,,,DC-East,Prod-Cluster,esx-prod05.corp.example,Prod,Microsoft Windows Server 2019 (64-bit),Microsoft Windows Server 2019 Standard,vm-1014,vm-1014,421141253a9bedd40f1259e0a18ff6b6,vcsa01.corp.example,5f3c9a8e-1b2d-4c7e-9a10-2f6b8d4e7c31
PRD-WEB-016,poweredOn,False,False,19,toolsOk,12352,12352,No,upgradeAtPowerCycle,False,appStatusGray,appStatusGray,,True,True,False,,,,,DC-East,Prod-Cluster,esx-prod03.corp.example,Prod,Microsoft Windows Server 2012 (64-bit),Microsoft Windows Server 2012 R2 Standard,vm-1015,vm-1015,4293829b922fe15ae1e3db63ef7ddc76,vcsa01.corp.example,5f3c9a8e-1b2d-4c7e-9a10-2f6b8d4e7c31
PRD-FS-017,poweredOn,False,False,21,toolsOk,12352,12352,No,upgradeAtPowerCycle,False,appStatusGray,appStatusGray,,True,True,False,,,,,DC-East,Prod-Cluster,esx-prod02.corp.example,Prod,Microsoft Windows Server 2019 (64-bit),Microsoft Windows Server 2019 Standard,vm-1016,vm-1016,42baa4b7dd2467ac778eedb3693dffbc,vcsa01.corp.example,5f3c9a8e-1b2d-4c7e-9a10-2f6b8d4e7c31
PRD-APP-018,poweredOn,False,False,20,toolsOk,12352,12352,No,manual,False,appStatusGray,appStatusGray,,True,True,False,,,,,DC-East,Prod-Cluster,esx-prod04.corp.example,Prod,Red Hat Enterprise Linux 8 (64-bit),Red Hat Enterprise Linux 8.8 (Ootpa),vm-1017,vm-1017,426c006f23e2fcb472d8567d894a05e4,vcsa01.corp.example,5f3c9a8e-1b2d-4c7e-9a10-2f6b8d4e7c31
PRD-APP-019,poweredOn,False,False,10,toolsOld,11269,12352,Yes,upgradeAtPowerCycle,False,appStatusGray,appStatusGray,,True,True,False,,,,,DC-East,Prod-Cluster,esx-prod04.corp.example,Prod,Red Hat Enterprise Linux 9 (64-bit),Red Hat Enterprise Linux 9.2 (Plow),vm-1018,vm-1018,4203c72bd605e7708a63f881ffd0f9d5,vcsa01.corp.example,5f3c9a8e-1b2d-4c7e-9a10-2f6b8d4e7c31
PRD-FS-020,poweredOn,False,False,11,toolsNotInstalled,0,12352,No,manual,False,appStatusGray,appStatusGray,,True,True,False,Owner: app-team,,,,DC-East,Prod-Cluster,esx-prod04.corp.example,Prod,Microsoft Windows Server 2016 (64-bit),Microsoft Windows Server 2016 Standard,vm-1019,vm-1019,4243e45863f2ae24fc3d3348008d4127,vcsa01.corp.example,5f3c9a8e-1b2d-4c7e-9a10-2f6b8d4e7c31
PRD-FS-021,poweredOn,False,False,10,toolsOk,12352,12352,No,upgradeAtPowerCycle,False,appStatusGray,appStatusGray,,True,True,False,Owner: app-team,,,,DC-East,Prod-Cluster,esx-prod06.corp.example,Prod,SUSE Linux Enterprise 15 (64-bit),SUSE Linux Enterprise Server 15 SP5,vm-1020,vm-1020,4237bb3e4bf50b52309d258c27a0c3d7,vcsa01.corp.example,5f3c9a8e-1b2d-4c7e-9a10-2f6b8d4e7c31
PRD-APP-022,poweredOn,False,False,21,toolsOk,12352,12352,No,upgradeAtPowerCycle,False,appStatusGray,appStatusGray,,True,True,False,Owner: app-team,,,,DC-East,Prod-Cluster,esx-prod06.corp.example,Prod,Microsoft Windows Server 2016 or later (64-bit),Microsoft Windows Server 2022 Datacenter,vm-1021,vm-1021,42284d8287f7e1fbda4bd9caeb5cf467,vcsa01.corp.example,5f3c9a8e-1b2d-4c7e-9a10-2f6b8d4e7c31
PRD-APP-023,poweredOn,False,False,17,toolsOk,12352,12352,No,manual,False,appStatusGray,appStatusGray,,True,True,False,,,,,DC-East,Prod-Cluster,esx-prod01.corp.example,Prod,Microsoft Windows Server 2016 (64-bit),Microsoft Windows Server 2016 Standard,vm-1022,vm-1022,423f07f891d63f78e3e9de99f10c718b,vcsa01.corp.example,5f3c9a8e-1b2d-4c7e-9a10-2f6b8d4e7c31
PRD-FS-024,poweredOff,False,False,20,toolsNotRunning,12320,12352,No,upgradeAtPowerCycle,False,appStatusGray,appStatusGray,,False,True,False,,,,,DC-East,Prod-Cluster,esx-prod06.corp.example,Prod,Microsoft Windows Server 2016 (64-bit),,vm-1023,vm-1023,42506e5ab758588dab73295b344a54b8,vcsa01.corp.example,5f3c9a8e-1b2d-4c7e-9a10-2f6b8d4e7c31
PRD-WEB-025,poweredOn,False,False,21,toolsNotRunning,12320,12352,No,manual,False,appStatusGray,appStatusGray,,True,True,False,,,,,DC-East,Prod-Cluster,esx-prod04.corp.example,Prod,Microsoft Windows Server 2016 or later (64-bit),Microsoft Windows Server 2022 Datacenter,vm-1024,vm-1024,4219985fff002d4d902059e4ff9ab5c2,vcsa01.corp.example,5f3c9a8e-1b2d-4c7e-9a10-2f6b8d4e7c31
PRD-APP-026,poweredOn,False,False,20,toolsOk,12352,12352,No,upgradeAtPowerCycle,False,appStatusGray,appStatusGray,,True,True,False,,,,,DC-East,Prod-Cluster,esx-prod03.corp.example,Prod,CentOS 7 (64-bit),CentOS Linux 7 (Core),vm-1025,vm-1025,42b41b318b10550cd5704f32702cdd20,vcsa01.corp.example,5f3c9a8e-1b2d-4c7e-9a10-2f6b8d4e7c31
PRD-APP-027,poweredOn,False,False,11,toolsOk,12352,12352,No,manual,False,appStatusGray,appStatusGray,,True,True,False,,,,,DC-East,Prod-Cluster,esx-prod06.corp.example,Prod,Red Hat Enterprise Linux 9 (64-bit),Red Hat Enterprise Linux 9.2 (Plow),vm-1026,vm-1026,421d8cbb43b409ef2260e70fe0ccedc5,vcsa01.corp.example,5f3c9a8e-1b2d-4c7e-9a10-2f6b8d4e7c31
PRD-WEB-028,poweredOn,False,False,19,toolsOk,12352,12352,No,manual,False,appStatusGray,appStatusGray,,True,True,False,,,,,DC-East,Prod-Cluster,esx-prod03.corp.example,Prod,Microsoft Windows Server 2016 (64-bit),Microsoft Windows Server 2016 Standard,vm-1027,vm-1027,4281627c439472e6da587e8aa25d6b29,vcsa01.corp.example,5f3c9a8e-1b2d-4c7e-9a10-2f6b8d4e7c31
PRD-FS-029,poweredOn,False,False,17,toolsOld,10346,12352,Yes,manual,False,appStatusGray,appStatusGray,,True,True,False,,,,,DC-East,Prod-Cluster,esx-prod03.corp.example,Prod,Microsoft Windows Server 2019 (64-bit),Microsoft Windows Server 2019 Standard,vm-1028,vm-1028,42711c21bdc14f1f295d6fbf430f801d,vcsa01.corp.example,5f3c9a8e-1b2d-4c7e-9a10-2f6b8d4e7c31
PRD-APP-030,poweredOn,False,False,20,toolsOk,12352,12352,No,upgradeAtPowerCycle,False,appStatusGray,appStatusGray,,True,True,False,,,,,DC-East,Prod-Cluster,esx-prod01.corp.example,Prod,Ubuntu Linux (64-bit),Ubuntu 18.04.6 LTS,vm-1029,vm-1029,428d7248951f58d05e84f058d5a804eb,vcsa01.corp.example,5f3c9a8e-1b2d-4c7e-9a10-2f6b8d4e7c31
PRD-SQL-031,poweredOn,False,False,11,toolsOk,12352,12352,No,manual,False,appStatusGray,appStatusGray,,True,True,False,Owner: app-team,,,,DC-East,Prod-Cluster,esx-prod01.corp.example,Prod,Ubuntu Linux (64-bit),Ubuntu 22.04.4 LTS,vm-1030,vm-1030,428f5486c7b5b2bc5a8aaeca1a50aec3,vcsa01.corp.example,5f3c9a8e-1b2d-4c7e-9a10-2f6b8d4e7c31
PRD-APP-032,poweredOn,False,False,11,toolsOk,12352,12352,No,upgradeAtPowerCycle,False,appStatusGray,appStatusGray,,True,True,False,,,,,DC-East,Prod-Cluster,esx-prod02.corp.example,Prod,CentOS 7 (64-bit),CentOS Linux 7 (Core),vm-1031,vm-1031,42c84a7b550a1b46ecab3301bc8f7d29,vcsa01.corp.example,5f3c9a8e-1b2d-4c7e-9a10-2f6b8d4e7c31
PRD-WEB-033,poweredOn,False,False,20,toolsOld,11333,12352,Yes,manual,False,appStatusGray,appStatusGray,,True,True,False,,,,,DC-East,Prod-Cluster,esx-prod03.corp.example,Prod,Microsoft Windows Server 2019 (64-bit),Microsoft Windows Server 2019 Standard,vm-1032,vm-1032,4238f16a787f2425dbccc47709e9db0a,vcsa01.corp.example,5f3c9a8e-1b2d-4c7e-9a10-2f6b8d4e7c31
PRD-WEB-034,poweredOn,False,False,20,toolsOk,12352,12352,No,upgradeAtPowerCycle,False,appStatusGray,appStatusGray,,True,True,False,Owner: app-team,,,,DC-East,Prod-Cluster,esx-prod02.corp.example,Prod,Microsoft Windows Server 2019 (64-bit),Microsoft Windows Server 2019 Standard,vm-1033,vm-1033,42c5f8bcf7860b5011c58ef0dd463c09,vcsa01.corp.example,5f3c9a8e-1b2d-4c7e-9a10-2f6b8d4e7c31
PRD-SVC-035,poweredOn,False,False,20,toolsOk,12352,12352,No,manual,False,appStatusGray,appStatusGray,,True,True,False,,,,,DC-East,Prod-Cluster,esx-prod03.corp.example,Prod,Ubuntu Linux (64-bit),Ubuntu 18.04.6 LTS,vm-1034,vm-1034,4209cb3943f59a85fbc9f87af668a617,vcsa01.corp.example,5f3c9a8e-1b2d-4c7e-9a10-2f6b8d4e7c31
PRD-SQL-036,poweredOn,False,False,14,toolsOk,12352,12352,No,upgradeAtPowerCycle,False,appStatusGray,appStatusGray,,True,True,False,Owner: app-team,,,,DC-East,Prod-Cluster,esx-prod04.corp.example,Prod,Microsoft Windows Server 2016 (64-bit),Microsoft Windows Server 2016 Standard,vm-1035,vm-1035,420b5cea41357e8c30a900ad939b462d,vcsa01.corp.example,5f3c9a8e-1b2d-4c7e-9a10-2f6b8d4e7c31
PRD-SVC-037,poweredOn,False,False,11,toolsOld,11269,12352,Yes,manual,False,appStatusGray,appStatusGray,,True,True,False,Owner: app-team,,,,DC-East,Prod-Cluster,esx-prod06.corp.example,Prod,Red Hat Enterprise Linux 8 (64-bit),Red Hat Enterprise Linux 8.8 (Ootpa),vm-1036,vm-1036,42aa0b7bf2e9702d11e9cdaa6e6981a3,vcsa01.corp.example,5f3c9a8e-1b2d-4c7e-9a10-2f6b8d4e7c31
PRD-APP-038,poweredOn,False,False,17,toolsOk,12352,12352,No,manual,False,appStatusGray,appStatusGray,,True,True,False,,,,,DC-East,Prod-Cluster,esx-prod06.corp.example,Prod,Ubuntu Linux (64-bit),Ubuntu 22.04.4 LTS,vm-1037,vm-1037,424bb00fb27c40266703b6365380b904,vcsa01.corp.example,5f3c9a8e-1b2d-4c7e-9a10-2f6b8d4e7c31
PRD-FS-039,poweredOn,False,False,20,toolsOk,12352,12352,No,upgradeAtPowerCycle,False,appStatusGray,appStatusGray,,True,True,False,,,,,DC-East,Prod-Cluster,esx-prod06.corp.example,Prod,Red Hat Enterprise Linux 8 (64-bit),Red Hat Enterprise Linux 8.8 (Ootpa),vm-1038,vm-1038,42001a9ad56f03508c459ce267f48ad5,vcsa01.corp.example,5f3c9a8e-1b2d-4c7e-9a10-2f6b8d4e7c31
PRD-CTX-040,poweredOn,False,False,11,toolsOk,12352,12352,No,upgradeAtPowerCycle,False,appStatusGray,appStatusGray,,True,True,False,Owner: app-team,,,,DC-East,Prod-Cluster,esx-prod05.corp.example,Prod,Microsoft Windows Server 2012 (64-bit),Microsoft Windows Server 2012 R2 Standard,vm-1039,vm-1039,42cb323e7922bac282dc4c8e36b5229a,vcsa01.corp.example,5f3c9a8e-1b2d-4c7e-9a10-2f6b8d4e7c31
PRD-APP-041,poweredOn,False,False,14,toolsNotRunning,12320,12352,No,upgradeAtPowerCycle,False,appStatusGray,appStatusGray,,True,True,False,,,,,DC-East,Prod-Cluster,esx-prod03.corp.example,Prod,Microsoft Windows Server 2016 (64-bit),Microsoft Windows Server 2016 Standard,vm-1040,vm-1040,423c2059c04a96c4f3b63fe1d1843324,vcsa01.corp.example,5f3c9a8e-1b2d-4c7e-9a10-2f6b8d4e7c31
PRD-APP-042,poweredOn,False,False,17,toolsOk,12352,12352,No,upgradeAtPowerCycle,False,appStatusGray,appStatusGray,,True,True,False,,,,,DC-East,Prod-Cluster,esx-prod01.corp.example,Prod,Microsoft Windows Server 2019 (64-bit),Microsoft Windows Server 2019 Standard,vm-1041,vm-1041,42e2d9de6a18ce4c7496276412a4def0,vcsa01.corp.example,5f3c9a8e-1b2d-4c7e-9a10-2f6b8d4e7c31
PRD-FS-043,poweredOn,False,False,11,toolsOk,12352,12352,No,upgradeAtPowerCycle,False,appStatusGray,appStatusGray,,True,True,False,Owner: app-team,,,,DC-East,Prod-Cluster,esx-prod04.corp.example,Prod,Microsoft Windows Server 2016 or later (64-bit),Microsoft Windows Server 2022 Datacenter,vm-1042,vm-1042,42c521bfdc45d539c03f3538e4855aa1,vcsa01.corp.example,5f3c9a8e-1b2d-4c7e-9a10-2f6b8d4e7c31
PRD-APP-044,poweredOn,False,False,13,toolsOk,12352,12352,No,upgradeAtPowerCycle,False,appStatusGray,appStatusGray,,True,True,False,,,,,DC-East,Prod-Cluster,esx-prod06.corp.example,Prod,Microsoft Windows Server 2016 (64-bit),Microsoft Windows Server 2016 Standard,vm-1043,vm-1043,4222228274daaebf1f115b76d92c9227,vcsa01.corp.example,5f3c9a8e-1b2d-4c7e-9a10-2f6b8d4e7c31
PRD-CTX-045,poweredOn,False,False,11,toolsOk,12352,12352,No,upgradeAtPowerCycle,False,appStatusGray,appStatusGray,,True,True,False,,,,,DC-East,Prod-Cluster,esx-prod03.corp.example,Prod,Ubuntu Linux (64-bit),Ubuntu 18.04.6 LTS,vm-1044,vm-1044,42d4a02e6d3ee1dc81392443e45b712e,vcsa01.corp.example,5f3c9a8e-1b2d-4c7e-9a10-2f6b8d4e7c31
PRD-RDS-046,poweredOn,False,False,20,toolsOk,12352,12352,No,upgradeAtPowerCycle,False,appStatusGray,appStatusGray,,True,True,False,,,,,DC-East,Prod-Cluster,esx-prod04.corp.example,Prod,Microsoft Windows Server 2019 (64-bit),Microsoft Windows Server 2019 Standard,vm-1045,vm-1045,42a072957c0e8cd88573e793c715b2b9,vcsa01.corp.example,5f3c9a8e-1b2d-4c7e-9a10-2f6b8d4e7c31
PRD-WEB-047,poweredOn,False,False,20,toolsOk,12352,12352,No,upgradeAtPowerCycle,False,appStatusGray,appStatusGray,,True,True,False,,,,,DC-East,Prod-Cluster,esx-prod02.corp.example,Prod,Microsoft Windows Server 2019 (64-bit),Microsoft Windows Server 2019 Standard,vm-1046,vm-1046,42b1a6b1620e99d33b33f3d8269cd696,vcsa01.corp.example,5f3c9a8e-1b2d-4c7e-9a10-2f6b8d4e7c31
PRD-FS-048,poweredOn,False,False,17,toolsOld,11333,12352,Yes,manual,False,appStatusGray,appStatusGray,,True,True,False,,,,,DC-East,Prod-Cluster,esx-prod03.corp.example,Prod,Microsoft Windows Server 2016 (64-bit),Microsoft Windows Server 2016 Standard,vm-1047,vm-1047,42c51155e7a37e8163b4c08b6b8e869f,vcsa01.corp.example,5f3c9a8e-1b2d-4c7e-9a10-2f6b8d4e7c31
PRD-CTX-049,poweredOn,False,False,19,toolsOk,12352,12352,No,upgradeAtPowerCycle,False,appStatusGray,appStatusGray,,True,True,False,,,,,DC-East,Prod-Cluster,esx-prod04.corp.example,Prod,Microsoft Windows Server 2016 (64-bit),Microsoft Windows Server 2016 Standard,vm-1048,vm-1048,42d5f250f41402b1e4429ebbda7b9095,vcsa01.corp.example,5f3c9a8e-1b2d-4c7e-9a10-2f6b8d4e7c31
PRD-CTX-050,poweredOn,False,False,13,toolsOk,12352,12352,No,manual,False,appStatusGray,appStatusGray,,True,True,False,Owner: app-team,,,,DC-East,Prod-Cluster,esx-prod02.corp.example,Prod,Microsoft Windows Server 2016 (64-bit),Microsoft Windows Server 2016 Standard,vm-1049,vm-1049,42addc3eab3b4d37560c95ee638c254c,vcsa01.corp.example,5f3c9a8e-1b2d-4c7e-9a10-2f6b8d4e7c31
PRD-RDS-051,poweredOff,False,False,21,toolsNotRunning,12320,12352,No,upgradeAtPowerCycle,False,appStatusGray,appStatusGray,,False,True,False,,,,,DC-East,Prod-Cluster,esx-prod02.corp.example,Prod,Microsoft Windows 10 (64-bit),,vm-1050,vm-1050,4206f028a9ba5a27907bfe36978648f8,vcsa01.corp.example,5f3c9a8e-1b2d-4c7e-9a10-2f6b8d4e7c31
PRD-RDS-052,poweredOn,False,False,20,toolsOld,11269,12352,Yes,upgradeAtPowerCycle,False,appStatusGray,appStatusGray,,True,True,False,Owner: app-team,,,,DC-East,Prod-Cluster,esx-prod02.corp.example,Prod,Microsoft Windows Server 2019 (64-bit),Microsoft Windows Server 2019 Standard,vm-1051,vm-1051,42e13016c2dff33556666f9f53ac2ab9,vcsa01.corp.example,5f3c9a8e-1b2d-4c7e-9a10-2f6b8d4e7c31
PRD-APP-053,suspended,False,False,14,toolsNotRunning,12320,12352,No,upgradeAtPowerCycle,False,appStatusGray,appStatusGray,,False,True,False,,,,,DC-East,Prod-Cluster,esx-prod04.corp.example,Prod,Microsoft Windows Server 2019 (64-bit),,vm-1052,vm-1052,421190f9a66fd7f739669fa759970043,vcsa01.corp.example,5f3c9a8e-1b2d-4c7e-9a10-2f6b8d4e7c31
PRD-APP-054,poweredOn,False,False,17,toolsNotInstalled,0,12352,No,manual,False,appStatusGray,appStatusGray,,True,True,False,,,,,DC-East,Prod-Cluster,esx-prod02.corp.example,Prod,Microsoft Windows Server 2019 (64-bit),Microsoft Windows Server 2019 Standard,vm-1053,vm-1053,421d48a0ab61a7b1793b4c3220500494,vcsa01.corp.example,5f3c9a8e-1b2d-4c7e-9a10-2f6b8d4e7c31
PRD-WEB-055,poweredOn,False,False,17,toolsOk,12352,12352,No,upgradeAtPowerCycle,False,appStatusGray,appStatusGray,,True,True,False,,,,,DC-East,Prod-Cluster,esx-prod03.corp.example,Prod,Microsoft Windows Server 2019 (64-bit),Microsoft Windows Server 2019 Standard,vm-1054,vm-1054,421bac5c4fa03f26f6f7f0cc29ec8e49,vcsa01.corp.example,5f3c9a8e-1b2d-4c7e-9a10-2f6b8d4e7c31
PRD-FS-056,poweredOn,False,False,14,toolsOk,12352,12352,No,upgradeAtPowerCycle,False,appStatusGray,appStatusGray,,True,True,False,Owner: app-team,,,,DC-East,Prod-Cluster,esx-prod04.corp.example,Prod,Ubuntu Linux (64-bit),Ubuntu 18.04.6 LTS,vm-1055,vm-1055,421a16343e2b6091a092f52ad4a057a7,vcsa01.corp.example,5f3c9a8e-1b2d-4c7e-9a10-2f6b8d4e7c31
PRD-APP-057,poweredOn,False,False,20,toolsOld,10346,12352,Yes,upgradeAtPowerCycle,False,appStatusGray,appStatusGray,,True,True,False,,,,,DC-East,Prod-Cluster,esx-prod05.corp.example,Prod,Red Hat Enterprise Linux 8 (64-bit),Red Hat Enterprise Linux 8.8 (Ootpa),vm-1056,vm-1056,42a5c5658186a57611a726095eddbbbf,vcsa01.corp.example,5f3c9a8e-1b2d-4c7e-9a10-2f6b8d4e7c31
PRD-FS-058,poweredOn,False,False,20,toolsOk,12352,12352,No,manual,False,appStatusGray,appStatusGray,,True,True,False,Owner: app-team,,,,DC-East,Prod-Cluster,esx-prod03.corp.example,Prod,Microsoft Windows Server 2012 (64-bit),Microsoft Windows Server 2012 R2 Standard,vm-1057,vm-1057,42a68460f7294951859131d2bbda0242,vcsa01.corp.example,5f3c9a8e-1b2d-4c7e-9a10-2f6b8d4e7c31
PRD-RDS-059,poweredOn,False,False,21,toolsOk,12352,12352,No,manual,False,appStatusGray,appStatusGray,,True,True,False,,,,,DC-East,Prod-Cluster,esx-prod04.corp.example,Prod,Microsoft Windows Server 2016 or later (64-bit),Microsoft Windows Server 2022 Datacenter,vm-1058,vm-1058,42ef4361d4aac9a33ed8c56cda09dfa0,vcsa01.corp.example,5f3c9a8e-1b2d-4c7e-9a10-2f6b8d4e7c31
PRD-RDS-060,poweredOn,False,False,20,toolsOk,12352,12352,No,manual,False,appStatusGray,appStatusGray,,True,True,False,,,,,DC-East,Prod-Cluster,esx-prod05.corp.example,Prod,Microsoft Windows Server 2012 (64-bit),Microsoft Windows Server 2012 R2 Standard,vm-1059,vm-1059,427cd0122e8d0e87533420e6d9d80b8d,vcsa01.corp.example,5f3c9a8e-1b2d-4c7e-9a10-2f6b8d4e7c31
PRD-WEB-061,poweredOn,False,False,14,toolsOk,12352,12352,No,manual,False,appStatusGray,appStatusGray,,True,True,False,Owner: app-team,,,,DC-East,Prod-Cluster,esx-prod05.corp.example,Prod,Microsoft Windows Server 2008 R2 (64-bit),Microsoft Windows Server 2008 R2 Enterprise,vm-1060,vm-1060,423dc98215eabb2730e912f2f2b43abf,vcsa01.corp.example,5f3c9a8e-1b2d-4c7e-9a10-2f6b8d4e7c31
PRD-WEB-062,poweredOn,False,False,19,toolsOk,12352,12352,No,manual,False,appStatusGray,appStatusGray,,True,True,False,Owner: app-team,,,,DC-East,Prod-Cluster,esx-prod06.corp.example,Prod,Microsoft Windows Server 2016 (64-bit),Microsoft Windows Server 2016 Standard,vm-1061,vm-1061,4238ba8a4b5305e517d2582e046a0df5,vcsa01.corp.example,5f3c9a8e-1b2d-4c7e-9a10-2f6b8d4e7c31
PRD-CTX-063,poweredOn,False,False,14,toolsNotInstalled,0,12352,No,manual,False,appStatusGray,appStatusGray,,True,True,False,,,,,DC-East,Prod-Cluster,esx-prod03.corp.example,Prod,Microsoft Windows Server 2016 (64-bit),Microsoft Windows Server 2016 Standard,vm-1062,vm-1062,425a104154aebd1b8ce6424dbef59fe6,vcsa01.corp.example,5f3c9a8e-1b2d-4c7e-9a10-2f6b8d4e7c31
PRD-WEB-064,poweredOn,False,False,20,toolsOk,12352,12352,No,manual,False,appStatusGray,appStatusGray,,True,True,False,,,,,DC-East,Prod-Cluster,esx-prod01.corp.example,Prod,Red Hat Enterprise Linux 8 (64-bit),Red Hat Enterprise Linux 8.8 (Ootpa),vm-1063,vm-1063,422f65fab0ae8f08c31edbbcf36cb62b,vcsa01.corp.example,5f3c9a8e-1b2d-4c7e-9a10-2f6b8d4e7c31
PRD-CTX-065,poweredOn,False,False,14,toolsOk,12352,12352,No,manual,False,appStatusGray,appStatusGray,,True,True,False,,,,,DC-East,Prod-Cluster,esx-prod05.corp.example,Prod,Microsoft Windows Server 2016 (64-bit),Microsoft Windows Server 2016 Standard,vm-1064,vm-1064,42039f3a4d6168bd2defe1935c62b3a2,vcsa01.corp.example,5f3c9a8e-1b2d-4c7e-9a10-2f6b8d4e7c31
PRD-APP-066,poweredOn,False,False,17,toolsOld,11333,12352,Yes,manual,False,appStatusGray,appStatusGray,,True,True,False,Owner: app-team,,,,DC-East,Prod-Cluster,esx-prod05.corp.example,Prod,Microsoft Windows Server 2016 or later (64-bit),Microsoft Windows Server 2022 Datacenter,vm-1065,vm-1065,420323d3df6a8f931a432f0a7daa39f0,vcsa01.corp.example,5f3c9a8e-1b2d-4c7e-9a10-2f6b8d4e7c31
PRD-SQL-067,poweredOn,False,False,17,toolsOk,12352,12352,No,manual,False,appStatusGray,appStatusGray,,True,True,False,,,,,DC-East,Prod-Cluster,esx-prod02.corp.example,Prod,SUSE Linux Enterprise 15 (64-bit),SUSE Linux Enterprise Server 15 SP5,vm-1066,vm-1066,4212f70c7de31a516694c34310ba58e3,vcsa01.corp.example,5f3c9a8e-1b2d-4c7e-9a10-2f6b8d4e7c31
PRD-APP-068,poweredOn,False,False,13,toolsOk,12352,12352,No,upgradeAtPowerCycle,False,appStatusGray,appStatusGray,,True,True,False,Owner: app-team,,,,DC-East,Prod-Cluster,esx-prod05.corp.example,Prod,Ubuntu Linux (64-bit),Ubuntu 18.04.6 LTS,vm-1067,vm-1067,42989bc49b37a22b6a8a616fc3b290d0,vcsa01.corp.example,5f3c9a8e-1b2d-4c7e-9a10-2f6b8d4e7c31
PRD-RDS-069,poweredOn,False,False,14,toolsOk,12352,12352,No,upgradeAtPowerCycle,False,appStatusGray,appStatusGray,,True,True,False,,,,,DC-East,Prod-Cluster,esx-prod04.corp.example,Prod,Microsoft Windows Server 2016 or later (64-bit),Microsoft Windows Server 2022 Datacenter,vm-1068,vm-1068,42f5c9b09c10c5720f6b40d09efba58b,vcsa01.corp.example,5f3c9a8e-1b2d-4c7e-9a10-2f6b8d4e7c31
PRD-WEB-070,poweredOn,False,False,19,toolsOk,12352,12352,No,manual,False,appStatusGray,appStatusGray,,True,True,False,,,,,DC-East,Prod-Cluster,esx-prod03.corp.example,Prod,Microsoft Windows Server 2012 (64-bit),Microsoft Windows Server 2012 R2 Standard,vm-1069,vm-1069,4268949b00af5b3a2812859a1337739e,vcsa01.corp.example,5f3c9a8e-1b2d-4c7e-9a10-2f6b8d4e7c31
PRD-APP-071,poweredOn,False,False,13,toolsOk,12352,12352,No,manual,False,appStatusGray,appStatusGray,,True,True,False,Owner: app-team,,,,DC-East,Prod-Cluster,esx-prod02.corp.example,Prod,Microsoft Windows Server 2016 or later (64-bit),Microsoft Windows Server 2022 Datacenter,vm-1070,vm-1070,42c9af1843b9da13ec856f373bc1a987,vcsa01.corp.example,5f3c9a8e-1b2d-4c7e-9a10-2f6b8d4e7c31
PRD-WEB-072,poweredOn,False,False,21,toolsOk,12352,12352,No,upgradeAtPowerCycle,False,appStatusGray,appStatusGray,,True,True,False,,,,,DC-East,Prod-Cluster,esx-prod04.corp.example,Prod,Microsoft Windows Server 2019 (64-bit),Microsoft Windows Server 2019 Standard,vm-1071,vm-1071,421247ea246998e8d39e198b44007d5a,vcsa01.corp.example,5f3c9a8e-1b2d-4c7e-9a10-2f6b8d4e7c31
PRD-CTX-073,poweredOn,False,False,19,toolsOk,12352,12352,No,manual,False,appStatusGray,appStatusGray,,True,True,False,,,,,DC-East,Prod-Cluster,esx-prod03.corp.example,Prod,Microsoft Windows Server 2016 or later (64-bit),Microsoft Windows Server 2022 Datacenter,vm-1072,vm-1072,428a3c3b801ef1da45b1ed25f1533ae8,vcsa01.corp.example,5f3c9a8e-1b2d-4c7e-9a10-2f6b8d4e7c31
PRD-FS-074,poweredOn,False,False,17,toolsOk,12352,12352,No,manual,False,appStatusGray,appStatusGray,,True,True,False,,,,,DC-East,Prod-Cluster,esx-prod06.corp.example,Prod,Microsoft Windows Server 2016 or later (64-bit),Microsoft Windows Server 2022 Datacenter,vm-1073,vm-1073,42dc4ad5d6016237ac9ed156f63fce41,vcsa01.corp.example,5f3c9a8e-1b2d-4c7e-9a10-2f6b8d4e7c31
PRD-WEB-075,poweredOn,False,False,9,toolsOk,12352,12352,No,upgradeAtPowerCycle,False,appStatusGray,appStatusGray,,True,True,False,,,,,DC-East,Prod-Cluster,esx-prod05.corp.example,Prod,Microsoft Windows Server 2019 (64-bit),Microsoft Windows Server 2019 Standard,vm-1074,vm-1074,422e7612473544f9ea83bf007135f221,vcsa01.corp.example,5f3c9a8e-1b2d-4c7e-9a10-2f6b8d4e7c31
PRD-RDS-076,poweredOn,False,False,19,toolsOk,12352,12352,No,manual,False,appStatusGray,appStatusGray,,True,True,False,,,,,DC-East,Prod-Cluster,esx-prod01.corp.example,Prod,Microsoft Windows Server 2016 or later (64-bit),Microsoft Windows Server 2022 Datacenter,vm-1075,vm-1075,42546e03292bd156db9465701ac70ec0,vcsa01.corp.example,5f3c9a8e-1b2d-4c7e-9a10-2f6b8d4e7c31
PRD-FS-077,poweredOn,False,False,13,toolsOk,12352,12352,No,manual,False,appStatusGray,appStatusGray,,True,True,False,Owner: app-team,,,,DC-East,Prod-Cluster,esx-prod05.corp.example,Prod,Microsoft Windows Server 2019 (64-bit),Microsoft Windows Server 2019 Standard,vm-1076,vm-1076,42677804c5c5b37af85e06a11dad09b2,vcsa01.corp.example,5f3c9a8e-1b2d-4c7e-9a10-2f6b8d4e7c31
PRD-SVC-078,poweredOn,False,False,14,toolsOk,12352,12352,No,upgradeAtPowerCycle,False,appStatusGray,appStatusGray,,True,True,False,,,,,DC-East,Prod-Cluster,esx-prod04.corp.example,Prod,Microsoft Windows Server 2016 or later (64-bit),Microsoft Windows Server 2022 Datacenter,vm-1077,vm-1077,42712998a01ac9927f9d3e64c1a6423b,vcsa01.corp.example,5f3c9a8e-1b2d-4c7e-9a10-2f6b8d4e7c31
PRD-APP-079,poweredOn,False,False,20,toolsOk,12352,12352,No,manual,False,appStatusGray,appStatusGray,,True,True,False,Owner: app-team,,,,DC-East,Prod-Cluster,esx-prod03.corp.example,Prod,Microsoft Windows Server 2016 or later (64-bit),Microsoft Windows Server 2022 Datacenter,vm-1078,vm-1078,42cc9fd39bdf0377a14923c2f920264c,vcsa01.corp.example,5f3c9a8e-1b2d-4c7e-9a10-2f6b8d4e7c31
PRD-APP-080,poweredOn,False,False,19,toolsOk,12352,12352,No,manual,False,appStatusGray,appStatusGray,,True,True,False,Owner: app-team,,,,DC-East,Prod-Cluster,esx-prod05.corp.example,Prod,Microsoft Windows Server 2016 or later (64-bit),Microsoft Windows Server 2022 Datacenter,vm-1079,vm-1079,42276aa6d50755d9a5d04d531e1242e3,vcsa01.corp.example,5f3c9a8e-1b2d-4c7e-9a10-2f6b8d4e7c31
PRD-WEB-081,poweredOn,False,False,17,toolsOk,12352,12352,No,upgradeAtPowerCycle,False,appStatusGray,appStatusGray,,True,True,False,Owner: app-team,,,,DC-East,Prod-Cluster,esx-prod04.corp.example,Prod,CentOS 7 (64-bit),CentOS Linux 7 (Core),vm-1080,vm-1080,42ebff8d30cbd7556232b17a25074181,vcsa01.corp.example,5f3c9a8e-1b2d-4c7e-9a10-2f6b8d4e7c31
PRD-APP-082,poweredOff,False,False,20,toolsNotRunning,12320,12352,No,manual,False,appStatusGray,appStatusGray,,False,True,False,,,,,DC-East,Prod-Cluster,esx-prod03.corp.example,Prod,Red Hat Enterprise Linux 8 (64-bit),,vm-1081,vm-1081,4200a81dd20f87d044656d6b81fb18b3,vcsa01.corp.example,5f3c9a8e-1b2d-4c7e-9a10-2f6b8d4e7c31
PRD-RDS-083,poweredOn,False,False,11,toolsOk,12352,12352,No,upgradeAtPowerCycle,False,appStatusGray,appStatusGray,,True,True,False,,,,,DC-East,Prod-Cluster,esx-prod02.corp.example,Prod,Microsoft Windows Server 2016 or later (64-bit),Microsoft Windows Server 2022 Datacenter,vm-1082,vm-1082,427491766090d6978b1e3b9dc34b9fbb,vcsa01.corp.example,5f3c9a8e-1b2d-4c7e-9a10-2f6b8d4e7c31
PRD-CTX-084,poweredOn,False,False,20,toolsOk,12352,12352,No,manual,False,appStatusGray,appStatusGray,,True,True,False,,,,,DC-East,Prod-Cluster,esx-prod04.corp.example,Prod,Microsoft Windows Server 2019 (64-bit),Microsoft Windows Server 2019 Standard,vm-1083,vm-1083,42cfb87ee9d68f23b489d0707914f8a8,vcsa01.corp.example,5f3c9a8e-1b2d-4c7e-9a10-2f6b8d4e7c31
PRD-RDS-085,poweredOn,False,False,19,toolsNotInstalled,0,12352,No,upgradeAtPowerCycle,False,appStatusGray,appStatusGray,,True,True,False,Owner: app-team,,,,DC-East,Prod-Cluster,esx-prod01.corp.example,Prod,Microsoft Windows Server 2019 (64-bit),Microsoft Windows Server 2019 Standard,vm-1084,vm-1084,421986b470b7e868d85480f0dfcaf0b7,vcsa01.corp.example,5f3c9a8e-1b2d-4c7e-9a10-2f6b8d4e7c31
PRD-APP-086,poweredOn,False,False,14,toolsOk,12352,12352,No,manual,False,appStatusGray,appStatusGray,,True,True,False,,,,,DC-East,Prod-Cluster,esx-prod04.corp.example,Prod,CentOS 7 (64-bit),CentOS Linux 7 (Core),vm-1085,vm-1085,429f8ded56abf2f143d88870f81dbaa1,vcsa01.corp.example,5f3c9a8e-1b2d-4c7e-9a10-2f6b8d4e7c31
PRD-SQL-087,poweredOn,False,False,19,toolsOk,12352,12352,No,manual,False,appStatusGray,appStatusGray,,True,True,False,,,,,DC-East,Prod-Cluster,esx-prod06.corp.example,Prod,CentOS 7 (64-bit),CentOS Linux 7 (Core),vm-1086,vm-1086,42df547e7cea2045c268283ee32f2e63,vcsa01.corp.example,5f3c9a8e-1b2d-4c7e-9a10-2f6b8d4e7c31
PRD-WEB-088,poweredOn,False,False,20,toolsOk,12352,12352,No,manual,False,appStatusGray,appStatusGray,,True,True,False,,,,,DC-East,Prod-Cluster,esx-prod02.corp.example,Prod,Red Hat Enterprise Linux 8 (64-bit),Red Hat Enterprise Linux 8.8 (Ootpa),vm-1087,vm-1087,427194ea19bad7aedf615a5cb4323070,vcsa01.corp.example,5f3c9a8e-1b2d-4c7e-9a10-2f6b8d4e7c31
PRD-SQL-089,poweredOn,False,False,13,toolsOk,12352,12352,No,upgradeAtPowerCycle,False,appStatusGray,appStatusGray,,True,True,False,,,,,DC-East,Prod-Cluster,esx-prod01.corp.example,Prod,Microsoft Windows Server 2016 or later (64-bit),Microsoft Windows Server 2022 Datacenter,vm-1088,vm-1088,42ae8a7890e0a95b697c392387fa841a,vcsa01.corp.example,5f3c9a8e-1b2d-4c7e-9a10-2f6b8d4e7c31
PRD-CTX-090,poweredOff,False,False,20,toolsNotRunning,12320,12352,No,upgradeAtPowerCycle,False,appStatusGray,appStatusGray,,False,True,False,,,,,DC-East,Prod-Cluster,esx-prod04.corp.example,Prod,Microsoft Windows Server 2012 (64-bit),,vm-1089,vm-1089,42a34db7760debbb3b70b3a124a35cf2,vcsa01.corp.example,5f3c9a8e-1b2d-4c7e-9a10-2f6b8d4e7c31
PRD-RDS-091,poweredOn,False,False,17,toolsOk,12352,12352,No,manual,False,appStatusGray,appStatusGray,,True,True,False,Owner: app-team,,,,DC-East,Prod-Cluster,esx-prod03.corp.example,Prod,Microsoft Windows Server 2012 (64-bit),Microsoft Windows Server 2012 R2 Standard,vm-1090,vm-1090,424c955f966b1964fcd6bdca5876fd09,vcsa01.corp.example,5f3c9a8e-1b2d-4c7e-9a10-2f6b8d4e7c31
PRD-RDS-092,poweredOn,False,False,20,toolsOk,12352,12352,No,upgradeAtPowerCycle,False,appStatusGray,appStatusGray,,True,True,False,,,,,DC-East,Prod-Cluster,esx-prod03.corp.example,Prod,Microsoft Windows Server 2019 (64-bit),Microsoft Windows Server 2019 Standard,vm-1091,vm-1091,429326df5be4bf519269869861a11729,vcsa01.corp.example,5f3c9a8e-1b2d-4c7e-9a10-2f6b8d4e7c31
PRD-FS-093,poweredOff,False,False,11,toolsNotRunning,12320,12352,No,manual,False,appStatusGray,appStatusGray,,False,True,False,,,,,DC-East,Prod-Cluster,esx-prod03.corp.example,Prod,Microsoft Windows Server 2019 (64-bit),,vm-1092,vm-1092,42e776b8d534ee1d7f2984f5bec39a37,vcsa01.corp.example,5f3c9a8e-1b2d-4c7e-9a10-2f6b8d4e7c31
PRD-SQL-094,poweredOn,False,False,13,toolsNotInstalled,0,12352,No,upgradeAtPowerCycle,False,appStatusGray,appStatusGray,,True,True,False,,,,,DC-East,Prod-Cluster,esx-prod02.corp.example,Prod,Microsoft Windows Server 2012 (64-bit),Microsoft Windows Server 2012 R2 Standard,vm-1093,vm-1093,42ae4c84a8c01f05c478f6f1b88ec318,vcsa01.corp.example,5f3c9a8e-1b2d-4c7e-9a10-2f6b8d4e7c31
PRD-APP-095,poweredOn,False,False,20,toolsOld,11333,12352,Yes,manual,False,appStatusGray,appStatusGray,,True,True,False,,,,,DC-East,Prod-Cluster,esx-prod03.corp.example,Prod,Red Hat Enterprise Linux 8 (64-bit),Red Hat Enterprise Linux 8.8 (Ootpa),vm-1094,vm-1094,424b8c5be8dd5e5a1712fb1621a4344f,vcsa01.corp.example,5f3c9a8e-1b2d-4c7e-9a10-2f6b8d4e7c31
PRD-APP-096,poweredOn,False,False,11,toolsOk,12352,12352,No,upgradeAtPowerCycle,False,appStatusGray,appStatusGray,,True,True,False,,,,,DC-East,Prod-Cluster,esx-prod05.corp.example,Prod,CentOS 7 (64-bit),CentOS Linux 7 (Core),vm-1095,vm-1095,4241c8ca2a1f955ad499da9945c45a3e,vcsa01.corp.example,5f3c9a8e-1b2d-4c7e-9a10-2f6b8d4e7c31
PRD-SQL-097,poweredOn,False,False,14,toolsOk,12352,12352,No,manual,False,appStatusGray,appStatusGray,,True,True,False,,,,,DC-East,Prod-Cluster,esx-prod01.corp.example,Prod,Microsoft Windows Server 2016 or later (64-bit),Microsoft Windows Server 2022 Datacenter,vm-1096,vm-1096,42b96644ad238d36dc322c9739c1e262,vcsa01.corp.example,5f3c9a8e-1b2d-4c7e-9a10-2f6b8d4e7c31
PRD-APP-098,poweredOn,False,False,17,toolsOk,12352,12352,No,manual,False,appStatusGray,appStatusGray,,True,True,False,,,,,DC-East,Prod-Cluster,esx-prod04.corp.example,Prod,Microsoft Windows Server 2019 (64-bit),Microsoft Windows Server 2019 Standard,vm-1097,vm-1097,42431d02ac1e86d8bfbf397bac3e7b0d,vcsa01.corp.example,5f3c9a8e-1b2d-4c7e-9a10-2f6b8d4e7c31
PRD-APP-099,poweredOff,False,False,20,toolsNotRunning,12320,12352,No,upgradeAtPowerCycle,False,appStatusGray,appStatusGray,,False,True,False,Owner: app-team,,,,DC-East,Prod-Cluster,esx-prod06.corp.example,Prod,Microsoft Windows Server 2019 (64-bit),,vm-1098,vm-1098,429c2e58ea4e361753f8382b8fb864e4,vcsa01.corp.example,5f3c9a8e-1b2d-4c7e-9a10-2f6b8d4e7c31
PRD-RDS-100,poweredOn,False,False,19,toolsOk,12352,12352,No,upgradeAtPowerCycle,False,appStatusGray,appStatusGray,,True,True,False,Owner: app-team,,,,DC-East,Prod-Cluster,esx-prod06.corp.example,Prod,Microsoft Windows Server 2016 or later (64-bit),Microsoft Windows Server 2022 Datacenter,vm-1099,vm-1099,42fef5184dead6450986bbebf23e323d,vcsa01.corp.example,5f3c9a8e-1b2d-4c7e-9a10-2f6b8d4e7c31
PRD-SVC-101,poweredOff,False,False,17,toolsNotRunning,12320,12352,No,upgradeAtPowerCycle,False,appStatusGray,appStatusGray,,False,True,False,Owner: app-team,,,,DC-East,Prod-Cluster,esx-prod02.corp.example,Prod,Microsoft Windows Server 2016 or later (64-bit),,vm-1100,vm-1100,426b4be48a4a0e2df22b5b98b24cc64f,vcsa01.corp.example,5f3c9a8e-1b2d-4c7e-9a10-2f6b8d4e7c31
PRD-FS-102,poweredOn,False,False,20,toolsOk,12352,12352,No,manual,False,appStatusGray,appStatusGray,,True,True,False,Owner: app-team,,,,DC-East,Prod-Cluster,esx-prod06.corp.example,Prod,Microsoft Windows Server 2019 (64-bit),Microsoft Windows Server 2019 Standard,vm-1101,vm-1101,42b0b63b08601833479d0cdaf396ea37,vcsa01.corp.example,5f3c9a8e-1b2d-4c7e-9a10-2f6b8d4e7c31
PRD-SQL-103,poweredOff,False,False,20,toolsNotRunning,12320,12352,No,upgradeAtPowerCycle,False,appStatusGray,appStatusGray,,False,True,False,Owner: app-team,,,,DC-East,Prod-Cluster,esx-prod01.corp.example,Prod,Microsoft Windows 10 (64-bit),,vm-1102,vm-1102,4265ec7a0f8035f55bd20c98a5135ea0,vcsa01.corp.example,5f3c9a8e-1b2d-4c7e-9a10-2f6b8d4e7c31
PRD-WEB-104,poweredOn,False,False,17,toolsOld,11269,12352,Yes,manual,False,appStatusGray,appStatusGray,,True,True,False,Owner: app-team,,,,DC-East,Prod-Cluster,esx-prod06.corp.example,Prod,Microsoft Windows Server 2012 (64-bit),Microsoft Windows Server 2012 R2 Standard,vm-1103,vm-1103,42c97765203c8c25fd235def3e5a87e3,vcsa01.corp.example,5f3c9a8e-1b2d-4c7e-9a10-2f6b8d4e7c31
PRD-CTX-105,poweredOn,False,False,20,toolsOk,12352,12352,No,upgradeAtPowerCycle,False,appStatusGray,appStatusGray,,True,True,False,Owner: app-team,,,,DC-East,Prod-Cluster,esx-prod02.corp.example,Prod,Red Hat Enterprise Linux 9 (64-bit),Red Hat Enterprise Linux 9.2 (Plow),vm-1104,vm-1104,4200b9d4989240ace68933a9c9e48e8c,vcsa01.corp.example,5f3c9a8e-1b2d-4c7e-9a10-2f6b8d4e7c31
PRD-WEB-106,poweredOn,False,False,20,toolsOk,12352,12352,No,upgradeAtPowerCycle,False,appStatusGray,appStatusGray,,True,True,False,,,,,DC-East,Prod-Cluster,esx-prod02.corp.example,Prod,Microsoft Windows Server 2019 (64-bit),Microsoft Windows Server 2019 Standard,vm-1105,vm-1105,4296bf103ce915e7c9d6a63bca3c6f5f,vcsa01.corp.example,5f3c9a8e-1b2d-4c7e-9a10-2f6b8d4e7c31
PRD-APP-107,poweredOn,False,False,20,toolsOld,11269,12352,Yes,manual,False,appStatusGray,appStatusGray,,True,True,False,Owner: app-team,,,,DC-East,Prod-Cluster,esx-prod06.corp.example,Prod,Microsoft Windows Server 2016 or later (64-bit),Microsoft Windows Server 2022 Datacenter,vm-1106,vm-1106,4297fa7f836390075cae9610c72c1fe3,vcsa01.corp.example,5f3c9a8e-1b2d-4c7e-9a10-2f6b8d4e7c31
PRD-APP-108,poweredOn,False,False,9,toolsOk,12352,12352,No,upgradeAtPowerCycle,False,appStatusGray,appStatusGray,,True,True,False,,,,,DC-East,Prod-Cluster,esx-prod06.corp.example,Prod,Red Hat Enterprise Linux 8 (64-bit),Red Hat Enterprise Linux 8.8 (Ootpa),vm-1107,vm-1107,420f924007f97d05f6ca6b8ba4b1f991,vcsa01.corp.example,5f3c9a8e-1b2d-4c7e-9a10-2f6b8d4e7c31
PRD-APP-109,poweredOff,False,False,20,toolsNotRunning,12320,12352,No,manual,False,appStatusGray,appStatusGray,,False,True,False,,,,,DC-East,Prod-Cluster,esx-prod04.corp.example,Prod,Microsoft Windows Server 2008 R2 (64-bit),,vm-1108,vm-1108,4210d08d25f934bf9bb961555275eb94,vcsa01.corp.example,5f3c9a8e-1b2d-4c7e-9a10-2f6b8d4e7c31
PRD-SVC-110,poweredOn,False,False,13,toolsOk,12352,12352,No,upgradeAtPowerCycle,False,appStatusGray,appStatusGray,,True,True,False,,,,,DC-East,Prod-Cluster,esx-prod06.corp.example,Prod,Microsoft Windows Server 2016 or later (64-bit),Microsoft Windows Server 2022 Datacenter,vm-1109,vm-1109,421963c26e218b099afd4015816bcb9f,vcsa01.corp.example,5f3c9a8e-1b2d-4c7e-9a10-2f6b8d4e7c31
PRD-SVC-111,poweredOff,False,False,20,toolsNotRunning,12320,12352,No,upgradeAtPowerCycle,False,appStatusGray,appStatusGray,,False,True,False,,,,,DC-East,Prod-Cluster,esx-prod06.corp.example,Prod,CentOS 7 (64-bit),,vm-1110,vm-1110,42741881d3d1bf0f56c438e469efafb1,vcsa01.corp.example,5f3c9a8e-1b2d-4c7e-9a10-2f6b8d4e7c31
PRD-FS-112,poweredOn,False,False,21,toolsOk,12352,12352,No,upgradeAtPowerCycle,False,appStatusGray,appStatusGray,,True,True,False,,,,,DC-East,Prod-Cluster,esx-prod03.corp.example,Prod,Microsoft Windows Server 2012 (64-bit),Microsoft Windows Server 2012 R2 Standard,vm-1111,vm-1111,42d4ef00175a81ec112fa61279699ed2,vcsa01.corp.example,5f3c9a8e-1b2d-4c7e-9a10-2f6b8d4e7c31
PRD-SQL-113,poweredOn,False,False,11,toolsNotInstalled,0,12352,No,manual,False,appStatusGray,appStatusGray,,True,True,False,,,,,DC-East,Prod-Cluster,esx-prod02.corp.example,Prod,Microsoft Windows Server 2016 (64-bit),Microsoft Windows Server 2016 Standard,vm-1112,vm-1112,425a8567692ac1391f4a8ca1ab85fd59,vcsa01.corp.example,5f3c9a8e-1b2d-4c7e-9a10-2f6b8d4e7c31
PRD-APP-114,poweredOn,False,False,20,toolsOk,12352,12352,No,upgradeAtPowerCycle,False,appStatusGray,appStatusGray,,True,True,False,,,,,DC-East,Prod-Cluster,esx-prod03.corp.example,Prod,Microsoft Windows Server 2016 (64-bit),Microsoft Windows Server 2016 Standard,vm-1113,vm-1113,427b70c3a81fdec3279c658a36760ce5,vcsa01.corp.example,5f3c9a8e-1b2d-4c7e-9a10-2f6b8d4e7c31
PRD-SVC-115,poweredOn,False,False,14,toolsOld,11333,12352,Yes,manual,False,appStatusGray,appStatusGray,,True,True,False,,,,,DC-East,Prod-Cluster,esx-prod03.corp.example,Prod,Microsoft Windows Server 2019 (64-bit),Microsoft Windows Server 2019 Standard,vm-1114,vm-1114,42f97be28f9b72aed85c16bd6dda4f8d,vcsa01.corp.example,5f3c9a8e-1b2d-4c7e-9a10-2f6b8d4e7c31
PRD-SVC-116,poweredOn,False,False,11,toolsOk,12352,12352,No,upgradeAtPowerCycle,False,appStatusGray,appStatusGray,,True,True,False,,,,,DC-East,Prod-Cluster,esx-prod01.corp.example,Prod,Microsoft Windows Server 2012 (64-bit),Microsoft Windows Server 2012 R2 Standard,vm-1115,vm-1115,424f199ec32d4526b3e4110a45f50c52,vcsa01.corp.example,5f3c9a8e-1b2d-4c7e-9a10-2f6b8d4e7c31
PRD-APP-117,poweredOn,False,False,19,toolsNotRunning,12320,12352,No,upgradeAtPowerCycle,False,appStatusGray,appStatusGray,,True,True,False,Owner: app-team,,,,DC-East,Prod-Cluster,esx-prod05.corp.example,Prod,Microsoft Windows Server 2012 (64-bit),Microsoft Windows Server 2012 R2 Standard,vm-1116,vm-1116,42bf012e177d6e7e07d924cef8c88fae,vcsa01.corp.example,5f3c9a8e-1b2d-4c7e-9a10-2f6b8d4e7c31
PRD-SQL-118,poweredOn,False,False,21,toolsOk,12352,12352,No,upgradeAtPowerCycle,False,appStatusGray,appStatusGray,,True,True,False,,,,,DC-East,Prod-Cluster,esx-prod02.corp.example,Prod,Microsoft Windows Server 2016 or later (64-bit),Microsoft Windows Server 2022 Datacenter,vm-1117,vm-1117,42e222b615bfbe9798a21f1c914dcfae,vcsa01.corp.example,5f3c9a8e-1b2d-4c7e-9a10-2f6b8d4e7c31
PRD-APP-119,poweredOn,False,False,19,toolsOld,11269,12352,Yes,upgradeAtPowerCycle,False,appStatusGray,appStatusGray,,True,True,False,Owner: app-team,,,,DC-East,Prod-Cluster,esx-prod03.corp.example,Prod,Microsoft Windows Server 2016 or later (64-bit),Microsoft Windows Server 2022 Datacenter,vm-1118,vm-1118,42c143f4372f871a45ee432d6a07f213,vcsa01.corp.example,5f3c9a8e-1b2d-4c7e-9a10-2f6b8d4e7c31
PRD-WEB-120,poweredOn,False,False,17,toolsOk,12352,12352,No,manual,False,appStatusGray,appStatusGray,,True,True,False,,,,,DC-East,Prod-Cluster,esx-prod06.corp.example,Prod,Microsoft Windows Server 2012 (64-bit),Microsoft Windows Server 2012 R2 Standard,vm-1119,vm-1119,42fc04a1652ffb493873e57f0ba078e8,vcsa01.corp.example,5f3c9a8e-1b2d-4c7e-9a10-2f6b8d4e7c31
PRD-WEB-121,poweredOn,False,False,20,toolsOk,12352,12352,No,manual,False,appStatusGray,appStatusGray,,True,True,False,,,,,DC-East,Prod-Cluster,esx-prod02.corp.example,Prod,Red Hat Enterprise Linux 8 (64-bit),Red Hat Enterprise Linux 8.8 (Ootpa),vm-1120,vm-1120,422cfa556e3f683abf3c51407f54a511,vcsa01.corp.example,5f3c9a8e-1b2d-4c7e-9a10-2f6b8d4e7c31
PRD-SVC-122,poweredOn,False,False,19,toolsOk,12352,12352,No,manual,False,appStatusGray,appStatusGray,,True,True,False,,,,,DC-East,Prod-Cluster,esx-prod05.corp.example,Prod,CentOS 7 (64-bit),CentOS Linux 7 (Core),vm-1121,vm-1121,4204cc3e6fac16730ad45230bdf66ba5,vcsa01.corp.example,5f3c9a8e-1b2d-4c7e-9a10-2f6b8d4e7c31
PRD-FS-123,poweredOn,False,False,20,toolsOld,10346,12352,Yes,manual,False,appStatusGray,appStatusGray,,True,True,False,,,,,DC-East,Prod-Cluster,esx-prod05.corp.example,Prod,Microsoft Windows Server 2016 or later (64-bit),Microsoft Windows Server 2022 Datacenter,vm-1122,vm-1122,42532401f758dce20556daea67b03283,vcsa01.corp.example,5f3c9a8e-1b2d-4c7e-9a10-2f6b8d4e7c31
PRD-SQL-124,poweredOn,False,False,11,toolsOk,12352,12352,No,manual,False,appStatusGray,appStatusGray,,True,True,False,,,,,DC-East,Prod-Cluster,esx-prod01.corp.example,Prod,Microsoft Windows Server 2016 or later (64-bit),Microsoft Windows Server 2022 Datacenter,vm-1123,vm-1123,426550f71422373f862268d16683e107,vcsa01.corp.example,5f3c9a8e-1b2d-4c7e-9a10-2f6b8d4e7c31
PRD-SQL-125,poweredOn,False,False,20,toolsOk,12352,12352,No,upgradeAtPowerCycle,False,appStatusGray,appStatusGray,,True,True,False,,,,,DC-East,Prod-Cluster,esx-prod02.corp.example,Prod,Microsoft Windows Server 2019 (64-bit),Microsoft Windows Server 2019 Standard,vm-1124,vm-1124,425970a8c6b6e4ade7ea8d5a31a3ac4d,vcsa01.corp.example,5f3c9a8e-1b2d-4c7e-9a10-2f6b8d4e7c31
PRD-APP-126,poweredOn,False,False,21,toolsOld,10346,12352,Yes,manual,False,appStatusGray,appStatusGray,,True,True,False,Owner: app-team,,,,DC-East,Prod-Cluster,esx-prod02.corp.example,Prod,Microsoft Windows Server 2019 (64-bit),Microsoft Windows Server 2019 Standard,vm-1125,vm-1125,42a7cf70c257cf73c29d782b2722796e,vcsa01.corp.example,5f3c9a8e-1b2d-4c7e-9a10-2f6b8d4e7c31
PRD-RDS-127,poweredOff,False,False,17,toolsNotRunning,12320,12352,No,manual,False,appStatusGray,appStatusGray,,False,True,False,,,,,DC-East,Prod-Cluster,esx-prod05.corp.example,Prod,Red Hat Enterprise Linux 8 (64-bit),,vm-1126,vm-1126,42fc8d5ba2a2e91fa49b1cd99082889b,vcsa01.corp.example,5f3c9a8e-1b2d-4c7e-9a10-2f6b8d4e7c31
PRD-RDS-128,poweredOn,False,False,21,toolsOk,12352,12352,No,upgradeAtPowerCycle,False,appStatusGray,appStatusGray,,True,True,False,,,,,DC-East,Prod-Cluster,esx-prod01.corp.example,Prod,Microsoft Windows Server 2016 or later (64-bit),Microsoft Windows Server 2022 Datacenter,vm-1127,vm-1127,4281e0d45a18e2a30e614bcd97674900,vcsa01.corp.example,5f3c9a8e-1b2d-4c7e-9a10-2f6b8d4e7c31
PRD-APP-129,poweredOn,False,False,19,toolsOld,11269,12352,Yes,manual,False,appStatusGray,appStatusGray,,True,True,False,Owner: app-team,,,,DC-East,Prod-Cluster,esx-prod03.corp.example,Prod,Red Hat Enterprise Linux 9 (64-bit),Red Hat Enterprise Linux 9.2 (Plow),vm-1128,vm-1128,4298159d9d713084171dabf9daf481a7,vcsa01.corp.example,5f3c9a8e-1b2d-4c7e-9a10-2f6b8d4e7c31
PRD-APP-130,poweredOn,False,False,10,toolsNotInstalled,0,12352,No,manual,False,appStatusGray,appStatusGray,,True,True,False,Owner: app-team,,,,DC-East,Prod-Cluster,esx-prod04.corp.example,Prod,Ubuntu Linux (64-bit),Ubuntu 22.04.4 LTS,vm-1129,vm-1129,42269ed480599b9379c2d2e49ae1a991,vcsa01.corp.example,5f3c9a8e-1b2d-4c7e-9a10-2f6b8d4e7c31
PRD-SQL-131,poweredOn,False,False,19,toolsOk,12352,12352,No,manual,False,appStatusGray,appStatusGray,,True,True,False,,,,,DC-East,Prod-Cluster,esx-prod06.corp.example,Prod,Microsoft Windows Server 2019 (64-bit),Microsoft Windows Server 2019 Standard,vm-1130,vm-1130,42707df2fdb1429e7010ed13b526b22d,vcsa01.corp.example,5f3c9a8e-1b2d-4c7e-9a10-2f6b8d4e7c31
PRD-SQL-132,poweredOn,False,False,21,toolsOk,12352,12352,No,manual,False,appStatusGray,appStatusGray,,True,True,False,Owner: app-team,,,,DC-East,Prod-Cluster,esx-prod03.corp.example,Prod,Microsoft Windows Server 2016 or later (64-bit),Microsoft Windows Server 2022 Datacenter,vm-1131,vm-1131,4255ab94a5b5cdc2a181c85eca0ac6ac,vcsa01.corp.example,5f3c9a8e-1b2d-4c7e-9a10-2f6b8d4e7c31
PRD-FS-133,poweredOn,False,False,20,toolsOk,12352,12352,No,upgradeAtPowerCycle,False,appStatusGray,appStatusGray,,True,True,False,,,,,DC-East,Prod-Cluster,esx-prod03.corp.example,Prod,Microsoft Windows Server 2019 (64-bit),Microsoft Windows Server 2019 Standard,vm-1132,vm-1132,42a9e27b952e6abb14dd5061555736f8,vcsa01.corp.example,5f3c9a8e-1b2d-4c7e-9a10-2f6b8d4e7c31
PRD-FS-134,poweredOn,False,False,20,toolsOk,12352,12352,No,manual,False,appStatusGray,appStatusGray,,True,True,False,,,,,DC-East,Prod-Cluster,esx-prod02.corp.example,Prod,Microsoft Windows Server 2016 (64-bit),Microsoft Windows Server 2016 Standard,vm-1133,vm-1133,42d02ce054170a17caaa5bbea4bbf962,vcsa01.corp.example,5f3c9a8e-1b2d-4c7e-9a10-2f6b8d4e7c31
PRD-SVC-135,poweredOn,False,False,20,toolsOk,12352,12352,No,manual,False,appStatusGray,appStatusGray,,True,True,False,Owner: app-team,,,,DC-East,Prod-Cluster,esx-prod01.corp.example,Prod,Microsoft Windows Server 2012 (64-bit),Microsoft Windows Server 2012 R2 Standard,vm-1134,vm-1134,42f37fd52e25b5ee4f11d8dc5cd33369,vcsa01.corp.example,5f3c9a8e-1b2d-4c7e-9a10-2f6b8d4e7c31
PRD-WEB-136,poweredOn,False,False,19,toolsOk,12352,12352,No,upgradeAtPowerCycle,False,appStatusGray,appStatusGray,,True,True,False,,,,,DC-East,Prod-Cluster,esx-prod02.corp.example,Prod,Microsoft Windows Server 2019 (64-bit),Microsoft Windows Server 2019 Standard,vm-1135,vm-1135,42e238febd17c5e8d5ca69ab8a2e6a93,vcsa01.corp.example,5f3c9a8e-1b2d-4c7e-9a10-2f6b8d4e7c31
PRD-CTX-137,poweredOn,False,False,11,toolsOld,11269,12352,Yes,upgradeAtPowerCycle,False,appStatusGray,appStatusGray,,True,True,False,,,,,DC-East,Prod-Cluster,esx-prod02.corp.example,Prod,Microsoft Windows Server 2016 (64-bit),Microsoft Windows Server 2016 Standard,vm-1136,vm-1136,42cf1d7d9feefdffc566aa81b15e54f6,vcsa01.corp.example,5f3c9a8e-1b2d-4c7e-9a10-2f6b8d4e7c31
PRD-FS-138,poweredOn,False,False,20,toolsOk,12352,12352,No,manual,False,appStatusGray,appStatusGray,,True,True,False,,,,,DC-East,Prod-Cluster,esx-prod03.corp.example,Prod,Microsoft Windows Server 2012 (64-bit),Microsoft Windows Server 2012 R2 Standard,vm-1137,vm-1137,4272ecf1c8a723e9bfa016c2c09cb506,vcsa01.corp.example,5f3c9a8e-1b2d-4c7e-9a10-2f6b8d4e7c31
PRD-RDS-139,poweredOn,False,False,19,toolsOk,12352,12352,No,manual,False,appStatusGray,appStatusGray,,True,True,False,,,,,DC-East,Prod-Cluster,esx-prod02.corp.example,Prod,Microsoft Windows Server 2016 or later (64-bit),Microsoft Windows Server 2022 Datacenter,vm-1138,vm-1138,4280be7e61c2645ac733230448223120,vcsa01.corp.example,5f3c9a8e-1b2d-4c7e-9a10-2f6b8d4e7c31
PRD-CTX-140,poweredOn,False,False,14,toolsOk,12352,12352,No,upgradeAtPowerCycle,False,appStatusGray,appStatusGray,,True,True,False,,,,,DC-East,Prod-Cluster,esx-prod02.corp.example,Prod,CentOS 7 (64-bit),CentOS Linux 7 (Core),vm-1139,vm-1139,421a4352ef2ddcc48df661da5f07c1a5,vcsa01.corp.example,5f3c9a8e-1b2d-4c7e-9a10-2f6b8d4e7c31
PRD-APP-141,poweredOn,False,False,13,toolsOk,12352,12352,No,upgradeAtPowerCycle,False,appStatusGray,appStatusGray,,True,True,False,,,,,DC-East,Prod-Cluster,esx-prod02.corp.example,Prod,Microsoft Windows Server 2019 (64-bit),Microsoft Windows Server 2019 Standard,vm-1140,vm-1140,4238d77be916da57f24823ab177a8a5f,vcsa01.corp.example,5f3c9a8e-1b2d-4c7e-9a10-2f6b8d4e7c31
PRD-APP-142,suspended,False,False,11,toolsNotRunning,12320,12352,No,manual,False,appStatusGray,appStatusGray,,False,True,False,,,,,DC-East,Prod-Cluster,esx-prod04.corp.example,Prod,Microsoft Windows Server 2016 (64-bit),,vm-1141,vm-1141,4251955407374c86397b5f515ffa46ef,vcsa01.corp.example,5f3c9a8e-1b2d-4c7e-9a10-2f6b8d4e7c31
PRD-APP-143,poweredOn,False,False,11,toolsOk,12352,12352,No,manual,False,appStatusGray,appStatusGray,,True,True,False,,,,,DC-East,Prod-Cluster,esx-prod02.corp.example,Prod,Microsoft Windows Server 2019 (64-bit),Microsoft Windows Server 2019 Standard,vm-1142,vm-1142,420158249d8776a072d78bdd781799ff,vcsa01.corp.example,5f3c9a8e-1b2d-4c7e-9a10-2f6b8d4e7c31
PRD-APP-144,poweredOn,False,False,20,toolsNotRunning,12320,12352,No,upgradeAtPowerCycle,False,appStatusGray,appStatusGray,,True,True,False,,,,,DC-East,Prod-Cluster,esx-prod05.corp.example,Prod,Ubuntu Linux (64-bit),Ubuntu 18.04.6 LTS,vm-1143,vm-1143,424d183e3cd5fd7f49c10669c6b33fe6,vcsa01.corp.example,5f3c9a8e-1b2d-4c7e-9a10-2f6b8d4e7c31
PRD-CTX-145,poweredOn,False,False,14,toolsOk,12352,12352,No,manual,False,appStatusGray,appStatusGray,,True,True,False,,,,,DC-East,Prod-Cluster,esx-prod04.corp.example,Prod,Microsoft Windows Server 2019 (64-bit),Microsoft Windows Server 2019 Standard,vm-1144,vm-1144,423defa893364f7e83efa9f3a1c7cc8a,vcsa01.corp.example,5f3c9a8e-1b2d-4c7e-9a10-2f6b8d4e7c31
PRD-CTX-146,poweredOn,False,False,21,toolsOk,12352,12352,No,upgradeAtPowerCycle,False,appStatusGray,appStatusGray,,True,True,False,,,,,DC-East,Prod-Cluster,esx-prod03.corp.example,Prod,Microsoft Windows Server 2019 (64-bit),Microsoft Windows Server 2019 Standard,vm-1145,vm-1145,425c5087f982f4e08603156a15eacbcf,vcsa01.corp.example,5f3c9a8e-1b2d-4c7e-9a10-2f6b8d4e7c31
PRD-SVC-147,poweredOn,False,False,21,toolsOld,11269,12352,Yes,upgradeAtPowerCycle,False,appStatusGray,appStatusGray,,True,True,False,Owner: app-team,,,,DC-East,Prod-Cluster,esx-prod05.corp.example,Prod,Microsoft Windows Server 2019 (64-bit),Microsoft Windows Server 2019 Standard,vm-1146,vm-1146,42bf502340ef39355f90bed6fb25664d,vcsa01.corp.example,5f3c9a8e-1b2d-4c7e-9a10-2f6b8d4e7c31
PRD-WEB-148,poweredOn,False,False,19,toolsOk,12352,12352,No,manual,False,appStatusGray,appStatusGray,,True,True,False,,,,,DC-East,Prod-Cluster,esx-prod06.corp.example,Prod,Microsoft Windows Server 2012 (64-bit),Microsoft Windows Server 2012 R2 Standard,vm-1147,vm-1147,425a30450b5995622227219f551ff086,vcsa01.corp.example,5f3c9a8e-1b2d-4c7e-9a10-2f6b8d4e7c31
PRD-RDS-149,poweredOn,False,False,20,toolsNotInstalled,0,12352,No,manual,False,appStatusGray,appStatusGray,,True,True,False,,,,,DC-East,Prod-Cluster,esx-prod06.corp.example,Prod,Microsoft Windows Server 2016 (64-bit),Microsoft Windows Server 2016 Standard,vm-1148,vm-1148,420977c5752a7d25f1901b7ec6b469ef,vcsa01.corp.example,5f3c9a8e-1b2d-4c7e-9a10-2f6b8d4e7c31
PRD-APP-150,suspended,False,False,14,toolsNotRunning,12320,12352,No,manual,False,appStatusGray,appStatusGray,,False,True,False,,,,,DC-East,Prod-Cluster,esx-prod03.corp.example,Prod,Ubuntu Linux (64-bit),,vm-1149,vm-1149,42095ffa40d92bce7930ba208b040f49,vcsa01.corp.example,5f3c9a8e-1b2d-4c7e-9a10-2f6b8d4e7c31
PRD-APP-151,poweredOn,False,False,10,toolsOk,12352,12352,No,upgradeAtPowerCycle,False,appStatusGray,appStatusGray,,True,True,False,,,,,DC-East,Prod-Cluster,esx-prod06.corp.example,Prod,Microsoft Windows Server 2016 or later (64-bit),Microsoft Windows Server 2022 Datacenter,vm-1150,vm-1150,42e506f67092947dbe4969ec6667d3bb,vcsa01.corp.example,5f3c9a8e-1b2d-4c7e-9a10-2f6b8d4e7c31
PRD-RDS-152,poweredOn,False,False,17,toolsOk,12352,12352,No,manual,False,appStatusGray,appStatusGray,,True,True,False,,,,,DC-East,Prod-Cluster,esx-prod03.corp.example,Prod,Ubuntu Linux (64-bit),Ubuntu 22.04.4 LTS,vm-1151,vm-1151,426e3c4514348f626cac028cba220065,vcsa01.corp.example,5f3c9a8e-1b2d-4c7e-9a10-2f6b8d4e7c31
PRD-WEB-153,poweredOn,False,False,20,toolsOk,12352,12352,No,manual,False,appStatusGray,appStatusGray,,True,True,False,,,,,DC-East,Prod-Cluster,esx-prod03.corp.example,Prod,Microsoft Windows Server 2019 (64-bit),Microsoft Windows Server 2019 Standard,vm-1152,vm-1152,426d15f1b7b8c1a59a45693d7227890e,vcsa01.corp.example,5f3c9a8e-1b2d-4c7e-9a10-2f6b8d4e7c31
PRD-APP-154,suspended,False,False,10,toolsNotRunning,12320,12352,No,manual,False,appStatusGray,appStatusGray,,False,True,False,Owner: app-team,,,,DC-East,Prod-Cluster,esx-prod06.corp.example,Prod,CentOS 7 (64-bit),,vm-1153,vm-1153,42ca9e4afae3114ba3b442bd46494296,vcsa01.corp.example,5f3c9a8e-1b2d-4c7e-9a10-2f6b8d4e7c31
PRD-FS-155,poweredOn,False,False,14,toolsOk,12352,12352,No,upgradeAtPowerCycle,False,appStatusGray,appStatusGray,,True,True,False,,,,,DC-East,Prod-Cluster,esx-prod03.corp.example,Prod,Microsoft Windows Server 2016 (64-bit),Microsoft Windows Server 2016 Standard,vm-1154,vm-1154,429b89e5d942644c248d31ec07f8d4f0,vcsa01.corp.example,5f3c9a8e-1b2d-4c7e-9a10-2f6b8d4e7c31
PRD-APP-156,poweredOn,False,False,14,toolsOk,12352,12352,No,upgradeAtPowerCycle,False,appStatusGray,appStatusGray,,True,True,False,Owner: app-team,,,,DC-East,Prod-Cluster,esx-prod02.corp.example,Prod,Red Hat Enterprise Linux 8 (64-bit),Red Hat Enterprise Linux 8.8 (Ootpa),vm-1155,vm-1155,422747b99ae77eab084a67809136f1f8,vcsa01.corp.example,5f3c9a8e-1b2d-4c7e-9a10-2f6b8d4e7c31
PRD-APP-157,poweredOn,False,False,21,toolsOld,11269,12352,Yes,upgradeAtPowerCycle,False,appStatusGray,appStatusGray,,True,True,False,Owner: app-team,,,,DC-East,Prod-Cluster,esx-prod05.corp.example,Prod,Microsoft Windows Server 2019 (64-bit),Microsoft Windows Server 2019 Standard,vm-1156,vm-1156,421d0af7f5e4a4713fe68c9c4758367b,vcsa01.corp.example,5f3c9a8e-1b2d-4c7e-9a10-2f6b8d4e7c31
PRD-FS-158,poweredOn,False,False,9,toolsOk,12352,12352,No,manual,False,appStatusGray,appStatusGray,,True,True,False,Owner: app-team,,,,DC-East,Prod-Cluster,esx-prod05.corp.example,Prod,Microsoft Windows Server 2019 (64-bit),Microsoft Windows Server 2019 Standard,vm-1157,vm-1157,42ea9e5cb1a8b71f491b90e99ca3fbb3,vcsa01.corp.example,5f3c9a8e-1b2d-4c7e-9a10-2f6b8d4e7c31
PRD-APP-159,suspended,False,False,9,toolsNotRunning,12320,12352,No,manual,False,appStatusGray,appStatusGray,,False,True,False,,,,,DC-East,Prod-Cluster,esx-prod04.corp.example,Prod,Microsoft Windows Server 2019 (64-bit),,vm-1158,vm-1158,42d87414f7b217c7ae92ea71cf7dcb43,vcsa01.corp.example,5f3c9a8e-1b2d-4c7e-9a10-2f6b8d4e7c31
PRD-APP-160,poweredOn,False,False,13,toolsOk,12352,12352,No,manual,False,appStatusGray,appStatusGray,,True,True,False,Owner: app-team,,,,DC-East,Prod-Cluster,esx-prod05.corp.example,Prod,Microsoft Windows Server 2016 (64-bit),Microsoft Windows Server 2016 Standard,vm-1159,vm-1159,422c913aa3404f08b34191b8ed6522b4,vcsa01.corp.example,5f3c9a8e-1b2d-4c7e-9a10-2f6b8d4e7c31
PRD-WEB-161,poweredOn,False,False,9,toolsOld,11333,12352,Yes,manual,False,appStatusGray,appStatusGray,,True,True,False,,,,,DC-East,Prod-Cluster,esx-prod02.corp.example,Prod,Microsoft Windows Server 2019 (64-bit),Microsoft Windows Server 2019 Standard,vm-1160,vm-1160,42cdbcc677a7e8b75e70f65f9280c5aa,vcsa01.corp.example,5f3c9a8e-1b2d-4c7e-9a10-2f6b8d4e7c31
PRD-APP-162,poweredOn,False,False,21,toolsOk,12352,12352,No,manual,False,appStatusGray,appStatusGray,,True,True,False,Owner: app-team,,,,DC-East,Prod-Cluster,esx-prod01.corp.example,Prod,Microsoft Windows Server 2016 or later (64-bit),Microsoft Windows Server 2022 Datacenter,vm-1161,vm-1161,42932caed2c65ee468d0a2a8c4e7f7dd,vcsa01.corp.example,5f3c9a8e-1b2d-4c7e-9a10-2f6b8d4e7c31
PRD-RDS-163,poweredOn,False,False,20,toolsOk,12352,12352,No,upgradeAtPowerCycle,False,appStatusGray,appStatusGray,,True,True,False,,,,,DC-East,Prod-Cluster,esx-prod04.corp.example,Prod,Microsoft Windows Server 2012 (64-bit),Microsoft Windows Server 2012 R2 Standard,vm-1162,vm-1162,42967924a3c988e48d2238e6c7bf4fbc,vcsa01.corp.example,5f3c9a8e-1b2d-4c7e-9a10-2f6b8d4e7c31
PRD-APP-164,poweredOn,False,False,10,toolsOk,12352,12352,No,upgradeAtPowerCycle,False,appStatusGray,appStatusGray,,True,True,False,,,,,DC-East,Prod-Cluster,esx-prod01.corp.example,Prod,Microsoft Windows Server 2016 (64-bit),Microsoft Windows Server 2016 Standard,vm-1163,vm-1163,425894f739b86bb2b596ca7cef4afa88,vcsa01.corp.example,5f3c9a8e-1b2d-4c7e-9a10-2f6b8d4e7c31
PRD-APP-165,poweredOn,False,False,19,toolsOk,12352,12352,No,upgradeAtPowerCycle,False,appStatusGray,appStatusGray,,True,True,False,,,,,DC-East,Prod-Cluster,esx-prod03.corp.example,Prod,Microsoft Windows Server 2019 (64-bit),Microsoft Windows Server 2019 Standard,vm-1164,vm-1164,4217eaec8892042f9d4b2bf94d85e9c7,vcsa01.corp.example,5f3c9a8e-1b2d-4c7e-9a10-2f6b8d4e7c31
PRD-APP-166,poweredOn,False,False,13,toolsOld,11269,12352,Yes,manual,False,appStatusGray,appStatusGray,,True,True,False,,,,,DC-East,Prod-Cluster,esx-prod02.corp.example,Prod,Microsoft Windows Server 2012 (64-bit),Microsoft Windows Server 2012 R2 Standard,vm-1165,vm-1165,42d342af0a8bb5b490494583ec86a890,vcsa01.corp.example,5f3c9a8e-1b2d-4c7e-9a10-2f6b8d4e7c31
PRD-CTX-167,poweredOn,False,False,19,toolsOk,12352,12352,No,upgradeAtPowerCycle,False,appStatusGray,appStatusGray,,True,True,False,,,,,DC-East,Prod-Cluster,esx-prod03.corp.example,Prod,Microsoft Windows Server 2012 (64-bit),Microsoft Windows Server 2012 R2 Standard,vm-1166,vm-1166,42a08dd2e3954cb17f7f6c0a07c0d116,vcsa01.corp.example,5f3c9a8e-1b2d-4c7e-9a10-2f6b8d4e7c31
PRD-WEB-168,poweredOn,False,False,19,toolsOk,12352,12352,No,manual,False,appStatusGray,appStatusGray,,True,True,False,Owner: app-team,,,,DC-East,Prod-Cluster,esx-prod06.corp.example,Prod,Microsoft Windows Server 2016 or later (64-bit),Microsoft Windows Server 2022 Datacenter,vm-1167,vm-1167,427bf7e16a662fce7089fc6d2877f5d9,vcsa01.corp.example,5f3c9a8e-1b2d-4c7e-9a10-2f6b8d4e7c31
PRD-SQL-169,poweredOn,False,False,20,toolsOk,12352,12352,No,manual,False,appStatusGray,appStatusGray,,True,True,False,Owner: app-team,,,,DC-East,Prod-Cluster,esx-prod06.corp.example,Prod,Microsoft Windows Server 2016 or later (64-bit),Microsoft Windows Server 2022 Datacenter,vm-1168,vm-1168,421b2ede8fc85fc083d5bceb5edbb8ee,vcsa01.corp.example,5f3c9a8e-1b2d-4c7e-9a10-2f6b8d4e7c31
PRD-RDS-170,poweredOff,False,False,10,toolsNotRunning,12320,12352,No,manual,False,appStatusGray,appStatusGray,,False,True,False,,,,,DC-East,Prod-Cluster,esx-prod02.corp.example,Prod,Microsoft Windows Server 2019 (64-bit),,vm-1169,vm-1169,423f8ea46b0ae0e39d896047dd39d793,vcsa01.corp.example,5f3c9a8e-1b2d-4c7e-9a10-2f6b8d4e7c31
PRD-CTX-171,suspended,False,False,19,toolsNotRunning,12320,12352,No,upgradeAtPowerCycle,False,appStatusGray,appStatusGray,,False,True,False,,,,,DC-East,Prod-Cluster,esx-prod06.corp.example,Prod,Microsoft Windows Server 2016 or later (64-bit),,vm-1170,vm-1170,424efc82e10b1a477faeb7487781321e,vcsa01.corp.example,5f3c9a8e-1b2d-4c7e-9a10-2f6b8d4e7c31
PRD-RDS-172,poweredOn,False,False,17,toolsOk,12352,12352,No,manual,False,appStatusGray,appStatusGray,,True,True,False,,,,,DC-East,Prod-Cluster,esx-prod02.corp.example,Prod,Microsoft Windows Server 2019 (64-bit),Microsoft Windows Server 2019 Standard,vm-1171,vm-1171,42d7c4fee1e0fffc98f6fd7f7eb162f1,vcsa01.corp.example,5f3c9a8e-1b2d-4c7e-9a10-2f6b8d4e7c31
PRD-APP-173,poweredOn,False,False,17,toolsOk,12352,12352,No,manual,False,appStatusGray,appStatusGray,,True,True,False,Owner: app-team,,,,DC-East,Prod-Cluster,esx-prod01.corp.example,Prod,Microsoft Windows Server 2016 or later (64-bit),Microsoft Windows Server 2022 Datacenter,vm-1172,vm-1172,420d18ab668c84770b95017c5dae1201,vcsa01.corp.example,5f3c9a8e-1b2d-4c7e-9a10-2f6b8d4e7c31
PRD-WEB-174,poweredOn,False,False,20,toolsOk,12352,12352,No,manual,False,appStatusGray,appStatusGray,,True,True,False,Owner: app-team,,,,DC-East,Prod-Cluster,esx-prod01.corp.example,Prod,Microsoft Windows Server 2016 or later (64-bit),Microsoft Windows Server 2022 Datacenter,vm-1173,vm-1173,429c6d52ae2e9af99f8cc29ffd350c5f,vcsa01.corp.example,5f3c9a8e-1b2d-4c7e-9a10-2f6b8d4e7c31
PRD-SQL-175,poweredOn,False,False,21,toolsOk,12352,12352,No,upgradeAtPowerCycle,False,appStatusGray,appStatusGray,,True,True,False,,,,,DC-East,Prod-Cluster,esx-prod05.corp.example,Prod,Ubuntu Linux (64-bit),Ubuntu 18.04.6 LTS,vm-1174,vm-1174,420b99000a4e255280051b1066c14dca,vcsa01.corp.example,5f3c9a8e-1b2d-4c7e-9a10-2f6b8d4e7c31
PRD-RDS-176,poweredOn,False,False,20,toolsOk,12352,12352,No,upgradeAtPowerCycle,False,appStatusGray,appStatusGray,,True,True,False,,,,,DC-East,Prod-Cluster,esx-prod05.corp.example,Prod,Microsoft Windows Server 2016 or later (64-bit),Microsoft Windows Server 2022 Datacenter,vm-1175,vm-1175,422999bb518b2f219cf20859ee6e2e72,vcsa01.corp.example,5f3c9a8e-1b2d-4c7e-9a10-2f6b8d4e7c31
PRD-WEB-177,poweredOn,False,False,21,toolsOk,12352,12352,No,manual,False,appStatusGray,appStatusGray,,True,True,False,Owner: app-team,,,,DC-East,Prod-Cluster,esx-prod05.corp.example,Prod,Microsoft Windows Server 2016 or later (64-bit),Microsoft Windows Server 2022 Datacenter,vm-1176,vm-1176,42d0d4ea79928faa4cbf131d901bcdef,vcsa01.corp.example,5f3c9a8e-1b2d-4c7e-9a10-2f6b8d4e7c31
PRD-FS-178,poweredOn,False,False,14,toolsOld,11269,12352,Yes,upgradeAtPowerCycle,False,appStatusGray,appStatusGray,,True,True,False,,,,,DC-East,Prod-Cluster,esx-prod05.corp.example,Prod,Microsoft Windows Server 2016 or later (64-bit),Microsoft Windows Server 2022 Datacenter,vm-1177,vm-1177,42a7d4cff791f1e543f9cd6b797ebe87,vcsa01.corp.example,5f3c9a8e-1b2d-4c7e-9a10-2f6b8d4e7c31
PRD-WEB-179,poweredOn,False,False,20,toolsOld,11269,12352,Yes,upgradeAtPowerCycle,False,appStatusGray,appStatusGray,,True,True,False,Owner: app-team,,,,DC-East,Prod-Cluster,esx-prod06.corp.example,Prod,Microsoft Windows Server 2019 (64-bit),Microsoft Windows Server 2019 Standard,vm-1178,vm-1178,42d756bac64c96479ea7017cb89f7039,vcsa01.corp.example,5f3c9a8e-1b2d-4c7e-9a10-2f6b8d4e7c31
PRD-APP-180,poweredOn,False,False,14,toolsOld,10346,12352,Yes,manual,False,appStatusGray,appStatusGray,,True,True,False,,,,,DC-East,Prod-Cluster,esx-prod05.corp.example,Prod,Ubuntu Linux (64-bit),Ubuntu 18.04.6 LTS,vm-1179,vm-1179,4269b7c026c432f66b352f85504e2687,vcsa01.corp.example,5f3c9a8e-1b2d-4c7e-9a10-2f6b8d4e7c31
PRD-CTX-181,poweredOn,False,False,9,toolsOk,12352,12352,No,manual,False,appStatusGray,appStatusGray,,True,True,False,,,,,DC-East,Prod-Cluster,esx-prod04.corp.example,Prod,CentOS 7 (64-bit),CentOS Linux 7 (Core),vm-1180,vm-1180,425336728f9646853514589084c86c46,vcsa01.corp.example,5f3c9a8e-1b2d-4c7e-9a10-2f6b8d4e7c31
PRD-SQL-182,poweredOn,False,False,14,toolsOk,12352,12352,No,manual,False,appStatusGray,appStatusGray,,True,True,False,,,,,DC-East,Prod-Cluster,esx-prod02.corp.example,Prod,Microsoft Windows Server 2016 or later (64-bit),Microsoft Windows Server 2022 Datacenter,vm-1181,vm-1181,42b88e83de1e994ac5a11f5cad05b912,vcsa01.corp.example,5f3c9a8e-1b2d-4c7e-9a10-2f6b8d4e7c31
PRD-CTX-183,poweredOn,False,False,20,toolsOk,12352,12352,No,manual,False,appStatusGray,appStatusGray,,True,True,False,Owner: app-team,,,,DC-East,Prod-Cluster,esx-prod04.corp.example,Prod,Microsoft Windows Server 2019 (64-bit),Microsoft Windows Server 2019 Standard,vm-1182,vm-1182,42fb7569f910abb3f10532523990e2c9,vcsa01.corp.example,5f3c9a8e-1b2d-4c7e-9a10-2f6b8d4e7c31
PRD-RDS-184,poweredOn,False,False,11,toolsOld,10346,12352,Yes,upgradeAtPowerCycle,False,appStatusGray,appStatusGray,,True,True,False,,,,,DC-East,Prod-Cluster,esx-prod03.corp.example,Prod,Microsoft Windows Server 2016 (64-bit),Microsoft Windows Server 2016 Standard,vm-1183,vm-1183,426133a38b0e8eb1ad371d9e92cf6021,vcsa01.corp.example,5f3c9a8e-1b2d-4c7e-9a10-2f6b8d4e7c31
PRD-APP-185,poweredOn,False,False,19,toolsOk,12352,12352,No,upgradeAtPowerCycle,False,appStatusGray,appStatusGray,,True,True,False,,,,,DC-East,Prod-Cluster,esx-prod03.corp.example,Prod,Microsoft Windows Server 2019 (64-bit),Microsoft Windows Server 2019 Standard,vm-1184,vm-1184,42bf519341a64feda7edc8d8713f8f8c,vcsa01.corp.example,5f3c9a8e-1b2d-4c7e-9a10-2f6b8d4e7c31
PRD-SVC-186,poweredOn,False,False,11,toolsOk,12352,12352,No,manual,False,appStatusGray,appStatusGray,,True,True,False,,,,,DC-East,Prod-Cluster,esx-prod06.corp.example,Prod,Microsoft Windows Server 2019 (64-bit),Microsoft Windows Server 2019 Standard,vm-1185,vm-1185,42ab7a3d0cfef6833e11bafe3d4196fe,vcsa01.corp.example,5f3c9a8e-1b2d-4c7e-9a10-2f6b8d4e7c31
PRD-APP-187,poweredOn,False,False,17,toolsOk,12352,12352,No,manual,False,appStatusGray,appStatusGray,,True,True,False,,,,,DC-East,Prod-Cluster,esx-prod01.corp.example,Prod,Microsoft Windows Server 2016 or later (64-bit),Microsoft Windows Server 2022 Datacenter,vm-1186,vm-1186,42f6eab30153922123310a28c550eca8,vcsa01.corp.example,5f3c9a8e-1b2d-4c7e-9a10-2f6b8d4e7c31
PRD-RDS-188,poweredOn,False,False,17,toolsOk,12352,12352,No,manual,False,appStatusGray,appStatusGray,,True,True,False,,,,,DC-East,Prod-Cluster,esx-prod04.corp.example,Prod,Microsoft Windows Server 2012 (64-bit),Microsoft Windows Server 2012 R2 Standard,vm-1187,vm-1187,4216e6e5c4cb294fe86e8e630f25477d,vcsa01.corp.example,5f3c9a8e-1b2d-4c7e-9a10-2f6b8d4e7c31
PRD-APP-189,suspended,False,False,11,toolsNotRunning,12320,12352,No,manual,False,appStatusGray,appStatusGray,,False,True,False,,,,,DC-East,Prod-Cluster,esx-prod02.corp.example,Prod,Microsoft Windows Server 2016 or later (64-bit),,vm-1188,vm-1188,422fb21e7ed17aabc9b7c9bc65a16fa9,vcsa01.corp.example,5f3c9a8e-1b2d-4c7e-9a10-2f6b8d4e7c31
PRD-WEB-190,poweredOn,False,False,11,toolsOk,12352,12352,No,manual,False,appStatusGray,appStatusGray,,True,True,False,,,,,DC-East,Prod-Cluster,esx-prod05.corp.example,Prod,Microsoft Windows Server 2016 (64-bit),Microsoft Windows Server 2016 Standard,vm-1189,vm-1189,427e710b8639bd418b15bd94a42d0cd7,vcsa01.corp.example,5f3c9a8e-1b2d-4c7e-9a10-2f6b8d4e7c31
PRD-WEB-191,poweredOn,False,False,21,toolsOk,12352,12352,No,manual,False,appStatusGray,appStatusGray,,True,True,False,Owner: app-team,,,,DC-East,Prod-Cluster,esx-prod02.corp.example,Prod,Red Hat Enterprise Linux 9 (64-bit),Red Hat Enterprise Linux 9.2 (Plow),vm-1190,vm-1190,422faabeb7f60cdf41dc1c60a5f60735,vcsa01.corp.example,5f3c9a8e-1b2d-4c7e-9a10-2f6b8d4e7c31
PRD-WEB-192,poweredOn,False,False,17,toolsNotRunning,12320,12352,No,manual,False,appStatusGray,appStatusGray,,True,True,False,,,,,DC-East,Prod-Cluster,esx-prod02.corp.example,Prod,Microsoft Windows Server 2012 (64-bit),Microsoft Windows Server 2012 R2 Standard,vm-1191,vm-1191,42669d011634725b53f3007383e96ef4,vcsa01.corp.example,5f3c9a8e-1b2d-4c7e-9a10-2f6b8d4e7c31
PRD-SQL-193,poweredOn,False,False,17,toolsOk,12352,12352,No,upgradeAtPowerCycle,False,appStatusGray,appStatusGray,,True,True,False,Owner: app-team,,,,DC-East,Prod-Cluster,esx-prod02.corp.example,Prod,Microsoft Windows Server 2019 (64-bit),Microsoft Windows Server 2019 Standard,vm-1192,vm-1192,424d4c52546252e7f43ba0524459bd6e,vcsa01.corp.example,5f3c9a8e-1b2d-4c7e-9a10-2f6b8d4e7c31
PRD-SQL-194,poweredOn,False,False,11,toolsOld,11333,12352,Yes,upgradeAtPowerCycle,False,appStatusGray,appStatusGray,,True,True,False,,,,,DC-East,Prod-Cluster,esx-prod06.corp.example,Prod,Microsoft Windows Server 2019 (64-bit),Microsoft Windows Server 2019 Standard,vm-1193,vm-1193,4280a52eafa2855967c9620428e333b6,vcsa01.corp.example,5f3c9a8e-1b2d-4c7e-9a10-2f6b8d4e7c31
PRD-APP-195,poweredOn,False,False,20,toolsOk,12352,12352,No,upgradeAtPowerCycle,False,appStatusGray,appStatusGray,,True,True,False,,,,,DC-East,Prod-Cluster,esx-prod06.corp.example,Prod,Ubuntu Linux (64-bit),Ubuntu 22.04.4 LTS,vm-1194,vm-1194,427a6a2122319050f51594943818cfd3,vcsa01.corp.example,5f3c9a8e-1b2d-4c7e-9a10-2f6b8d4e7c31
PRD-FS-196,poweredOn,False,False,14,toolsOk,12352,12352,No,manual,False,appStatusGray,appStatusGray,,True,True,False,Owner: app-team,,,,DC-East,Prod-Cluster,esx-prod06.corp.example,Prod,Microsoft Windows Server 2016 (64-bit),Microsoft Windows Server 2016 Standard,vm-1195,vm-1195,423f59e4c3093b6e37e9d2e2d35ac07a,vcsa01.corp.example,5f3c9a8e-1b2d-4c7e-9a10-2f6b8d4e7c31
PRD-RDS-197,poweredOn,False,False,20,toolsOk,12352,12352,No,manual,False,appStatusGray,appStatusGray,,True,True,False,,,,,DC-East,Prod-Cluster,esx-prod05.corp.example,Prod,Microsoft Windows Server 2008 R2 (64-bit),Microsoft Windows Server 2008 R2 Enterprise,vm-1196,vm-1196,42816799e723ada38c32bdb2d42a895e,vcsa01.corp.example,5f3c9a8e-1b2d-4c7e-9a10-2f6b8d4e7c31
PRD-SQL-198,poweredOn,False,False,19,toolsOk,12352,12352,No,manual,False,appStatusGray,appStatusGray,,True,True,False,,,,,DC-East,Prod-Cluster,esx-prod05.corp.example,Prod,Microsoft Windows Server 2016 or later (64-bit),Microsoft Windows Server 2022 Datacenter,vm-1197,vm-1197,4282a7f5e61d9cde1747f3877d23d479,vcsa01.corp.example,5f3c9a8e-1b2d-4c7e-9a10-2f6b8d4e7c31
PRD-SVC-199,poweredOn,False,False,20,toolsOld,11269,12352,Yes,manual,False,appStatusGray,appStatusGray,,True,True,False,,,,,DC-East,Prod-Cluster,esx-prod04.corp.example,Prod,Microsoft Windows Server 2016 or later (64-bit),Microsoft Windows Server 2022 Datacenter,vm-1198,vm-1198,420592bfb928e23f4ee4334ece920136,vcsa01.corp.example,5f3c9a8e-1b2d-4c7e-9a10-2f6b8d4e7c31
PRD-WEB-200,poweredOn,False,False,11,toolsOld,10346,12352,Yes,upgradeAtPowerCycle,False,appStatusGray,appStatusGray,,True,True,False,,,,,DC-East,Prod-Cluster,esx-prod05.corp.example,Prod,Microsoft Windows Server 2019 (64-bit),Microsoft Windows Server 2019 Standard,vm-1199,vm-1199,42ef40d10f6ce9bffe7ee3628a89b0f0,vcsa01.corp.example,5f3c9a8e-1b2d-4c7e-9a10-2f6b8d4e7c31
PRD-FS-201,poweredOff,False,False,19,toolsNotRunning,12320,12352,No,upgradeAtPowerCycle,False,appStatusGray,appStatusGray,,False,True,False,,,,,DC-East,Prod-Cluster,esx-prod02.corp.example,Prod,Red Hat Enterprise Linux 8 (64-bit),,vm-1200,vm-1200,4261ea2fe42e707afe2bd9875fdcabbf,vcsa01.corp.example,5f3c9a8e-1b2d-4c7e-9a10-2f6b8d4e7c31
PRD-SVC-202,poweredOn,False,False,14,toolsOk,12352,12352,No,manual,False,appStatusGray,appStatusGray,,True,True,False,,,,,DC-East,Prod-Cluster,esx-prod02.corp.example,Prod,Microsoft Windows Server 2012 (64-bit),Microsoft Windows Server 2012 R2 Standard,vm-1201,vm-1201,422099d187623997649f7d888989c5ab,vcsa01.corp.example,5f3c9a8e-1b2d-4c7e-9a10-2f6b8d4e7c31
PRD-APP-203,poweredOn,False,False,19,toolsOk,12352,12352,No,manual,False,appStatusGray,appStatusGray,,True,True,False,,,,,DC-East,Prod-Cluster,esx-prod03.corp.example,Prod,Microsoft Windows Server 2016 or later (64-bit),Microsoft Windows Server 2022 Datacenter,vm-1202,vm-1202,423f5cf23acb43a3d2c7bffb6118433b,vcsa01.corp.example,5f3c9a8e-1b2d-4c7e-9a10-2f6b8d4e7c31
PRD-APP-204,poweredOn,False,False,20,toolsOk,12352,12352,No,upgradeAtPowerCycle,False,appStatusGray,appStatusGray,,True,True,False,,,,,DC-East,Prod-Cluster,esx-prod01.corp.example,Prod,Red Hat Enterprise Linux 9 (64-bit),Red Hat Enterprise Linux 9.2 (Plow),vm-1203,vm-1203,423d9c4e04015cede39836bbe23ddfaa,vcsa01.corp.example,5f3c9a8e-1b2d-4c7e-9a10-2f6b8d4e7c31
PRD-RDS-205,poweredOn,False,False,20,toolsOk,12352,12352,No,manual,False,appStatusGray,appStatusGray,,True,True,False,,,,,DC-East,Prod-Cluster,esx-prod05.corp.example,Prod,Microsoft Windows Server 2012 (64-bit),Microsoft Windows Server 2012 R2 Standard,vm-1204,vm-1204,428a2db23bfda8a6705fddf566fadca0,vcsa01.corp.example,5f3c9a8e-1b2d-4c7e-9a10-2f6b8d4e7c31
PRD-SVC-206,poweredOn,False,False,20,toolsOk,12352,12352,No,manual,False,appStatusGray,appStatusGray,,True,True,False,,,,,DC-East,Prod-Cluster,esx-prod03.corp.example,Prod,Microsoft Windows Server 2019 (64-bit),Microsoft Windows Server 2019 Standard,vm-1205,vm-1205,42d18183ac2b0cfcc5c51060991121e7,vcsa01.corp.example,5f3c9a8e-1b2d-4c7e-9a10-2f6b8d4e7c31
PRD-SVC-207,poweredOn,False,False,20,toolsOk,12352,12352,No,manual,False,appStatusGray,appStatusGray,,True,True,False,,,,,DC-East,Prod-Cluster,esx-prod02.corp.example,Prod,Microsoft Windows Server 2016 or later (64-bit),Microsoft Windows Server 2022 Datacenter,vm-1206,vm-1206,42e95d27bc36dc59e134edfc97777f10,vcsa01.corp.example,5f3c9a8e-1b2d-4c7e-9a10-2f6b8d4e7c31
PRD-RDS-208,poweredOn,False,False,19,toolsOk,12352,12352,No,upgradeAtPowerCycle,False,appStatusGray,appStatusGray,,True,True,False,,,,,DC-East,Prod-Cluster,esx-prod01.corp.example,Prod,Microsoft Windows 10 (64-bit),Microsoft Windows 10 Enterprise,vm-1207,vm-1207,426a9440b2414482519894d886433603,vcsa01.corp.example,5f3c9a8e-1b2d-4c7e-9a10-2f6b8d4e7c31
PRD-SVC-209,poweredOn,False,False,21,toolsOld,11333,12352,Yes,manual,False,appStatusGray,appStatusGray,,True,True,False,,,,,DC-East,Prod-Cluster,esx-prod04.corp.example,Prod,Microsoft Windows Server 2019 (64-bit),Microsoft Windows Server 2019 Standard,vm-1208,vm-1208,42ea2c7a7688d11fce4758be24f43c62,vcsa01.corp.example,5f3c9a8e-1b2d-4c7e-9a10-2f6b8d4e7c31
PRD-SVC-210,poweredOn,False,False,20,toolsOld,11333,12352,Yes,manual,False,appStatusGray,appStatusGray,,True,True,False,Owner: app-team,,,,DC-East,Prod-Cluster,esx-prod02.corp.example,Prod,Microsoft Windows Server 2016 or later (64-bit),Microsoft Windows Server 2022 Datacenter,vm-1209,vm-1209,42d8ddbb73253aa3ec170298143df5b3,vcsa01.corp.example,5f3c9a8e-1b2d-4c7e-9a10-2f6b8d4e7c31
PRD-WEB-211,poweredOn,False,False,14,toolsOk,12352,12352,No,upgradeAtPowerCycle,False,appStatusGray,appStatusGray,,True,True,False,Owner: app-team,,,,DC-East,Prod-Cluster,esx-prod01.corp.example,Prod,Microsoft Windows Server 2019 (64-bit),Microsoft Windows Server 2019 Standard,vm-1210,vm-1210,42cdfd95302b783112a1fe7ddfa59722,vcsa01.corp.example,5f3c9a8e-1b2d-4c7e-9a10-2f6b8d4e7c31
PRD-WEB-212,poweredOff,False,False,10,toolsNotRunning,12320,12352,No,upgradeAtPowerCycle,False,appStatusGray,appStatusGray,,False,True,False,Owner: app-team,,,,DC-East,Prod-Cluster,esx-prod04.corp.example,Prod,Microsoft Windows Server 2019 (64-bit),,vm-1211,vm-1211,4230a564efe9b3d0363908bf03ece8ff,vcsa01.corp.example,5f3c9a8e-1b2d-4c7e-9a10-2f6b8d4e7c31
PRD-RDS-213,poweredOn,False,False,20,toolsOld,11269,12352,Yes,upgradeAtPowerCycle,False,appStatusGray,appStatusGray,,True,True,False,Owner: app-team,,,,DC-East,Prod-Cluster,esx-prod02.corp.example,Prod,Microsoft Windows Server 2008 R2 (64-bit),Microsoft Windows Server 2008 R2 Enterprise,vm-1212,vm-1212,42c6881352555c758d55119e3d44cb2c,vcsa01.corp.example,5f3c9a8e-1b2d-4c7e-9a10-2f6b8d4e7c31
PRD-SQL-214,poweredOn,False,False,14,toolsOld,10346,12352,Yes,manual,False,appStatusGray,appStatusGray,,True,True,False,,,,,DC-East,Prod-Cluster,esx-prod03.corp.example,Prod,Microsoft Windows Server 2019 (64-bit),Microsoft Windows Server 2019 Standard,vm-1213,vm-1213,42783086b8f0188efb37afaecd8563ca,vcsa01.corp.example,5f3c9a8e-1b2d-4c7e-9a10-2f6b8d4e7c31
PRD-SQL-215,poweredOn,False,False,14,toolsOk,12352,12352,No,manual,False,appStatusGray,appStatusGray,,True,True,False,,,,,DC-East,Prod-Cluster,esx-prod04.corp.example,Prod,Microsoft Windows Server 2019 (64-bit),Microsoft Windows Server 2019 Standard,vm-1214,vm-1214,429442b595831d58ef4c51198da5d39b,vcsa01.corp.example,5f3c9a8e-1b2d-4c7e-9a10-2f6b8d4e7c31
PRD-SQL-216,poweredOn,False,False,14,toolsOk,12352,12352,No,manual,False,appStatusGray,appStatusGray,,True,True,False,,,,,DC-East,Prod-Cluster,esx-prod02.corp.example,Prod,Microsoft Windows Server 2016 or later (64-bit),Microsoft Windows Server 2022 Datacenter,vm-1215,vm-1215,4241e02a566a9ce7af521b94f186e47a,vcsa01.corp.example,5f3c9a8e-1b2d-4c7e-9a10-2f6b8d4e7c31
PRD-RDS-217,poweredOn,False,False,11,toolsOld,10346,12352,Yes,upgradeAtPowerCycle,False,appStatusGray,appStatusGray,,True,True,False,,,,,DC-East,Prod-Cluster,esx-prod04.corp.example,Prod,Microsoft Windows Server 2019 (64-bit),Microsoft Windows Server 2019 Standard,vm-1216,vm-1216,42eab9eb2f1dc1217d024c6d8bea75c1,vcsa01.corp.example,5f3c9a8e-1b2d-4c7e-9a10-2f6b8d4e7c31
PRD-APP-218,poweredOn,False,False,20,toolsOk,12352,12352,No,manual,False,appStatusGray,appStatusGray,,True,True,False,,,,,DC-East,Prod-Cluster,esx-prod01.corp.example,Prod,Ubuntu Linux (64-bit),Ubuntu 18.04.6 LTS,vm-1217,vm-1217,42a175a9d7b102a92332a50e6992896e,vcsa01.corp.example,5f3c9a8e-1b2d-4c7e-9a10-2f6b8d4e7c31
PRD-WEB-219,poweredOn,False,False,17,toolsOld,11333,12352,Yes,manual,False,appStatusGray,appStatusGray,,True,True,False,Owner: app-team,,,,DC-East,Prod-Cluster,esx-prod05.corp.example,Prod,Microsoft Windows Server 2016 or later (64-bit),Microsoft Windows Server 2022 Datacenter,vm-1218,vm-1218,427bb344e9aa144b9dd43675ef145064,vcsa01.corp.example,5f3c9a8e-1b2d-4c7e-9a10-2f6b8d4e7c31
PRD-SVC-220,poweredOn,False,False,14,toolsOld,11269,12352,Yes,upgradeAtPowerCycle,False,appStatusGray,appStatusGray,,True,True,False,Owner: app-team,,,,DC-East,Prod-Cluster,esx-prod04.corp.example,Prod,Microsoft Windows Server 2019 (64-bit),Microsoft Windows Server 2019 Standard,vm-1219,vm-1219,42d02b1280913ac10463750e49646b96,vcsa01.corp.example,5f3c9a8e-1b2d-4c7e-9a10-2f6b8d4e7c31
DEV-APP-001,poweredOn,False,False,20,toolsOk,12352,12352,No,upgradeAtPowerCycle,False,appStatusGray,appStatusGray,,True,True,False,Owner: app-team,,,,DC-East,Dev-Cluster,esx-dev03.corp.example,Dev,Microsoft Windows Server 2019 (64-bit),Microsoft Windows Server 2019 Standard,vm-1220,vm-1220,42cb80f2446f64dd5abca6e5d0b1e3eb,vcsa01.corp.example,5f3c9a8e-1b2d-4c7e-9a10-2f6b8d4e7c31
DEV-CTX-002,poweredOn,False,False,13,toolsOk,12352,12352,No,manual,False,appStatusGray,appStatusGray,,True,True,False,,,,,DC-East,Dev-Cluster,esx-dev01.corp.example,Dev,Other 3.x or later Linux (64-bit),,vm-1221,vm-1221,42fdde64a75b395a14a34f7fd90dd19b,vcsa01.corp.example,5f3c9a8e-1b2d-4c7e-9a10-2f6b8d4e7c31
DEV-FS-003,poweredOn,False,False,13,toolsNotRunning,12320,12352,No,manual,False,appStatusGray,appStatusGray,,True,True,False,,,,,DC-East,Dev-Cluster,esx-dev02.corp.example,Dev,Microsoft Windows Server 2016 or later (64-bit),Microsoft Windows Server 2022 Datacenter,vm-1222,vm-1222,427ff6b8152aeaec2bdfcb41b3eda8f1,vcsa01.corp.example,5f3c9a8e-1b2d-4c7e-9a10-2f6b8d4e7c31
DEV-APP-004,poweredOff,False,False,20,toolsNotRunning,12320,12352,No,upgradeAtPowerCycle,False,appStatusGray,appStatusGray,,False,True,False,,,,,DC-East,Dev-Cluster,esx-dev03.corp.example,Dev,Ubuntu Linux (64-bit),,vm-1223,vm-1223,4279ba639118c400e336c243b139c476,vcsa01.corp.example,5f3c9a8e-1b2d-4c7e-9a10-2f6b8d4e7c31
DEV-WEB-005,poweredOff,False,False,17,toolsNotRunning,12320,12352,No,upgradeAtPowerCycle,False,appStatusGray,appStatusGray,,False,True,False,,,,,DC-East,Dev-Cluster,esx-dev03.corp.example,Dev,Microsoft Windows Server 2016 (64-bit),,vm-1224,vm-1224,42350850f622d84204022b3c508211a5,vcsa01.corp.example,5f3c9a8e-1b2d-4c7e-9a10-2f6b8d4e7c31
DEV-FS-006,poweredOn,False,False,19,toolsOld,10346,12352,Yes,manual,False,appStatusGray,appStatusGray,,True,True,False,Owner: app-team,,,,DC-East,Dev-Cluster,esx-dev01.corp.example,Dev,Microsoft Windows Server 2016 or later (64-bit),Microsoft Windows Server 2022 Datacenter,vm-1225,vm-1225,42e582b6ad5229dd639fc471d9750f00,vcsa01.corp.example,5f3c9a8e-1b2d-4c7e-9a10-2f6b8d4e7c31
DEV-APP-007,poweredOn,False,False,17,toolsOld,10346,12352,Yes,upgradeAtPowerCycle,False,appStatusGray,appStatusGray,,True,True,False,,,,,DC-East,Dev-Cluster,esx-dev03.corp.example,Dev,Red Hat Enterprise Linux 8 (64-bit),Red Hat Enterprise Linux 8.8 (Ootpa),vm-1226,vm-1226,425731161375ee90d6b361e43b6dca0d,vcsa01.corp.example,5f3c9a8e-1b2d-4c7e-9a10-2f6b8d4e7c31
DEV-SQL-008,poweredOn,False,False,20,toolsOk,12352,12352,No,upgradeAtPowerCycle,False,appStatusGray,appStatusGray,,True,True,False,Owner: app-team,,,,DC-East,Dev-Cluster,esx-dev01.corp.example,Dev,Microsoft Windows Server 2012 (64-bit),Microsoft Windows Server 2012 R2 Standard,vm-1227,vm-1227,426e8d96601bfbcbf0eebcce8d93e14a,vcsa01.corp.example,5f3c9a8e-1b2d-4c7e-9a10-2f6b8d4e7c31
DEV-APP-009,poweredOn,False,False,17,toolsOld,11269,12352,Yes,manual,False,appStatusGray,appStatusGray,,True,True,False,,,,,DC-East,Dev-Cluster,esx-dev03.corp.example,Dev,Microsoft Windows Server 2016 or later (64-bit),Microsoft Windows Server 2022 Datacenter,vm-1228,vm-1228,42c8ad08b630794d6147adeb277b0667,vcsa01.corp.example,5f3c9a8e-1b2d-4c7e-9a10-2f6b8d4e7c31
DEV-SQL-010,poweredOn,False,False,20,toolsOld,11269,12352,Yes,manual,False,appStatusGray,appStatusGray,,True,True,False,,,,,DC-East,Dev-Cluster,esx-dev01.corp.example,Dev,Microsoft Windows Server 2019 (64-bit),Microsoft Windows Server 2019 Standard,vm-1229,vm-1229,4216591c21ebfaa91a2bd69c450f69ee,vcsa01.corp.example,5f3c9a8e-1b2d-4c7e-9a10-2f6b8d4e7c31
DEV-SVC-011,poweredOn,False,False,13,toolsOk,12352,12352,No,upgradeAtPowerCycle,False,appStatusGray,appStatusGray,,True,True,False,,,,,DC-East,Dev-Cluster,esx-dev02.corp.example,Dev,Microsoft Windows Server 2019 (64-bit),Microsoft Windows Server 2019 Standard,vm-1230,vm-1230,42530dddc8d0f9e5991965ea98d00c2c,vcsa01.corp.example,5f3c9a8e-1b2d-4c7e-9a10-2f6b8d4e7c31
DEV-FS-012,poweredOn,False,False,20,toolsNotRunning,12320,12352,No,upgradeAtPowerCycle,False,appStatusGray,appStatusGray,,True,True,False,,,,,DC-East,Dev-Cluster,esx-dev01.corp.example,Dev,Red Hat Enterprise Linux 8 (64-bit),Red Hat Enterprise Linux 8.8 (Ootpa),vm-1231,vm-1231,422b64776177a771af70de702b69c95e,vcsa01.corp.example,5f3c9a8e-1b2d-4c7e-9a10-2f6b8d4e7c31
DEV-APP-013,poweredOn,False,False,10,toolsOk,12352,12352,No,upgradeAtPowerCycle,False,appStatusGray,appStatusGray,,True,True,False,,,,,DC-East,Dev-Cluster,esx-dev01.corp.example,Dev,Microsoft Windows Server 2019 (64-bit),Microsoft Windows Server 2019 Standard,vm-1232,vm-1232,42406f645c72aebd13b11e59c85cd714,vcsa01.corp.example,5f3c9a8e-1b2d-4c7e-9a10-2f6b8d4e7c31
DEV-CTX-014,poweredOn,False,False,17,toolsOk,12352,12352,No,manual,False,appStatusGray,appStatusGray,,True,True,False,,,,,DC-East,Dev-Cluster,esx-dev03.corp.example,Dev,Microsoft Windows Server 2019 (64-bit),Microsoft Windows Server 2019 Standard,vm-1233,vm-1233,42d773f9550c2fe9654c11d9f2e61828,vcsa01.corp.example,5f3c9a8e-1b2d-4c7e-9a10-2f6b8d4e7c31
DEV-SQL-015,poweredOn,False,False,20,toolsOk,12352,12352,No,manual,False,appStatusGray,appStatusGray,,True,True,False,Owner: app-team,,,,DC-East,Dev-Cluster,esx-dev02.corp.example,Dev,Red Hat Enterprise Linux 9 (64-bit),Red Hat Enterprise Linux 9.2 (Plow),vm-1234,vm-1234,42b1feadf280df1d9a6c0db952171c88,vcsa01.corp.example,5f3c9a8e-1b2d-4c7e-9a10-2f6b8d4e7c31
DEV-SQL-016,poweredOff,False,False,20,toolsNotRunning,12320,12352,No,upgradeAtPowerCycle,False,appStatusGray,appStatusGray,,False,True,False,,,,,DC-East,Dev-Cluster,esx-dev02.corp.example,Dev,Red Hat Enterprise Linux 8 (64-bit),,vm-1235,vm-1235,42604529536d47d73e0f84cec82f78fd,vcsa01.corp.example,5f3c9a8e-1b2d-4c7e-9a10-2f6b8d4e7c31
DEV-APP-017,poweredOn,False,False,19,toolsOk,12352,12352,No,upgradeAtPowerCycle,False,appStatusGray,appStatusGray,,True,True,False,Owner: app-team,,,,DC-East,Dev-Cluster,esx-dev03.corp.example,Dev,Microsoft Windows Server 2019 (64-bit),Microsoft Windows Server 2019 Standard,vm-1236,vm-1236,42ba2aa7f3f81c3106e3f9498cd34c62,vcsa01.corp.example,5f3c9a8e-1b2d-4c7e-9a10-2f6b8d4e7c31
DEV-WEB-018,poweredOn,False,False,17,toolsNotRunning,12320,12352,No,manual,False,appStatusGray,appStatusGray,,True,True,False,Owner: app-team,,,,DC-East,Dev-Cluster,esx-dev03.corp.example,Dev,Microsoft Windows Server 2019 (64-bit),Microsoft Windows Server 2019 Standard,vm-1237,vm-1237,4240afbf3df519674d8670bda2224f96,vcsa01.corp.example,5f3c9a8e-1b2d-4c7e-9a10-2f6b8d4e7c31
DEV-FS-019,poweredOn,False,False,13,toolsOk,12352,12352,No,manual,False,appStatusGray,appStatusGray,,True,True,False,,,,,DC-East,Dev-Cluster,esx-dev01.corp.example,Dev,Microsoft Windows Server 2016 or later (64-bit),Microsoft Windows Server 2022 Datacenter,vm-1238,vm-1238,42eb9ed2ec6a37ad81b15db988cc4d49,vcsa01.corp.example,5f3c9a8e-1b2d-4c7e-9a10-2f6b8d4e7c31
DEV-SQL-020,poweredOn,False,False,17,toolsOk,12352,12352,No,manual,False,appStatusGray,appStatusGray,,True,True,False,Owner: app-team,,,,DC-East,Dev-Cluster,esx-dev03.corp.example,Dev,Ubuntu Linux (64-bit),Ubuntu 22.04.4 LTS,vm-1239,vm-1239,423f8c10c4da2c2e1bffa27915c1604f,vcsa01.corp.example,5f3c9a8e-1b2d-4c7e-9a10-2f6b8d4e7c31
DEV-CTX-021,poweredOn,False,False,13,toolsOk,12352,12352,No,upgradeAtPowerCycle,False,appStatusGray,appStatusGray,,True,True,False,Owner: app-team,,,,DC-East,Dev-Cluster,esx-dev01.corp.example,Dev,Microsoft Windows Server 2016 (64-bit),Microsoft Windows Server 2016 Standard,vm-1240,vm-1240,42f7393654e38579c0afd193f780ef2f,vcsa01.corp.example,5f3c9a8e-1b2d-4c7e-9a10-2f6b8d4e7c31
DEV-WEB-022,poweredOn,False,False,20,toolsOld,10346,12352,Yes,upgradeAtPowerCycle,False,appStatusGray,appStatusGray,,True,True,False,Owner: app-team,,,,DC-East,Dev-Cluster,esx-dev01.corp.example,Dev,Microsoft Windows Server 2016 (64-bit),Microsoft Windows Server 2016 Standard,vm-1241,vm-1241,425fc64c721e8b1f389589399342a09f,vcsa01.corp.example,5f3c9a8e-1b2d-4c7e-9a10-2f6b8d4e7c31
DEV-SVC-023,poweredOn,False,False,20,toolsOk,12352,12352,No,upgradeAtPowerCycle,False,appStatusGray,appStatusGray,,True,True,False,,,,,DC-East,Dev-Cluster,esx-dev01.corp.example,Dev,Microsoft Windows Server 2016 or later (64-bit),Microsoft Windows Server 2022 Datacenter,vm-1242,vm-1242,4215fa94f633cc2deba900e16a7d5d96,vcsa01.corp.example,5f3c9a8e-1b2d-4c7e-9a10-2f6b8d4e7c31
DEV-WEB-024,poweredOn,False,False,14,toolsOk,12352,12352,No,upgradeAtPowerCycle,False,appStatusGray,appStatusGray,,True,True,False,Owner: app-team,,,,DC-East,Dev-Cluster,esx-dev02.corp.example,Dev,Microsoft Windows Server 2016 or later (64-bit),Microsoft Windows Server 2022 Datacenter,vm-1243,vm-1243,42b8d498702ba49f18fdd2b979e5c9aa,vcsa01.corp.example,5f3c9a8e-1b2d-4c7e-9a10-2f6b8d4e7c31
DEV-APP-025,poweredOn,False,False,14,toolsOk,12352,12352,No,upgradeAtPowerCycle,False,appStatusGray,appStatusGray,,True,True,False,,,,,DC-East,Dev-Cluster,esx-dev03.corp.example,Dev,Microsoft Windows Server 2019 (64-bit),Microsoft Windows Server 2019 Standard,vm-1244,vm-1244,42fbe0e6ee0f65a82a131c1fccd015c1,vcsa01.corp.example,5f3c9a8e-1b2d-4c7e-9a10-2f6b8d4e7c31
DEV-APP-026,poweredOn,False,False,17,toolsOk,12352,12352,No,upgradeAtPowerCycle,False,appStatusGray,appStatusGray,,True,True,False,,,,,DC-East,Dev-Cluster,esx-dev02.corp.example,Dev,Microsoft Windows Server 2016 (64-bit),Microsoft Windows Server 2016 Standard,vm-1245,vm-1245,42a3f66c2fb70dab2f383b43a137f8e4,vcsa01.corp.example,5f3c9a8e-1b2d-4c7e-9a10-2f6b8d4e7c31
DEV-CTX-027,poweredOn,False,False,14,toolsOld,10346,12352,Yes,upgradeAtPowerCycle,False,appStatusGray,appStatusGray,,True,True,False,,,,,DC-East,Dev-Cluster,esx-dev01.corp.example,Dev,Microsoft Windows Server 2016 or later (64-bit),Microsoft Windows Server 2022 Datacenter,vm-1246,vm-1246,42c0986747419b4834ae4abd36fce0ac,vcsa01.corp.example,5f3c9a8e-1b2d-4c7e-9a10-2f6b8d4e7c31
DEV-APP-028,poweredOn,False,False,19,toolsOld,10346,12352,Yes,manual,False,appStatusGray,appStatusGray,,True,True,False,,,,,DC-East,Dev-Cluster,esx-dev03.corp.example,Dev,Microsoft Windows Server 2019 (64-bit),Microsoft Windows Server 2019 Standard,vm-1247,vm-1247,427d4ed2dcd5bfaeabb316a743299780,vcsa01.corp.example,5f3c9a8e-1b2d-4c7e-9a10-2f6b8d4e7c31
DEV-FS-029,poweredOn,False,False,14,toolsOk,12352,12352,No,manual,False,appStatusGray,appStatusGray,,True,True,False,,,,,DC-East,Dev-Cluster,esx-dev03.corp.example,Dev,Microsoft Windows Server 2016 or later (64-bit),Microsoft Windows Server 2022 Datacenter,vm-1248,vm-1248,42d051262c2ac34b9e0b7b01753659ef,vcsa01.corp.example,5f3c9a8e-1b2d-4c7e-9a10-2f6b8d4e7c31
DEV-CTX-030,poweredOn,False,False,14,toolsOk,12352,12352,No,upgradeAtPowerCycle,False,appStatusGray,appStatusGray,,True,True,False,,,,,DC-East,Dev-Cluster,esx-dev03.corp.example,Dev,Microsoft Windows Server 2019 (64-bit),Microsoft Windows Server 2019 Standard,vm-1249,vm-1249,425f90fc2edc017e1df05d184e2d6255,vcsa01.corp.example,5f3c9a8e-1b2d-4c7e-9a10-2f6b8d4e7c31
DEV-CTX-031,poweredOn,False,False,11,toolsOk,12352,12352,No,manual,False,appStatusGray,appStatusGray,,True,True,False,Owner: app-team,,,,DC-East,Dev-Cluster,esx-dev01.corp.example,Dev,Microsoft Windows Server 2016 (64-bit),Microsoft Windows Server 2016 Standard,vm-1250,vm-1250,42a52fc3eb4e2281b184d1fc8991b01a,vcsa01.corp.example,5f3c9a8e-1b2d-4c7e-9a10-2f6b8d4e7c31
DEV-RDS-032,poweredOn,False,False,19,toolsOk,12352,12352,No,upgradeAtPowerCycle,False,appStatusGray,appStatusGray,,True,True,False,,,,,DC-East,Dev-Cluster,esx-dev02.corp.example,Dev,Microsoft Windows Server 2019 (64-bit),Microsoft Windows Server 2019 Standard,vm-1251,vm-1251,4202740ff3abea0d5be9fdb3dd92dd7c,vcsa01.corp.example,5f3c9a8e-1b2d-4c7e-9a10-2f6b8d4e7c31
DEV-SVC-033,poweredOn,False,False,21,toolsOld,10346,12352,Yes,upgradeAtPowerCycle,False,appStatusGray,appStatusGray,,True,True,False,Owner: app-team,,,,DC-East,Dev-Cluster,esx-dev03.corp.example,Dev,Microsoft Windows Server 2016 (64-bit),Microsoft Windows Server 2016 Standard,vm-1252,vm-1252,422ad11f7d1b695e71a0449dd703262f,vcsa01.corp.example,5f3c9a8e-1b2d-4c7e-9a10-2f6b8d4e7c31
DEV-APP-034,poweredOn,False,False,19,toolsOk,12352,12352,No,manual,False,appStatusGray,appStatusGray,,True,True,False,Owner: app-team,,,,DC-East,Dev-Cluster,esx-dev02.corp.example,Dev,Microsoft Windows Server 2019 (64-bit),Microsoft Windows Server 2019 Standard,vm-1253,vm-1253,42c4134dc5c5ae8abe15ad1290ce77e9,vcsa01.corp.example,5f3c9a8e-1b2d-4c7e-9a10-2f6b8d4e7c31
DEV-APP-035,poweredOn,False,False,19,toolsNotInstalled,0,12352,No,manual,False,appStatusGray,appStatusGray,,True,True,False,,,,,DC-East,Dev-Cluster,esx-dev02.corp.example,Dev,Red Hat Enterprise Linux 8 (64-bit),Red Hat Enterprise Linux 8.8 (Ootpa),vm-1254,vm-1254,4270fd66b80f16c5c28fa16b0aa6fcb9,vcsa01.corp.example,5f3c9a8e-1b2d-4c7e-9a10-2f6b8d4e7c31
DEV-WEB-036,poweredOn,False,False,13,toolsOk,12352,12352,No,manual,False,appStatusGray,appStatusGray,,True,True,False,,,,,DC-East,Dev-Cluster,esx-dev02.corp.example,Dev,CentOS 7 (64-bit),CentOS Linux 7 (Core),vm-1255,vm-1255,427066e2164484a0d1151fffdcb91d5f,vcsa01.corp.example,5f3c9a8e-1b2d-4c7e-9a10-2f6b8d4e7c31
DEV-CTX-037,poweredOn,False,False,20,toolsOk,12352,12352,No,manual,False,appStatusGray,appStatusGray,,True,True,False,,,,,DC-East,Dev-Cluster,esx-dev03.corp.example,Dev,Microsoft Windows Server 2016 or later (64-bit),Microsoft Windows Server 2022 Datacenter,vm-1256,vm-1256,42c8ebe223a4e70e9dbc15c02a7dc57c,vcsa01.corp.example,5f3c9a8e-1b2d-4c7e-9a10-2f6b8d4e7c31
DEV-SQL-038,poweredOn,False,False,20,toolsOk,12352,12352,No,manual,False,appStatusGray,appStatusGray,,True,True,False,,,,,DC-East,Dev-Cluster,esx-dev03.corp.example,Dev,Microsoft Windows Server 2016 or later (64-bit),Microsoft Windows Server 2022 Datacenter,vm-1257,vm-1257,42929ecc4a11be444aea1b8fb43cde0a,vcsa01.corp.example,5f3c9a8e-1b2d-4c7e-9a10-2f6b8d4e7c31
DEV-APP-039,suspended,False,False,13,toolsNotRunning,12320,12352,No,manual,False,appStatusGray,appStatusGray,,False,True,False,,,,,DC-East,Dev-Cluster,esx-dev01.corp.example,Dev,SUSE Linux Enterprise 15 (64-bit),,vm-1258,vm-1258,42b390b0207bbe21a7e8d18eddf6d4ac,vcsa01.corp.example,5f3c9a8e-1b2d-4c7e-9a10-2f6b8d4e7c31
DEV-SQL-040,poweredOn,False,False,19,toolsOk,12352,12352,No,upgradeAtPowerCycle,False,appStatusGray,appStatusGray,,True,True,False,,,,,DC-East,Dev-Cluster,esx-dev01.corp.example,Dev,Red Hat Enterprise Linux 8 (64-bit),Red Hat Enterprise Linux 8.8 (Ootpa),vm-1259,vm-1259,42a0b85744caa5a2a1e518a293d228d4,vcsa01.corp.example,5f3c9a8e-1b2d-4c7e-9a10-2f6b8d4e7c31
DEV-APP-041,poweredOn,False,False,13,toolsOk,12352,12352,No,manual,False,appStatusGray,appStatusGray,,True,True,False,,,,,DC-East,Dev-Cluster,esx-dev02.corp.example,Dev,Microsoft Windows Server 2016 (64-bit),Microsoft Windows Server 2016 Standard,vm-1260,vm-1260,4200a21394fb09f053c93ae77cf07bb3,vcsa01.corp.example,5f3c9a8e-1b2d-4c7e-9a10-2f6b8d4e7c31
DEV-RDS-042,poweredOn,False,False,13,toolsOk,12352,12352,No,manual,False,appStatusGray,appStatusGray,,True,True,False,Owner: app-team,,,,DC-East,Dev-Cluster,esx-dev03.corp.example,Dev,Microsoft Windows Server 2012 (64-bit),Microsoft Windows Server 2012 R2 Standard,vm-1261,vm-1261,426dfd17f7d7465d37c3b3c965d0b517,vcsa01.corp.example,5f3c9a8e-1b2d-4c7e-9a10-2f6b8d4e7c31
DEV-WEB-043,poweredOn,False,False,14,toolsOk,12352,12352,No,manual,False,appStatusGray,appStatusGray,,True,True,False,,,,,DC-East,Dev-Cluster,esx-dev02.corp.example,Dev,Microsoft Windows Server 2016 (64-bit),Microsoft Windows Server 2016 Standard,vm-1262,vm-1262,42aebbb9e4e751de57ff51d9c9ce44bd,vcsa01.corp.example,5f3c9a8e-1b2d-4c7e-9a10-2f6b8d4e7c31
DEV-RDS-044,poweredOn,False,False,9,toolsOk,12352,12352,No,manual,False,appStatusGray,appStatusGray,,True,True,False,,,,,DC-East,Dev-Cluster,esx-dev01.corp.example,Dev,Microsoft Windows Server 2019 (64-bit),Microsoft Windows Server 2019 Standard,vm-1263,vm-1263,4233cb206d84414df54191eafde91c42,vcsa01.corp.example,5f3c9a8e-1b2d-4c7e-9a10-2f6b8d4e7c31
DEV-APP-045,poweredOn,False,False,21,toolsOk,12352,12352,No,upgradeAtPowerCycle,False,appStatusGray,appStatusGray,,True,True,False,,,,,DC-East,Dev-Cluster,esx-dev02.corp.example,Dev,Microsoft Windows Server 2019 (64-bit),Microsoft Windows Server 2019 Standard,vm-1264,vm-1264,422a5fdaa61f0b96e75f745aaa1d3fc6,vcsa01.corp.example,5f3c9a8e-1b2d-4c7e-9a10-2f6b8d4e7c31
DEV-WEB-046,poweredOn,False,False,20,toolsOk,12352,12352,No,upgradeAtPowerCycle,False,appStatusGray,appStatusGray,,True,True,False,,,,,DC-East,Dev-Cluster,esx-dev02.corp.example,Dev,Microsoft Windows Server 2012 (64-bit),Microsoft Windows Server 2012 R2 Standard,vm-1265,vm-1265,4297fb6121f89d0613f3cade7a10013f,vcsa01.corp.example,5f3c9a8e-1b2d-4c7e-9a10-2f6b8d4e7c31
DEV-APP-047,poweredOn,False,False,21,toolsOk,12352,12352,No,manual,False,appStatusGray,appStatusGray,,True,True,False,Owner: app-team,,,,DC-East,Dev-Cluster,esx-dev03.corp.example,Dev,Microsoft Windows Server 2016 or later (64-bit),Microsoft Windows Server 2022 Datacenter,vm-1266,vm-1266,426210de3a9c43081221cddf7a4a902f,vcsa01.corp.example,5f3c9a8e-1b2d-4c7e-9a10-2f6b8d4e7c31
DEV-SQL-048,poweredOn,False,False,9,toolsOk,12352,12352,No,upgradeAtPowerCycle,False,appStatusGray,appStatusGray,,True,True,False,,,,,DC-East,Dev-Cluster,esx-dev02.corp.example,Dev,CentOS 7 (64-bit),CentOS Linux 7 (Core),vm-1267,vm-1267,42a43e552215df00dfdf0e05c0cef31b,vcsa01.corp.example,5f3c9a8e-1b2d-4c7e-9a10-2f6b8d4e7c31
DEV-CTX-049,poweredOn,False,False,11,toolsOk,12352,12352,No,upgradeAtPowerCycle,False,appStatusGray,appStatusGray,,True,True,False,Owner: app-team,,,,DC-East,Dev-Cluster,esx-dev01.corp.example,Dev,Microsoft Windows Server 2012 (64-bit),Microsoft Windows Server 2012 R2 Standard,vm-1268,vm-1268,4226c074bf8e8bfaa0c9da72368acd40,vcsa01.corp.example,5f3c9a8e-1b2d-4c7e-9a10-2f6b8d4e7c31
DEV-WEB-050,poweredOn,False,False,20,toolsNotRunning,12320,12352,No,upgradeAtPowerCycle,False,appStatusGray,appStatusGray,,True,True,False,Owner: app-team,,,,DC-East,Dev-Cluster,esx-dev01.corp.example,Dev,Ubuntu Linux (64-bit),Ubuntu 22.04.4 LTS,vm-1269,vm-1269,426dec6bf69777a159fe3d53624fea4b,vcsa01.corp.example,5f3c9a8e-1b2d-4c7e-9a10-2f6b8d4e7c31
DEV-APP-051,poweredOn,False,False,13,toolsOld,11333,12352,Yes,upgradeAtPowerCycle,False,appStatusGray,appStatusGray,,True,True,False,,,,,DC-East,Dev-Cluster,esx-dev01.corp.example,Dev,Microsoft Windows Server 2016 (64-bit),Microsoft Windows Server 2016 Standard,vm-1270,vm-1270,42d90f7406ddf6cab0c30a59f0f7ad22,vcsa01.corp.example,5f3c9a8e-1b2d-4c7e-9a10-2f6b8d4e7c31
DEV-CTX-052,poweredOn,False,False,20,toolsOk,12352,12352,No,manual,False,appStatusGray,appStatusGray,,True,True,False,Owner: app-team,,,,DC-East,Dev-Cluster,esx-dev03.corp.example,Dev,Microsoft Windows Server 2019 (64-bit),Microsoft Windows Server 2019 Standard,vm-1271,vm-1271,42f4655acb35097ae5dd98f1c8a738ab,vcsa01.corp.example,5f3c9a8e-1b2d-4c7e-9a10-2f6b8d4e7c31
DEV-RDS-053,suspended,False,False,13,toolsNotRunning,12320,12352,No,manual,False,appStatusGray,appStatusGray,,False,True,False,,,,,DC-East,Dev-Cluster,esx-dev03.corp.example,Dev,Microsoft Windows Server 2016 (64-bit),,vm-1272,vm-1272,426307d421c9a15d51045a16ef15ab72,vcsa01.corp.example,5f3c9a8e-1b2d-4c7e-9a10-2f6b8d4e7c31
DEV-SVC-054,poweredOn,False,False,21,toolsOk,12352,12352,No,upgradeAtPowerCycle,False,appStatusGray,appStatusGray,,True,True,False,,,,,DC-East,Dev-Cluster,esx-dev03.corp.example,Dev,Microsoft Windows Server 2019 (64-bit),Microsoft Windows Server 2019 Standard,vm-1273,vm-1273,42373aed431e930f0387f74d1149d096,vcsa01.corp.example,5f3c9a8e-1b2d-4c7e-9a10-2f6b8d4e7c31
DEV-WEB-055,poweredOn,False,False,17,toolsOld,11333,12352,Yes,manual,False,appStatusGray,appStatusGray,,True,True,False,Owner: app-team,,,,DC-East,Dev-Cluster,esx-dev03.corp.example,Dev,Microsoft Windows Server 2008 R2 (64-bit),Microsoft Windows Server 2008 R2 Enterprise,vm-1274,vm-1274,4289a3c8895c4fdea3fa40691519fd38,vcsa01.corp.example,5f3c9a8e-1b2d-4c7e-9a10-2f6b8d4e7c31
DEV-APP-056,poweredOn,False,False,17,toolsOk,12352,12352,No,manual,False,appStatusGray,appStatusGray,,True,True,False,,,,,DC-East,Dev-Cluster,esx-dev03.corp.example,Dev,Ubuntu Linux (64-bit),Ubuntu 22.04.4 LTS,vm-1275,vm-1275,42d5a386c362a810a2611b8d9620bee6,vcsa01.corp.example,5f3c9a8e-1b2d-4c7e-9a10-2f6b8d4e7c31
DEV-FS-057,poweredOn,False,False,17,toolsOk,12352,12352,No,manual,False,appStatusGray,appStatusGray,,True,True,False,,,,,DC-East,Dev-Cluster,esx-dev03.corp.example,Dev,SUSE Linux Enterprise 15 (64-bit),SUSE Linux Enterprise Server 15 SP5,vm-1276,vm-1276,4274102d1db14bfc6f3a5115ecb4678c,vcsa01.corp.example,5f3c9a8e-1b2d-4c7e-9a10-2f6b8d4e7c31
DEV-APP-058,poweredOn,False,False,14,toolsOk,12352,12352,No,upgradeAtPowerCycle,False,appStatusGray,appStatusGray,,True,True,False,,,,,DC-East,Dev-Cluster,esx-dev01.corp.example,Dev,Microsoft Windows Server 2019 (64-bit),Microsoft Windows Server 2019 Standard,vm-1277,vm-1277,428468b785e3ade558c1aad6f3f8dea4,vcsa01.corp.example,5f3c9a8e-1b2d-4c7e-9a10-2f6b8d4e7c31
DEV-SQL-059,poweredOn,False,False,20,toolsOk,12352,12352,No,manual,False,appStatusGray,appStatusGray,,True,True,False,,,,,DC-East,Dev-Cluster,esx-dev01.corp.example,Dev,Red Hat Enterprise Linux 8 (64-bit),Red Hat Enterprise Linux 8.8 (Ootpa),vm-1278,vm-1278,426de837ce9e9ebd55c348530783e43c,vcsa01.corp.example,5f3c9a8e-1b2d-4c7e-9a10-2f6b8d4e7c31
DEV-CTX-060,poweredOn,False,False,20,toolsOld,11269,12352,Yes,manual,False,appStatusGray,appStatusGray,,True,True,False,,,,,DC-East,Dev-Cluster,esx-dev03.corp.example,Dev,Microsoft Windows Server 2019 (64-bit),Microsoft Windows Server 2019 Standard,vm-1279,vm-1279,422ab8bd911f730bdbff00b07fe670f3,vcsa01.corp.example,5f3c9a8e-1b2d-4c7e-9a10-2f6b8d4e7c31
DEV-CTX-061,poweredOn,False,False,21,toolsOk,12352,12352,No,manual,False,appStatusGray,appStatusGray,,True,True,False,,,,,DC-East,Dev-Cluster,esx-dev03.corp.example,Dev,Red Hat Enterprise Linux 8 (64-bit),Red Hat Enterprise Linux 8.8 (Ootpa),vm-1280,vm-1280,423e9aec03254fbddce8e1c5dbd30aec,vcsa01.corp.example,5f3c9a8e-1b2d-4c7e-9a10-2f6b8d4e7c31
DEV-APP-062,poweredOn,False,False,20,toolsOld,11333,12352,Yes,upgradeAtPowerCycle,False,appStatusGray,appStatusGray,,True,True,False,Owner: app-team,,,,DC-East,Dev-Cluster,esx-dev01.corp.example,Dev,Ubuntu Linux (64-bit),Ubuntu 22.04.4 LTS,vm-1281,vm-1281,426b5bc9a7dc2bc0bd9c4693b6ca1127,vcsa01.corp.example,5f3c9a8e-1b2d-4c7e-9a10-2f6b8d4e7c31
DEV-SQL-063,poweredOn,False,False,20,toolsOk,12352,12352,No,manual,False,appStatusGray,appStatusGray,,True,True,False,Owner: app-team,,,,DC-East,Dev-Cluster,esx-dev02.corp.example,Dev,Red Hat Enterprise Linux 9 (64-bit),Red Hat Enterprise Linux 9.2 (Plow),vm-1282,vm-1282,422de9820d7bec04e6e59b32ac5f12ef,vcsa01.corp.example,5f3c9a8e-1b2d-4c7e-9a10-2f6b8d4e7c31
DEV-APP-064,poweredOn,False,False,20,toolsOk,12352,12352,No,manual,False,appStatusGray,appStatusGray,,True,True,False,,,,,DC-East,Dev-Cluster,esx-dev02.corp.example,Dev,CentOS 7 (64-bit),CentOS Linux 7 (Core),vm-1283,vm-1283,42335f2f5e717fca020a449774ed5145,vcsa01.corp.example,5f3c9a8e-1b2d-4c7e-9a10-2f6b8d4e7c31
DEV-CTX-065,suspended,False,False,19,toolsNotRunning,12320,12352,No,manual,False,appStatusGray,appStatusGray,,False,True,False,,,,,DC-East,Dev-Cluster,esx-dev01.corp.example,Dev,Microsoft Windows Server 2016 or later (64-bit),,vm-1284,vm-1284,42e68373bb82b7963207343ec6a07656,vcsa01.corp.example,5f3c9a8e-1b2d-4c7e-9a10-2f6b8d4e7c31
DEV-APP-066,poweredOn,False,False,20,toolsOk,12352,12352,No,manual,False,appStatusGray,appStatusGray,,True,True,False,,,,,DC-East,Dev-Cluster,esx-dev02.corp.example,Dev,Microsoft Windows Server 2019 (64-bit),Microsoft Windows Server 2019 Standard,vm-1285,vm-1285,42f374190274ce40e09016b6b186a5a8,vcsa01.corp.example,5f3c9a8e-1b2d-4c7e-9a10-2f6b8d4e7c31
DEV-WEB-067,poweredOn,False,False,14,toolsOk,12352,12352,No,manual,False,appStatusGray,appStatusGray,,True,True,False,,,,,DC-East,Dev-Cluster,esx-dev01.corp.example,Dev,Microsoft Windows Server 2019 (64-bit),Microsoft Windows Server 2019 Standard,vm-1286,vm-1286,42247296ff38b918f8f9a45d0f554896,vcsa01.corp.example,5f3c9a8e-1b2d-4c7e-9a10-2f6b8d4e7c31
DEV-WEB-068,poweredOff,False,False,20,toolsNotRunning,12320,12352,No,upgradeAtPowerCycle,False,appStatusGray,appStatusGray,,False,True,False,Owner: app-team,,,,DC-East,Dev-Cluster,esx-dev03.corp.example,Dev,Microsoft Windows Server 2016 or later (64-bit),,vm-1287,vm-1287,428163b61877bc0694ad625215bc2a3e,vcsa01.corp.example,5f3c9a8e-1b2d-4c7e-9a10-2f6b8d4e7c31
DEV-CTX-069,poweredOn,False,False,13,toolsOk,12352,12352,No,upgradeAtPowerCycle,False,appStatusGray,appStatusGray,,True,True,False,Owner: app-team,,,,DC-East,Dev-Cluster,esx-dev03.corp.example,Dev,Microsoft Windows Server 2019 (64-bit),Microsoft Windows Server 2019 Standard,vm-1288,vm-1288,42ed111550a46c85d9d57b0242d04d55,vcsa01.corp.example,5f3c9a8e-1b2d-4c7e-9a10-2f6b8d4e7c31
DEV-SQL-070,poweredOn,False,False,20,toolsOk,12352,12352,No,manual,False,appStatusGray,appStatusGray,,True,True,False,Owner: app-team,,,,DC-East,Dev-Cluster,esx-dev02.corp.example,Dev,Microsoft Windows Server 2019 (64-bit),Microsoft Windows Server 2019 Standard,vm-1289,vm-1289,4227c8fc1be5a4c395af6d0cc5285425,vcsa01.corp.example,5f3c9a8e-1b2d-4c7e-9a10-2f6b8d4e7c31
DEV-FS-071,poweredOn,False,False,20,toolsNotInstalled,0,12352,No,upgradeAtPowerCycle,False,appStatusGray,appStatusGray,,True,True,False,,,,,DC-East,Dev-Cluster,esx-dev01.corp.example,Dev,Microsoft Windows Server 2016 (64-bit),Microsoft Windows Server 2016 Standard,vm-1290,vm-1290,421725d21eb2a7b8da3c45ca43d78f2b,vcsa01.corp.example,5f3c9a8e-1b2d-4c7e-9a10-2f6b8d4e7c31
DEV-CTX-072,poweredOn,False,False,19,toolsOk,12352,12352,No,manual,False,appStatusGray,appStatusGray,,True,True,False,Owner: app-team,,,,DC-East,Dev-Cluster,esx-dev01.corp.example,Dev,Microsoft Windows Server 2019 (64-bit),Microsoft Windows Server 2019 Standard,vm-1291,vm-1291,426570465b11f51ff7e9101d3f8b4433,vcsa01.corp.example,5f3c9a8e-1b2d-4c7e-9a10-2f6b8d4e7c31
DEV-APP-073,poweredOn,False,False,13,toolsOk,12352,12352,No,manual,False,appStatusGray,appStatusGray,,True,True,False,,,,,DC-East,Dev-Cluster,esx-dev01.corp.example,Dev,SUSE Linux Enterprise 15 (64-bit),SUSE Linux Enterprise Server 15 SP5,vm-1292,vm-1292,421a16997648776e183fea703ff6579e,vcsa01.corp.example,5f3c9a8e-1b2d-4c7e-9a10-2f6b8d4e7c31
DEV-APP-074,poweredOn,False,False,17,toolsOld,10346,12352,Yes,upgradeAtPowerCycle,False,appStatusGray,appStatusGray,,True,True,False,Owner: app-team,,,,DC-East,Dev-Cluster,esx-dev01.corp.example,Dev,Microsoft Windows Server 2019 (64-bit),Microsoft Windows Server 2019 Standard,vm-1293,vm-1293,4295132c15839b99a50a13dcf004e897,vcsa01.corp.example,5f3c9a8e-1b2d-4c7e-9a10-2f6b8d4e7c31
DEV-APP-075,poweredOn,False,False,20,toolsOld,11333,12352,Yes,upgradeAtPowerCycle,False,appStatusGray,appStatusGray,,True,True,False,,,,,DC-East,Dev-Cluster,esx-dev01.corp.example,Dev,Ubuntu Linux (64-bit),Ubuntu 22.04.4 LTS,vm-1294,vm-1294,4254e074cf133b65d450afa2d8e70aeb,vcsa01.corp.example,5f3c9a8e-1b2d-4c7e-9a10-2f6b8d4e7c31
DEV-CTX-076,poweredOn,False,False,20,toolsOk,12352,12352,No,manual,False,appStatusGray,appStatusGray,,True,True,False,,,,,DC-East,Dev-Cluster,esx-dev02.corp.example,Dev,Red Hat Enterprise Linux 9 (64-bit),Red Hat Enterprise Linux 9.2 (Plow),vm-1295,vm-1295,425a9c062c3d17e26d39da75aee70ab2,vcsa01.corp.example,5f3c9a8e-1b2d-4c7e-9a10-2f6b8d4e7c31
DEV-RDS-077,poweredOn,False,False,17,toolsOld,10346,12352,Yes,upgradeAtPowerCycle,False,appStatusGray,appStatusGray,,True,True,False,,,,,DC-East,Dev-Cluster,esx-dev01.corp.example,Dev,Microsoft Windows Server 2019 (64-bit),Microsoft Windows Server 2019 Standard,vm-1296,vm-1296,42e1fdc6697852217fb75c574b8c031f,vcsa01.corp.example,5f3c9a8e-1b2d-4c7e-9a10-2f6b8d4e7c31
DEV-FS-078,poweredOn,False,False,21,toolsOld,11269,12352,Yes,upgradeAtPowerCycle,False,appStatusGray,appStatusGray,,True,True,False,,,,,DC-East,Dev-Cluster,esx-dev01.corp.example,Dev,Microsoft Windows Server 2016 or later (64-bit),Microsoft Windows Server 2022 Datacenter,vm-1297,vm-1297,42cb7b0b8b2d158acd5ae324fe7c80e9,vcsa01.corp.example,5f3c9a8e-1b2d-4c7e-9a10-2f6b8d4e7c31
DEV-RDS-079,poweredOn,False,False,20,toolsOld,10346,12352,Yes,upgradeAtPowerCycle,False,appStatusGray,appStatusGray,,True,True,False,,,,,DC-East,Dev-Cluster,esx-dev03.corp.example,Dev,Red Hat Enterprise Linux 8 (64-bit),Red Hat Enterprise Linux 8.8 (Ootpa),vm-1298,vm-1298,4206ac102e0869c1453b45fe636cf499,vcsa01.corp.example,5f3c9a8e-1b2d-4c7e-9a10-2f6b8d4e7c31
DEV-WEB-080,poweredOn,False,False,20,toolsOk,12352,12352,No,manual,False,appStatusGray,appStatusGray,,True,True,False,Owner: app-team,,,,DC-East,Dev-Cluster,esx-dev01.corp.example,Dev,Red Hat Enterprise Linux 9 (64-bit),Red Hat Enterprise Linux 9.2 (Plow),vm-1299,vm-1299,42f956be3b964c74ffe6299495804c2a,vcsa01.corp.example,5f3c9a8e-1b2d-4c7e-9a10-2f6b8d4e7c31
DEV-WEB-081,poweredOn,False,False,9,toolsOk,12352,12352,No,upgradeAtPowerCycle,False,appStatusGray,appStatusGray,,True,True,False,,,,,DC-East,Dev-Cluster,esx-dev03.corp.example,Dev,Red Hat Enterprise Linux 9 (64-bit),Red Hat Enterprise Linux 9.2 (Plow),vm-1300,vm-1300,42d8b48e93608edf382b5b86f2a32efd,vcsa01.corp.example,5f3c9a8e-1b2d-4c7e-9a10-2f6b8d4e7c31
DEV-APP-082,poweredOff,False,False,10,toolsNotRunning,12320,12352,No,upgradeAtPowerCycle,False,appStatusGray,appStatusGray,,False,True,False,Owner: app-team,,,,DC-East,Dev-Cluster,esx-dev01.corp.example,Dev,Microsoft Windows Server 2019 (64-bit),,vm-1301,vm-1301,425a07d7b357f3f9b4157cea07388ba4,vcsa01.corp.example,5f3c9a8e-1b2d-4c7e-9a10-2f6b8d4e7c31
DEV-WEB-083,poweredOn,False,False,21,toolsOk,12352,12352,No,manual,False,appStatusGray,appStatusGray,,True,True,False,,,,,DC-East,Dev-Cluster,esx-dev02.corp.example,Dev,Microsoft Windows Server 2016 (64-bit),Microsoft Windows Server 2016 Standard,vm-1302,vm-1302,423803dc9a0692953b8d34470e61065f,vcsa01.corp.example,5f3c9a8e-1b2d-4c7e-9a10-2f6b8d4e7c31
DEV-CTX-084,poweredOff,False,False,21,toolsNotRunning,12320,12352,No,manual,False,appStatusGray,appStatusGray,,False,True,False,,,,,DC-East,Dev-Cluster,esx-dev01.corp.example,Dev,Red Hat Enterprise Linux 9 (64-bit),,vm-1303,vm-1303,420f3f0f52d6b779de4379cbd8230076,vcsa01.corp.example,5f3c9a8e-1b2d-4c7e-9a10-2f6b8d4e7c31
DEV-APP-085,poweredOn,False,False,20,toolsOk,12352,12352,No,upgradeAtPowerCycle,False,appStatusGray,appStatusGray,,True,True,False,,,,,DC-East,Dev-Cluster,esx-dev01.corp.example,Dev,CentOS 7 (64-bit),CentOS Linux 7 (Core),vm-1304,vm-1304,429605306545c030a981fa54f121e129,vcsa01.corp.example,5f3c9a8e-1b2d-4c7e-9a10-2f6b8d4e7c31
DEV-APP-086,poweredOn,False,False,14,toolsOld,11333,12352,Yes,manual,False,appStatusGray,appStatusGray,,True,True,False,Owner: app-team,,,,DC-East,Dev-Cluster,esx-dev03.corp.example,Dev,Ubuntu Linux (64-bit),Ubuntu 18.04.6 LTS,vm-1305,vm-1305,428fddbef7ff88d4b509f08a2c988bca,vcsa01.corp.example,5f3c9a8e-1b2d-4c7e-9a10-2f6b8d4e7c31
DEV-CTX-087,poweredOn,False,False,10,toolsOk,12352,12352,No,manual,False,appStatusGray,appStatusGray,,True,True,False,Owner: app-team,,,,DC-East,Dev-Cluster,esx-dev01.corp.example,Dev,Microsoft Windows Server 2016 or later (64-bit),Microsoft Windows Server 2022 Datacenter,vm-1306,vm-1306,42b3b6d3f2e3c6f00075d3d5ba94aa66,vcsa01.corp.example,5f3c9a8e-1b2d-4c7e-9a10-2f6b8d4e7c31
DEV-APP-088,poweredOn,False,False,20,toolsOk,12352,12352,No,upgradeAtPowerCycle,False,appStatusGray,appStatusGray,,True,True,False,,,,,DC-East,Dev-Cluster,esx-dev03.corp.example,Dev,Microsoft Windows Server 2016 or later (64-bit),Microsoft Windows Server 2022 Datacenter,vm-1307,vm-1307,422401347f05fbf5efcac5771aa6f7cb,vcsa01.corp.example,5f3c9a8e-1b2d-4c7e-9a10-2f6b8d4e7c31
DEV-SQL-089,poweredOn,False,False,20,toolsOld,10346,12352,Yes,upgradeAtPowerCycle,False,appStatusGray,appStatusGray,,True,True,False,,,,,DC-East,Dev-Cluster,esx-dev01.corp.example,Dev,Microsoft Windows Server 2012 (64-bit),Microsoft Windows Server 2012 R2 Standard,vm-1308,vm-1308,4202ead2725656e355f3ad50e2fbb984,vcsa01.corp.example,5f3c9a8e-1b2d-4c7e-9a10-2f6b8d4e7c31
DEV-SQL-090,poweredOn,False,False,20,toolsOk,12352,12352,No,manual,False,appStatusGray,appStatusGray,,True,True,False,Owner: app-team,,,,DC-East,Dev-Cluster,esx-dev02.corp.example,Dev,Red Hat Enterprise Linux 8 (64-bit),Red Hat Enterprise Linux 8.8 (Ootpa),vm-1309,vm-1309,42f8170e6b6e64c5bb8aa843702f31e5,vcsa01.corp.example,5f3c9a8e-1b2d-4c7e-9a10-2f6b8d4e7c31
vcsa01,poweredOn,False,False,14,toolsOk,12352,12352,No,upgradeAtPowerCycle,False,appStatusGray,appStatusGray,,True,True,False,,,,,DC-West,Mgmt-Cluster,esx-mgmt02.corp.example,Mgmt,VMware Photon OS (64-bit),VMware Photon OS 3.0,vm-1310,vm-1310,427abfced42cb1ae19f738cb6016c743,vcsa01.corp.example,5f3c9a8e-1b2d-4c7e-9a10-2f6b8d4e7c31
nsx-mgr-01,poweredOn,False,False,20,toolsOk,12352,12352,No,upgradeAtPowerCycle,False,appStatusGray,appStatusGray,,True,True,False,,,,,DC-West,Mgmt-Cluster,esx-mgmt01.corp.example,Mgmt,VMware Photon OS (64-bit),VMware Photon OS 3.0,vm-1311,vm-1311,42088dbdd883e3f8cc9803de12de9e5a,vcsa01.corp.example,5f3c9a8e-1b2d-4c7e-9a10-2f6b8d4e7c31
nsx-mgr-02,poweredOn,False,False,21,toolsOk,12352,12352,No,manual,False,appStatusGray,appStatusGray,,True,True,False,,,,,DC-West,Mgmt-Cluster,esx-mgmt01.corp.example,Mgmt,VMware Photon OS (64-bit),VMware Photon OS 3.0,vm-1312,vm-1312,42bb635f29310971601e0211e34f76b4,vcsa01.corp.example,5f3c9a8e-1b2d-4c7e-9a10-2f6b8d4e7c31
nsx-mgr-03,poweredOn,False,False,17,toolsOk,12352,12352,No,manual,False,appStatusGray,appStatusGray,,True,True,False,Owner: app-team,,,,DC-West,Mgmt-Cluster,esx-mgmt02.corp.example,Mgmt,VMware Photon OS (64-bit),VMware Photon OS 3.0,vm-1313,vm-1313,422a3d41a754a29ff143e5456e6b34b9,vcsa01.corp.example,5f3c9a8e-1b2d-4c7e-9a10-2f6b8d4e7c31
ad-dc01,poweredOn,False,False,14,toolsOk,12352,12352,No,manual,False,appStatusGray,appStatusGray,,True,True,False,Owner: app-team,,,,DC-West,Mgmt-Cluster,esx-mgmt01.corp.example,Mgmt,Microsoft Windows Server 2016 or later (64-bit),Microsoft Windows Server 2022 Datacenter,vm-1314,vm-1314,42ecf264b8d77d2f8dda4ff2b27b7bb4,vcsa01.corp.example,5f3c9a8e-1b2d-4c7e-9a10-2f6b8d4e7c31
ad-dc02,poweredOn,False,False,20,toolsOld,10346,12352,Yes,upgradeAtPowerCycle,False,appStatusGray,appStatusGray,,True,True,False,Owner: app-team,,,,DC-West,Mgmt-Cluster,esx-mgmt02.corp.example,Mgmt,Microsoft Windows Server 2019 (64-bit),Microsoft Windows Server 2019 Standard,vm-1315,vm-1315,427daec9d700b4618cb6b0ba925f8199,vcsa01.corp.example,5f3c9a8e-1b2d-4c7e-9a10-2f6b8d4e7c31
veeam-br01,poweredOn,False,False,21,toolsOk,12352,12352,No,manual,False,appStatusGray,appStatusGray,,True,True,False,,,,,DC-West,Mgmt-Cluster,esx-mgmt01.corp.example,Mgmt,Microsoft Windows Server 2016 or later (64-bit),Microsoft Windows Server 2022 Datacenter,vm-1316,vm-1316,4218d422331de35c7af6cd4199a7b99b,vcsa01.corp.example,5f3c9a8e-1b2d-4c7e-9a10-2f6b8d4e7c31
veeam-proxy-01,poweredOn,False,False,11,toolsOk,12352,12352,No,upgradeAtPowerCycle,False,appStatusGray,appStatusGray,,True,True,False,Owner: app-team,,,,DC-West,Mgmt-Cluster,esx-mgmt01.corp.example,Mgmt,Microsoft Windows Server 2016 (64-bit),Microsoft Windows Server 2016 Standard,vm-1317,vm-1317,427d3572788fd0cd65c06b93c8edabdd,vcsa01.corp.example,5f3c9a8e-1b2d-4c7e-9a10-2f6b8d4e7c31
veeam-proxy-02,poweredOn,False,False,19,toolsOk,12352,12352,No,upgradeAtPowerCycle,False,appStatusGray,appStatusGray,,True,True,False,,,,,DC-West,Mgmt-Cluster,esx-mgmt02.corp.example,Mgmt,Microsoft Windows Server 2019 (64-bit),Microsoft Windows Server 2019 Standard,vm-1318,vm-1318,4243675d0b6c03c8721e54192fc3e649,vcsa01.corp.example,5f3c9a8e-1b2d-4c7e-9a10-2f6b8d4e7c31
vrli-01,poweredOn,False,False,21,toolsOk,12352,12352,No,upgradeAtPowerCycle,False,appStatusGray,appStatusGray,,True,True,False,,,,,DC-West,Mgmt-Cluster,esx-mgmt02.corp.example,Mgmt,VMware Photon OS (64-bit),VMware Photon OS 3.0,vm-1319,vm-1319,42aadf36b24beb96c0927b7426b07ff6,vcsa01.corp.example,5f3c9a8e-1b2d-4c7e-9a10-2f6b8d4e7c31
vrops-01,poweredOn,False,False,13,toolsOk,12352,12352,No,manual,False,appStatusGray,appStatusGray,,True,True,False,,,,,DC-West,Mgmt-Cluster,esx-mgmt02.corp.example,Mgmt,VMware Photon OS (64-bit),VMware Photon OS 3.0,vm-1320,vm-1320,42631962d73e7bb90f9ca17b8db8dadf,vcsa01.corp.example,5f3c9a8e-1b2d-4c7e-9a10-2f6b8d4e7c31
jump-01,poweredOn,False,False,13,toolsNotInstalled,0,12352,No,manual,False,appStatusGray,appStatusGray,,True,True,False,,,,,DC-West,Mgmt-Cluster,esx-mgmt02.corp.example,Mgmt,Microsoft Windows Server 2016 (64-bit),Microsoft Windows Server 2016 Standard,vm-1321,vm-1321,42e71c686511e61a143665f54c819260,vcsa01.corp.example,5f3c9a8e-1b2d-4c7e-9a10-2f6b8d4e7c31
jump-02,poweredOn,False,False,20,toolsOk,12352,12352,No,upgradeAtPowerCycle,False,appStatusGray,appStatusGray,,True,True,False,,,,,DC-West,Mgmt-Cluster,esx-mgmt01.corp.example,Mgmt,Microsoft Windows Server 2019 (64-bit),Microsoft Windows Server 2019 Standard,vm-1322,vm-1322,42f8dfcc2acb4fbdfbff8a7df2f5b176,vcsa01.corp.example,5f3c9a8e-1b2d-4c7e-9a10-2f6b8d4e7c31
pki-root,poweredOn,False,False,20,toolsOk,12352,12352,No,upgradeAtPowerCycle,False,appStatusGray,appStatusGray,,True,True,False,Owner: app-team,,,,DC-West,Mgmt-Cluster,esx-mgmt02.corp.example,Mgmt,Microsoft Windows Server 2019 (64-bit),Microsoft Windows Server 2019 Standard,vm-1323,vm-1323,42a091e5d2938e6eff4d093033b0fb53,vcsa01.corp.example,5f3c9a8e-1b2d-4c7e-9a10-2f6b8d4e7c31
pki-sub01,poweredOn,False,False,19,toolsOk,12352,12352,No,manual,False,appStatusGray,appStatusGray,,True,True,False,Owner: app-team,,,,DC-West,Mgmt-Cluster,esx-mgmt01.corp.example,Mgmt,Microsoft Windows Server 2019 (64-bit),Microsoft Windows Server 2019 Standard,vm-1324,vm-1324,4246b518db4bb8eb537d0bd18d536c75,vcsa01.corp.example,5f3c9a8e-1b2d-4c7e-9a10-2f6b8d4e7c31
syslog-01,poweredOn,False,False,10,toolsOld,11269,12352,Yes,manual,False,appStatusGray,appStatusGray,,True,True,False,,,,,DC-West,Mgmt-Cluster,esx-mgmt02.corp.example,Mgmt,Microsoft Windows Server 2019 (64-bit),Microsoft Windows Server 2019 Standard,vm-1325,vm-1325,42c22505952a53459682d9ff910c4cb7,vcsa01.corp.example,5f3c9a8e-1b2d-4c7e-9a10-2f6b8d4e7c31
ntp-01,poweredOn,False,False,17,toolsOk,12352,12352,No,manual,False,appStatusGray,appStatusGray,,True,True,False,,,,,DC-West,Mgmt-Cluster,esx-mgmt01.corp.example,Mgmt,Red Hat Enterprise Linux 8 (64-bit),Red Hat Enterprise Linux 8.8 (Ootpa),vm-1326,vm-1326,42620f23439e754c693016eae0bda1ee,vcsa01.corp.example,5f3c9a8e-1b2d-4c7e-9a10-2f6b8d4e7c31
dns-01,poweredOn,False,False,19,toolsOld,10346,12352,Yes,upgradeAtPowerCycle,False,appStatusGray,appStatusGray,,True,True,False,Owner: app-team,,,,DC-West,Mgmt-Cluster,esx-mgmt01.corp.example,Mgmt,Microsoft Windows Server 2019 (64-bit),Microsoft Windows Server 2019 Standard,vm-1327,vm-1327,42b193c8ae49c0799bd0d4c79e45455e,vcsa01.corp.example,5f3c9a8e-1b2d-4c7e-9a10-2f6b8d4e7c31
dns-02,poweredOn,False,False,13,toolsOk,12352,12352,No,upgradeAtPowerCycle,False,appStatusGray,appStatusGray,,True,True,False,,,,,DC-West,Mgmt-Cluster,esx-mgmt01.corp.example,Mgmt,Microsoft Windows Server 2019 (64-bit),Microsoft Windows Server 2019 Standard,vm-1328,vm-1328,42567e64052dfb9a5f584603e5a3d8e9,vcsa01.corp.example,5f3c9a8e-1b2d-4c7e-9a10-2f6b8d4e7c31
wsus-01,poweredOn,False,False,20,toolsOk,12352,12352,No,upgradeAtPowerCycle,False,appStatusGray,appStatusGray,,True,True,False,,,,,DC-West,Mgmt-Cluster,esx-mgmt02.corp.example,Mgmt,CentOS 7 (64-bit),CentOS Linux 7 (Core),vm-1329,vm-1329,422267163a5b6ac5de703b72f8f58a26,vcsa01.corp.example,5f3c9a8e-1b2d-4c7e-9a10-2f6b8d4e7c31
sccm-01,poweredOn,False,False,20,toolsOk,12352,12352,No,manual,False,appStatusGray,appStatusGray,,True,True,False,,,,,DC-West,Mgmt-Cluster,esx-mgmt02.corp.example,Mgmt,Microsoft Windows Server 2019 (64-bit),Microsoft Windows Server 2019 Standard,vm-1330,vm-1330,42711456301c8db316db80dba543148e,vcsa01.corp.example,5f3c9a8e-1b2d-4c7e-9a10-2f6b8d4e7c31
sccm-db01,poweredOn,False,False,20,toolsOld,11269,12352,Yes,manual,False,appStatusGray,appStatusGray,,True,True,False,,,,,DC-West,Mgmt-Cluster,esx-mgmt02.corp.example,Mgmt,Red Hat Enterprise Linux 8 (64-bit),Red Hat Enterprise Linux 8.8 (Ootpa),vm-1331,vm-1331,4210cc4628b26b1bca9f1d5983e8b700,vcsa01.corp.example,5f3c9a8e-1b2d-4c7e-9a10-2f6b8d4e7c31
monitor-01,poweredOn,False,False,11,toolsOld,11333,12352,Yes,manual,False,appStatusGray,appStatusGray,,True,True,False,Owner: app-team,,,,DC-West,Mgmt-Cluster,esx-mgmt01.corp.example,Mgmt,Microsoft Windows Server 2019 (64-bit),Microsoft Windows Server 2019 Standard,vm-1332,vm-1332,420cf17374d9d1f5087758043fde9814,vcsa01.corp.example,5f3c9a8e-1b2d-4c7e-9a10-2f6b8d4e7c31
backup-repo-01,poweredOn,False,False,21,toolsOk,12352,12352,No,upgradeAtPowerCycle,False,appStatusGray,appStatusGray,,True,True,False,,,,,DC-West,Mgmt-Cluster,esx-mgmt02.corp.example,Mgmt,Red Hat Enterprise Linux 9 (64-bit),Red Hat Enterprise Linux 9.2 (Plow),vm-1333,vm-1333,42ae61711fb621aeec4e8cbba2aa378c,vcsa01.corp.example,5f3c9a8e-1b2d-4c7e-9a10-2f6b8d4e7c31
kms-01,poweredOn,False,False,13,toolsOld,11333,12352,Yes,manual,False,appStatusGray,appStatusGray,,True,True,False,,,,,DC-West,Mgmt-Cluster,esx-mgmt02.corp.example,Mgmt,Microsoft Windows Server 2019 (64-bit),Microsoft Windows Server 2019 Standard,vm-1334,vm-1334,4229dc075820b3f25989dd6c8d2434f9,vcsa01.corp.example,5f3c9a8e-1b2d-4c7e-9a10-2f6b8d4e7c31
DMZ-WEB-01,poweredOn,False,False,17,toolsOld,11333,12352,Yes,upgradeAtPowerCycle,False,appStatusGray,appStatusGray,,True,True,False,,,,,DC-West,,esx-dmz01.corp.example,DMZ,Microsoft Windows Server 2008 R2 (64-bit),Microsoft Windows Server 2008 R2 Enterprise,vm-1335,vm-1335,42da940829b44cb10cb5ee5c62f5f7c2,vcsa01.corp.example,5f3c9a8e-1b2d-4c7e-9a10-2f6b8d4e7c31
DMZ-WEB-02,poweredOn,False,False,13,toolsOk,12352,12352,No,manual,False,appStatusGray,appStatusGray,,True,True,False,Owner: app-team,,,,DC-West,,esx-dmz01.corp.example,DMZ,Microsoft Windows Server 2019 (64-bit),Microsoft Windows Server 2019 Standard,vm-1336,vm-1336,420522268366663668d576b8a6ce6d7a,vcsa01.corp.example,5f3c9a8e-1b2d-4c7e-9a10-2f6b8d4e7c31
DMZ-WEB-03,poweredOn,False,False,20,toolsOk,12352,12352,No,manual,False,appStatusGray,appStatusGray,,True,True,False,,,,,DC-West,,esx-dmz01.corp.example,DMZ,Microsoft Windows Server 2016 (64-bit),Microsoft Windows Server 2016 Standard,vm-1337,vm-1337,42022aadcd0579e299e4704c2c56e0cd,vcsa01.corp.example,5f3c9a8e-1b2d-4c7e-9a10-2f6b8d4e7c31
DMZ-WEB-04,poweredOn,False,False,20,toolsOk,12352,12352,No,upgradeAtPowerCycle,False,appStatusGray,appStatusGray,,True,True,False,,,,,DC-West,,esx-dmz01.corp.example,DMZ,SUSE Linux Enterprise 15 (64-bit),SUSE Linux Enterprise Server 15 SP5,vm-1338,vm-1338,42da018d6060b1ebe53e5f4c6c7e9a2c,vcsa01.corp.example,5f3c9a8e-1b2d-4c7e-9a10-2f6b8d4e7c31
DMZ-WEB-05,poweredOn,False,False,19,toolsOk,12352,12352,No,manual,False,appStatusGray,appStatusGray,,True,True,False,,,,,DC-West,,esx-dmz01.corp.example,DMZ,Microsoft Windows Server 2016 or later (64-bit),Microsoft Windows Server 2022 Datacenter,vm-1339,vm-1339,4201e1871a31204495a0f35665abc9ff,vcsa01.corp.example,5f3c9a8e-1b2d-4c7e-9a10-2f6b8d4e7c31
DMZ-WEB-06,poweredOn,False,False,21,toolsOk,12352,12352,No,upgradeAtPowerCycle,False,appStatusGray,appStatusGray,,True,True,False,Owner: app-team,,,,DC-West,,esx-dmz01.corp.example,DMZ,Microsoft Windows Server 2012 (64-bit),Microsoft Windows Server 2012 R2 Standard,vm-1340,vm-1340,427b53351bacbd0daf35b30b4c68eb17,vcsa01.corp.example,5f3c9a8e-1b2d-4c7e-9a10-2f6b8d4e7c31
DMZ-WEB-07,poweredOn,False,False,20,toolsOk,12352,12352,No,manual,False,appStatusGray,appStatusGray,,True,True,False,,,,,DC-West,,esx-dmz01.corp.example,DMZ,CentOS 7 (64-bit),CentOS Linux 7 (Core),vm-1341,vm-1341,42a6c681e4729be5f3c2944ab60a3dcc,vcsa01.corp.example,5f3c9a8e-1b2d-4c7e-9a10-2f6b8d4e7c31
DMZ-WEB-08,poweredOn,False,False,20,toolsOk,12352,12352,No,manual,False,appStatusGray,appStatusGray,,True,True,False,Owner: app-team,,,,DC-West,,esx-dmz01.corp.example,DMZ,Microsoft Windows Server 2019 (64-bit),Microsoft Windows Server 2019 Standard,vm-1342,vm-1342,42ae460251d05ef3a91883fc6772fe9f,vcsa01.corp.example,5f3c9a8e-1b2d-4c7e-9a10-2f6b8d4e7c31
TPL-WS2022,poweredOff,True,False,20,toolsNotRunning,12320,12352,No,upgradeAtPowerCycle,False,appStatusGray,appStatusGray,,False,True,False,,,,,DC-East,Prod-Cluster,esx-prod03.corp.example,Templates,Microsoft Windows Server 2016 or later (64-bit),,vm-1343,vm-1343,426793cb6b271effe82b5b364269c28c,vcsa01.corp.example,5f3c9a8e-1b2d-4c7e-9a10-2f6b8d4e7c31
TPL-WS2019,poweredOff,True,False,14,toolsNotRunning,12320,12352,No,manual,False,appStatusGray,appStatusGray,,False,True,False,,,,,DC-East,Prod-Cluster,esx-prod05.corp.example,Templates,Microsoft Windows Server 2019 (64-bit),,vm-1344,vm-1344,42b9ff2c57d9cbb0309e47bad0e656e5,vcsa01.corp.example,5f3c9a8e-1b2d-4c7e-9a10-2f6b8d4e7c31
TPL-RHEL9,poweredOff,True,False,19,toolsNotRunning,12320,12352,No,upgradeAtPowerCycle,False,appStatusGray,appStatusGray,,False,True,False,,,,,DC-East,Prod-Cluster,esx-prod04.corp.example,Templates,Red Hat Enterprise Linux 9 (64-bit),,vm-1345,vm-1345,425bc677abff9286f0cf9d73e8121ef0,vcsa01.corp.example,5f3c9a8e-1b2d-4c7e-9a10-2f6b8d4e7c31
TPL-UBU2204,poweredOff,True,False,20,toolsNotRunning,12320,12352,No,upgradeAtPowerCycle,False,appStatusGray,appStatusGray,,False,True,False,,,,,DC-East,Prod-Cluster,esx-prod05.corp.example,Templates,Ubuntu Linux (64-bit),,vm-1346,vm-1346,4278851818fc83b74b356e9a2e5eeb6a,vcsa01.corp.example,5f3c9a8e-1b2d-4c7e-9a10-2f6b8d4e7c31
TPL-WS2012R2,poweredOff,True,False,14,toolsNotRunning,12320,12352,No,manual,False,appStatusGray,appStatusGray,,False,True,False,,,,,DC-East,Prod-Cluster,esx-prod05.corp.example,Templates,Microsoft Windows Server 2012 (64-bit),,vm-1347,vm-1347,42f269922edd9141e9a1c6d5c34e9baf,vcsa01.corp.example,5f3c9a8e-1b2d-4c7e-9a10-2f6b8d4e7c31
TPL-CENTOS7,poweredOff,True,False,20,toolsNotRunning,12320,12352,No,manual,False,appStatusGray,appStatusGray,,False,True,False,,,,,DC-East,Prod-Cluster,esx-prod02.corp.example,Templates,CentOS 7 (64-bit),,vm-1348,vm-1348,42df162ebe848aa2392c04da5af3da5a,vcsa01.corp.example,5f3c9a8e-1b2d-4c7e-9a10-2f6b8d4e7c31
PRD-SQL-BIG01,poweredOn,False,False,13,toolsOk,12352,12352,No,manual,False,appStatusGray,appStatusGray,,True,True,False,Owner: app-team,,,,DC-East,Prod-Cluster,esx-prod03.corp.example,Prod,Microsoft Windows Server 2019 (64-bit),Microsoft Windows Server 2019 Standard,vm-1349,vm-1349,4276b9044b46ef3395e7f61442b40281,vcsa01.corp.example,5f3c9a8e-1b2d-4c7e-9a10-2f6b8d4e7c31
PRD-ANALYTICS01,poweredOn,False,False,17,toolsOk,12352,12352,No,manual,False,appStatusGray,appStatusGray,,True,True,False,,,,,DC-East,Prod-Cluster,esx-prod02.corp.example,Prod,Red Hat Enterprise Linux 8 (64-bit),Red Hat Enterprise Linux 8.8 (Ootpa),vm-1350,vm-1350,42f1bdb5948f664a9565257ba267d32f,vcsa01.corp.example,5f3c9a8e-1b2d-4c7e-9a10-2f6b8d4e7c31
DEV-BUILD-MONSTER,poweredOn,False,False,19,toolsOk,12352,12352,No,manual,False,appStatusGray,appStatusGray,,True,True,False,Owner: app-team,,,,DC-East,Dev-Cluster,esx-dev01.corp.example,Dev,Ubuntu Linux (64-bit),Ubuntu 22.04.4 LTS,vm-1351,vm-1351,4261b512ae423568de14553b1eac41d9,vcsa01.corp.example,5f3c9a8e-1b2d-4c7e-9a10-2f6b8d4e7c31
PRD-APP-LEGACYOS,poweredOn,False,False,9,toolsOk,12352,12352,No,upgradeAtPowerCycle,False,appStatusGray,appStatusGray,,True,True,False,,,,,DC-East,Prod-Cluster,esx-prod01.corp.example,Prod,Microsoft Windows Server 2016 (64-bit),Microsoft Windows Server 2019 Datacenter,vm-1352,vm-1352,4268c0cb57b936b03346a332fe0a824e,vcsa01.corp.example,5f3c9a8e-1b2d-4c7e-9a10-2f6b8d4e7c31
PRD-APP-001,poweredOff,False,False,17,toolsNotRunning,12320,12352,No,upgradeAtPowerCycle,False,appStatusGray,appStatusGray,,False,True,False,,,,,DC-East,Prod-Cluster,esx-prod05.corp.example,Prod,Microsoft Windows Server 2019 (64-bit),,vm-1353,vm-1353,42c4c9396334fca6d04f0a710ef473a2,vcsa01.corp.example,5f3c9a8e-1b2d-4c7e-9a10-2f6b8d4e7c31
